created_at,LT (M2),LB (M2),KT,KM,garasi,carport,lokasi,sertifikat,listrik,hadap,harga,URL,Deskripsi 
06-12-2021,210,120,3,2,,3,Denpasar ,SHM,3500,Utara,1550000000,https://www.rumah123.com/properti/denpasar/hos9291027/,"Lokasi sangat strategis,lingkungan tenang,aman n nyaman, 150m dari jln utama Gatsu Barat, 100m dari kolam renang Dharmapala, 500m dari SDK Kalam Kudus, 500m dari supermarket Tiara Gatsu n pom bensin.Jg Ace Hardware, Harga bs nego owner lgsg"
06-12-2021,300,280,3,2,1,1,Denpasar,SHM,7700,,4000000000,https://www.rumah123.com/properti/denpasar/hos9233227/,"Luas Tanah 300m2,Luas banguna 280m2, 3 kamar tidur,2 kamar mandi,Ruang tamu,Ruang keluarga,Dapur,Mini Bar,Pool di lantai 2,1 kamar pembantu,1 k. Mandi Pembantu,Garase Mobil,Semi furnish,Listrik 7700 kWH,SHM & IMB 2019,Akses jalan 4 mtr"
06-12-2021,300,280,6,6,1,1,Denpasar,SHM,5500,Timur,6500000000,https://www.rumah123.com/properti/denpasar/hos9233298/,"Luas tanah 300 M2,luas bangunan 280 m²,kamar tidur 6,kamar mandi 6,kamar pembantu 1,kamar mandi 1,ruang tamu,dapur,hadap timur,halaman,pool,garase,listrik 5500 Watt,sumber air sumur bor,SHM imb lengkap,akses jalan 4 mtr,harga 6.5M nego langsung pemilik"
06-12-2021,304,180,3,2,1,1,Denpasar,SHM,4400,,3000000000,https://www.rumah123.com/properti/denpasar/hos9233335/,Di Jual Cepaat dan Murah dengan Sweet Garden Lokasi di SANURLuas tanah 304 m2Luas Bangunan180m23 bed room2 bathroomOpen Living n DiningPantrySwimming Pool 3 X 13 Carport 1 mobil + motorR Service (km pembantu & km mandi)Londry roomSHM IMB lengkapHarga 3M
06-12-2021,186,280,3,3,3,3,Denpasar,SHM,3300,,3500000000,https://www.rumah123.com/properti/denpasar/hos9233490/,"Luas tanah 186m2,luas bangunan 280m2,3 kamar tidur (Lantai atas),2 kamar mandi,lantai bawah ""Salon"",garase,carport,IMB 1994,hadap Utara,akses jalan 8 meter,SHM,listrik 3300watt, harga 3,5 M Nego"
06-12-2021,150,100,2,2,1,1,Denpasar,SHM,2200,,1300000000,https://www.rumah123.com/properti/denpasar/hos9233443/,"Di Jual Rumah berada di Lingkungan yang Rapi dan Bersih Lokasi di Sanur,luas tanah 150m2,luas bangunan 100m2,2 kamar tidur,2 kamar mandi,ruang tamu,garase,listrik 2200watt,garase,SHM,akses jalan 6 meter,harga 1,3M"
06-12-2021,100,120,3,2,,,Denpasar,SHM,,,1300000000,https://www.rumah123.com/properti/denpasar/hos9290833/,"Rumah dijual lokasi pulau moyo pedungan denpasar selatan,luas tanah 100 m2,luas bangunan 120 m2,kamar tidur 3,kamar mandi 2,garasi,akses jalan 5 meter,harga 1,3 miliar"
06-12-2021,325,300,6,4,,,Denpasar,SHM,3300,,3000000000,https://www.rumah123.com/properti/denpasar/hos9233226/,"Luas tanah 325 m2, Luas bangunan 300 m2, Kamar tidur 9, Kamar mandi 4, Ruang tamu, Dapur, Garase, Halaman, Listrik 3500 watt, Sumber air sumur bor, Akses jl 6 mtr, Harga 3 M nego langsung pemilik"
06-12-2021,106,104,3,2,,,Denpasar,SHM,5500,,1150000000,https://www.rumah123.com/properti/denpasar/hos9290618/,"Luas Tanah 106 m2,luas Bangunan 104 m2,akses Jalan 5 meter (bisa pas-pasan 2 mobil),ada rooftop di lantai 3,lokasi nyaman di Perumahan,AC,garasi dan carport,Lantai 1 : 1 kamar tidur,1 kamar mandi,Dapur,Ruang makan,Ruang keluarga,Lantai 2 : 2 kamar tidur,1 kamar mandi,Ruang jemur,Lantai 3 : Rooftop,Taman,Tempat sembayang,Air PAM"
06-12-2021,300,120,2,2,,,Denpasar,SHM,2200,,2200000000,https://www.rumah123.com/properti/denpasar/hos9290380/,"2 menit ke Poltekkes Denpasar,2 menit ke SMAN 5 Denpasar,6 menit ke McDonald’s Sesetan,13 menit ke Plaza Renon,16 menit ke Rumah Sakit Umum Pusat Sanglah,luas Tanah: 300 m,luas Bangunan: 120 m2,bangunan 1 Lantai,kamar Tidur 2,kamar Mandi 2,listrik: 2,200 Watt,air Pompa,harga Sewa: 45 Juta/tahun *Minimal sewa 2 tahun, harga Jual: 2.200M"
06-12-2021,200,300,4,3,,,Denpasar,SHM,7700,,3500000000,https://www.rumah123.com/properti/denpasar/hos9289842/,"3 menit ke Plaza Renon,4 menit ke Lapangan Puputan Renon,6 menit ke Bali Royal Hospital,8 menit ke Universitas Udayana Kampus Sudirman, luas Tanah: 200 m2,luas Bangunan: 300 m2,bangunan 2 Lantai,4 Kamar Tidur + 1 Kamar Tidur Pembantu,3 Kamar Mandi + 1 Kamar,mandi Pembantu,Listrik: 7,700 Watt,Unfurnished,harga Jual: 3.500M"
06-12-2021,305,580,4,3,,,Denpasar,SHM,4400,,4800000000,https://www.rumah123.com/properti/denpasar/hos9290093/,"Rumah Dijual Denpasar Berada di area Perumahan: fasilitas rumah,ruang keluarga,dining room,dapur,garasi 3 mobil, 5 menitan jalan kaki ke Raya Imam Bonjol, 4 km ke Simpan 6 Teuku Umar, 7 km ke Internasional Airport I Gusti Ngurah Rai"
06-12-2021,100,75,3,3,,1,Denpasar,SHM,3500,,1600000000,https://www.rumah123.com/properti/denpasar/hos9275308/,"Luas tanah 100m2, luas bangunan 75, fasilitas : KM 3,KT 3,Ruang tamu,Dapur,Carport,Garden, Air ( PDAM ), Letak dikawasan yang strategis daerah Renon,Diarea perumahan, pembelanjaan dan olahraga, Akses one gate"
06-12-2021,120,80,3,1,,1,Denpasar ,SHM,1300,Utara,950000000,https://www.rumah123.com/properti/denpasar/hos9288441/,"Dijual Rumah siap huni: 1 Lantai 3 Kamar tidur,Halaman depan luas,Halaman belakang masih terbuka,Sirkulasi udara sangat bagus dan sejuk,Lokasi sangat strategis dan tidak banjir,3 Menit ke Supermarket dan ATM,5 Menit ke pasar,5 Menit ke SPBU,5 Menit ke Soputan Fresh,7 Menit ke Imam Bonjol,15 Menit ke Pantai Double Six Seminyak,15 Menit ke Pantai Seminyak,17 Menit ke Pantai Petitenget"
06-12-2021,250,250,6,6,,,Denpasar,SHM,4400,,2500000000,https://www.rumah123.com/properti/denpasar/hos9288970/,"Rumah Dijual Denpasar Dijual,Rumah mewah yang lokasinya strategis di Ubung denpasar,hanya 3 menit ke Citraland waterpark, Pintu utama menghadap ke Barat, Pintu samping menghadap ke selatan, 1 master bedroom ( ada bathtub ), 5 standard room,semua kamar tidur dilengkapi dengan toilet"
06-12-2021,105,110,2,3,,1,Denpasar ,SHM,3500,,2660000000,https://www.rumah123.com/properti/denpasar/hos9288244/,"Perumahan cluster dengan desain modern tropical yang terintegrasi dengan commercial center.Dengan berbagai fasilitas di dalam cluster seperti Pura,commercial center,club house,estate management office,bicycle lanes dll., Dekat dengan berbagai fasilitas umum : 5 menit ke Dharma Yadnya Hospital, 5 menit ke Bali Zoo, 10 menit ke Sanur Beach, 10 menit ke Grand Lucky Supermarket, 25 menit ke Ubud, 30 menit ke Ngurah Rai Airport"
06-12-2021,200,289,3,6,,,Denpasar,SHM,2200,,2800000000,https://www.rumah123.com/properti/denpasar/hos9287309/,"Rumah Dijual Denpasar Dijual Rumah Tinggal 2 Lantai Dengan Kolam Renang Pribadi Lokasi Kawasan Elite Renon Denpasar : Lokasi Premium Pusat Kota Renon Denpasar Bali, Dekat dengan Pusat Pemerintahan, Kantor Konsulat, Perkantoran , 500 mtr ke RS BROS (Bali Royal Hospital), Hanya 3 menit (1km) ke Lapangan Renon, 5 menit ke Mall Plaza Renon Bali, 15 menit ke Pantai Sanur Bali ; Luas Tanah 200 m2 (2 are), Luas Bangunan 289 m2, Akses jalan 4 meter, Kamar Tidur 3, Kamar Mandi 6, Dapur dan Kitchen Set, Ruang Tamu, Ruang Keluarga, Ruang cuci dan jemur, Balkon, Garasi 1 mobil, Kolam Renang, 3 buah AC, CCTV, Telpon rumah ,Speedy( Indihome), Air PDAM, listrik 2200 watt, SHM&IMB Lengkap, Turun Harga dari 3.2M ke Harga 2.8M"
06-12-2021,100,85,2,2,,,Denpasar ,SHM,2200,,700000000,https://www.rumah123.com/properti/denpasar/hos9287295/,"Rumah Dijual Denpasar DIJUAL RUMAH BARU MINIMALIS HARGA BERSAHABAT; Lokasi : Pemogan, Denpasar Selatan; Type 85/100m² : 2 Kamar tidur, 2 Kamar mandi, 1 Ruang belakang, 1 Dapur, 1 Ruang tamu/keluarga, 1 Garase, PLN 2200 watt, Air sumur borr, Pintu Kayu Jati, Jalan bisa papasan mobil, Harga IDR 700,000,000,- nego"
06-12-2021,100,120,3,2,1,1,Denpasar,SHM,1300,Timur,1300000000,https://www.rumah123.com/properti/denpasar/hos9286986/,"JUAL RUMAH BARU GRESS VIEW SAWAH PULAU MOYO DENPASAR SELATAN; BANGUNAN LANTAI 2; MINIMALIS MODERN; LOKASI DEKAT JALAN TOL BENOA , SESETAN & PESANGGARAN: LUAS TANAH 100m², LUAS BANGUNAN ± 120m², KAMAR TIDUR 3, KAMAR MANDI 2, HADAP TIMUR, AIR SUMUR BOR, LISTRIK 1300 watt,AKSES JALAN 5 METER, BALKON, GARASI MOBIL, HADAP TIMUR, SHM IMB LENGKAP, HARGA 1,3 MILYAR NEGO"
06-12-2021,344,350,5,5,4,4,Denpasar,SHM,5500,,4000000000,https://www.rumah123.com/properti/denpasar/hos9233228/,"Luas Tanah 344 m2, luas Bangunan 350 m2, 5 Kamar tidur, 5 Kamar mandi, Ruang Tamu, Ruang Keluarga, Gudang, Dapur + Furniture, Ruang makan, Kolam renang, Gasebo, Garase untuk 4 mobil, Akses jalan 6 meter, SHM + IMB, Lokasi Sidakarya, dekat ke renon, sanur, by pass ida ngurah rai, sesetan"
06-12-2021,400,320,3,2,2,2,Badung,SHM,6600,,2800000000,https://www.rumah.com/listing-properti/dijual-rumah-style-villa-super-buc-siapa-cepat-dia-dapat-di-jimbaran-badung-bali-oleh-agung-gandhy-19273904,"Lokasi strategis, halaman luas. Dijual Rumah Taman Griya."
06-12-2021,350,100,2,3,2,2,Denpasar,SHM,2200,,4500000000,https://www.rumah.com/listing-properti/dijual-rumah-dijual-oleh-kadeknick-19149386,Dijual Rumah Lantai 1 Style Bali area Buluh indah Denpasar Bali
06-12-2021,100,140,3,3,1,1,Denpasar,SHM,5500,Timur,1600000000,https://www.rumah.com/listing-properti/dijual-rumah-dijual-oleh-kadeknick-19232509,Dijual Rumah Style Minimalis di Komplek Perumahan. Lokasi di komplek perumahan pancoran residence. Lokasi mudah di jangkau karna bisa masuk dari jalan tukad batanghari.
06-12-2021,100,60,3,2,1,1,Badung,SHM,1300,,750000000,https://www.rumah.com/listing-properti/dijual-rumah-dijual-oleh-kadeknick-19395385,Dijual Rumah Baru Gress Lantai 1 Minimalis Area Abianbase Buduk. Bali
06-12-2021,100,120,3,3,,1,Denpasar,SHM,2200,Timur,1299000000,https://www.rumah.com/listing-properti/dijual-1-unit-rumah-tipe-besar-di-gatsu-denpadar-barat-oleh-ida-bagus-putra-ardianta-18352760,"Sisa 1 unit tterakhir tipe BESAR dengan bangunan 120/100 siap bangun. 1 menit ke MCD dan KFC gatsu barat, 2 menit ke polresta denpasar, 7 menit ke canggu, 5 menit ke jalan mahendradata."
06-12-2021,57,70,2,2,,1,Denpasar,SHM,2200,Barat,699000000,https://www.rumah.com/listing-properti/dijual-pusat-kota-denpasar-town-house-bangunan-luas-ga-sempit-dekat-tengku-umar-sesetan-oleh-ida-bagus-putra-ardianta-17626504,"Hunia luas lega berkelas style villa di kota denpasar, tepatnya di jalan pulau singkep,pedungan denpasar selatan"
06-12-2021,104,110,3,2,1,1,Badung,SHM,2200,Selatan,1200000000, https://www.rumah.com/listing-properti/dijual-rumah-dijual-oleh-kadeknick-19191653,"Dijual Rumah Lantai 2 Modern Minimalis Full Furnish. Lokasi Abianbase .Dalung ,Badung Bali"
06-12-2021,100,150,4,2,,1,Denpasar,SHM,2200,,1650000000,https://www.rumah.com/listing-properti/dijual-rumah-dijual-design-menarik-tenang-dan-nyaman-jfs-oleh-brigita-19394207,"Rumah 2 Lantai dengan Design Menarik dan Semi Furnished. 15 menit ke lapangan Puputan Renon, 15 menit ke Internasional bandara Ngurah Rai, 15 menit ke Pantai Kuta. "
06-12-2021,147,100,2,2,,,Badung,SHM,1300,,1900000000,https://www.rumah.com/listing-properti/dijual-rumah-asri-jimbaran-badung-terrace-mumbul-bali-htob-oleh-brigita-19394146,"Rumah Asri Di jimbaran Bali 5 Menit dari Tol Nusa Dua. Dekat tol, 5 menit TOL NUSA DUA. 25 menit ke GWK. 20 menit ke AIR PORT. 20menit ke TANJUNG BENOA. 15 meit ke BTDC. Ada kolam renang, FULL FURNISH. "
06-12-2021,180,120,3,2,,3,Denpasar,SHM,3500,Utara,1500000000,https://www.rumah.com/listing-properti/dijual-rumah-luas-dijual-dekat-smk-parada-denpasar-bali-mdo-oleh-brigita-19394234,Rumah Luas dijual di dekat Sekolah Denpasara
06-12-2021,156,192,3,4,1,,Badung,SHM,4400,Selatan,1800000000,https://www.rumah.com/listing-properti/dijual-rumah-murah-fully-furnished-one-gate-di-mumbul-fhcg-oleh-brigita-19394267,Dijual Rumah Murah Luas Fully Furnished di Mumbul Balui. One gate system + security. Suasana tenang dan nyaman dengan view GWK. Dijamin bebas banjir. Jarak masuk tol bali mandara 5 menit. Airport ngurah rai 20 menit. Pantai pandawa 15 menit. Pantai melasti 15 menit. GWK 15 menit 
06-12-2021,200,135,3,3,,,Denpasar,SHM,2200,,4500000000,https://www.rumah.com/listing-properti/dijual-rumah-strategis-siap-huni-sudah-renov-dtdw-oleh-brigita-19394301,Lokasi sangat strategis Perumahan persis di seberang Trans Studio Mall. One Gate System 24 Jam Security. Jalan Aspal Lebar 8 m bisa buat Jogging. Lingkungan Sangat Nyaman 
06-12-2021,95,143,2,2,,1,Badung,SHM,4400,,1625000000,https://www.rumah.com/listing-properti/dijual-rumah-dijual-jl-pantai-pandawa-badung-mda-fsb-oleh-brigita-19394295,"Rumah baru style villa dekat PANTAI PANDAWA JIMBARAN - BALI. Dekat :Pantai Pandawa & Melasti 3 menit, GWK Bali 10 menit, Pantai Kuta 20 menit."
06-12-2021,100,122,4,4,,2,Badung,SHM,2200,Timur,2800000000,https://www.rumah.com/listing-properti/dijual-rumah-modern-dan-nyaman-lokasi-strategis-rnb-oleh-brigita-19394368,"Dijual rumah baru Sunset Road, Kuta. Lokasi sangat strategis : 10 menit ke Airport, 6 menit ke Pia Legong, 5 menit ke Sushi Tei, 5 menit ke Grand Lucky Supermarket, 5 menit ke Papaya (Supermarket Japan), 4 menit ke Mall Bali Galleria, 4 menit ke Siloam Hospital, 2 menit ke Carrefour Supermarket "
06-12-2021,135,200,5,3,1,1,Denpasar,SHM,5500,Barat,1900000000,https://www.rumah.com/listing-properti/dijual-rumah-dua-lantai-di-mertasari-denpasar-mdo-oleh-brigita-19394803,"Rumah Dua Lantai Fully Furnished. lokasi strategis dekat pet shop, dekat toko bangunan, dekat bakso premium, dekat kantor brighton sunrise. "
06-12-2021,70,60,3,2,,,Badung,SHM,1300,,850000000,https://www.rumah.com/listing-properti/dijual-rumah-minimalis-di-jimbaran-nusa-dua-bali-ncn-oleh-brigita-19394046,"Dijual Rumah Minimalis 2 Lantai Di Jimbaran, Nusa Dua Bali"
06-12-2021,123,140,3,4,,2,Denpasar,SHM,2200,,2300000000,https://www.rumah.com/listing-properti/dijual-rumah-2-lantai-furnished-di-komplek-perumahan-elite-denpasar-selatan-bali-psh-oleh-brigita-19393999,Rumah 2 Lantai Furnished Di Perumahan Elite Denpasar Selatan Bali. Akses 6 meter Paving Komplek Perumahan Elite. One Gate Systems (sistem kunci).
06-12-2021,76,110,3,3,,,Denpasar,SHM,2200,,850000000,https://www.rumah.com/listing-properti/dijual-rumah-dijual-sesetan-bali-bpd-oleh-brigita-19394024,"Rumah di Sesetan Denpasar Bali. Dijual rumah sangat BUC, are rumah sangat sunyi, ada view sawah, dengan suasana sejuk, di jual karena owner banyak punya rumah, dan supaya ada orng beli."
06-12-2021,125,84,2,2,2,2,Denpasar,SHM,2200,Selatan,1100000000,https://www.rumah.com/listing-properti/dijual-komang-bali-oleh-putri-19391060,"Di jual rumah minimalis, letak strategis."
30-11-2021,111,70,3,2,,1,Denpasar,SHM,2200,Selatan,875000000,https://www.lamudi.co.id/turun-harga-rumah-minimalis-murah-papasan-mobil-di-kerta-dalem-denpasar.html,"Dijual rumah 1 lantai di KertaDalem, sidakarya-Denpasar Selatan"
06-12-2021,150,115,3,2,,,Denpasar,SHM,4400,Timur,1450000000,https://www.rumah123.com/properti/denpasar/hos8906231/,"Rumah minimalis area Sanur. Lokasi Pengiyasan Sanur,Kondisi kosongan"
06-12-2021,78,87,3,2,,1,Badung,SHM,2200,Selatan,990000000,https://www.rumah123.com/properti/badung/hos9290469/,"Rumah 2 lantai Jimbaran Badung Bali, Lingkungan perumahan jalan paping nyaman asri dan bebas banjir
10 menit menuju Bandara International I Gusti Ngurah Rai
Dekat dengan objek wisata GWK, dan dekat dengan fasilitas umum lainnya seperti Supermarket, Sekolah, dll"
03-12-2021,65,60,2,3,,1,Denpasar,SHM,1300,Timur,875000000,https://www.rumah123.com/properti/denpasar/hos9276813/,"Rumah Minimalis Harga Ekonomis Kawasan Villa Residence di Sanur, Denpasar dekat Renon"
06-12-2021,120,50,2,1,1,1,Tabanan,SHM,1300,Utara,400000000,https://www.rumah123.com/properti/tabanan/hos9272669/,"Di Jual CEPAT :
Rumah baru minimalis lantai 1 yg berlokasi di Jln. Garuda Kediri Tabanan Bali Indonesia"
18-11-2021,171,150,3,3,,1,Denpasar,SHM,3500,Utara,1700000000,https://www.lamudi.co.id/dijual-rumah-siap-huni-gatsu-barat.html,"DIJUAL RUMAH KAWASAN GATSU BARAT DENPASAR
JALAN GUNUNG SARI"
05-12-2021,65,45,2,1,1,1,Gianyar,SHM,1300,Utara,450000000,https://www.rumah123.com/properti/gianyar/hos9283489/,RUMAH MINIMALIS SIAP HUNI TERBARU DI DESA CELUK SUKAWATI
04-12-2021,147,80,3,2,,1,Denpasar,SHM,2200,Utara,160000000,https://www.rumah123/.com/properti/denpasar/hos9283389/,RUMAH VIEW LAUT 7 MENIT DARI PLAZA RENON
03-12-2021,170,200,3,3,,1,Badung,SHM,2200,Selatan,1850000000,https://www.rumah123.com/properti/badung/hos9277525/,"Dijual Rumah Kedonganan Bali, Jl. Uluwatu gang soka no. 89, kelan, kedonganan"
03-12-2021,147,80,3,2,,1,Denpasar,SHM,1300,,1600000000,https://www.rumah123.com/properti/denpasar/hos9277636/,PERUMAHAN MEWAH VIEW LAUT LOKASI STRATEGIS DEKAT PANTAI DI BALI
03-12-2021,7,50,4,2,,,Denpasar,SHM,1300,Utara,700000000,https://www.rumah123.com/properti/denpasar/hos9278734/,"Rumah Murah Jalan Merpati Monang Maning,Dijual rumah murah, area rame penduduk, lokasi Jlaan Merpati Monang Maning Denpasar, cocok untuk jual sembako, luas tanah 70m2, luas bangunan 50m2, lebar jalan 3 meter, listrik 1300 watt, PDAM, view menghadap ke utara,Harga Rp 700 juta nego,Jarak Destinasi terdekat,10 menit ke Kota Denpasar,3 menit ke Lapangan Kompyang Sujana,8 menit ke SMAN 4 Denpasar "
04-12-2021,125,160,4,2,1,1,Denpasar,SHM,3500,Selatan,1900000000,https://www.rumah123.com/properti/denpasar/hos9278803/,Rumah Minimalis di Kota Denpasar
04-12-2021,300,220,2,2,,,Gianyar,SHM,1300,,1750000000,https://www.rumah123.com/properti/gianyar/hos9278910/,"Dijual murah Ruamah second lantai 2 dengan luas 300m2 di Daerah Pariwisata Ubud, dengan lingkungan villa di sekelilingnya. Lokasi ini sangat dekat dengan beberapa objek pariwisata seperti, Ceking rice terrace, Pura tirta empul dan beberapa atraksi pariwisata seperti, wisata naik Gajah dan wisata arum jeram. Lokasi rumah ini sangat nyaman dengan suasana alam yg sangat kental. Tunggu apa lagi, silahkan lakukan transaksi sekarang mumpung harga masih suasana covid, dan harga ini sewaktu2 akan bisa naik ketika suasana menjadi normal."
04-12-2021,100,115,3,2,1,1,Gianyar,SHM,1300,Utara,825000000,https://www.rumah123.com/properti/gianyar/hos9280912/,Sedang dibangun rumah lantai 2 luas 100M2 di Batu Bulan
04-12-2021,62,36,2,1,,1,Denpasar,SHM,1300,,450000000,https://www.rumah123.com/properti/denpasar/hos9281980/,"Rumah termurah di Denpasar harga 400 jutaan, Unit rumah paling murah di Denpasar lokasi strategis di perkotaan dekat dengan pusat perbelanjaan dan fasilitas publik, segera miliki rumah termurah di denpasar harga 400 jutaan.
"
04-12-2021,113,160,4,3,,1,Badung,SHM,5500,,2700000000,https://www.rumah123.com/properti/badung/hos9283379/,"Rumah siap huni 9 menit ke Pantai Jimbaran, 
Rumah siap huni fully furnished di Jimbaran. Dijual rumah 2 lantai di Jimbaran. Lokasi 9 menit ke Pantai Jimbaran. Akses jalan lebar. Kawasan perumahan elite Harvestland. Rumah murah 2 lantai di kawasan perumahan elite Jimabaran. Harga murah"
04-12-2021,147,80,3,2,,1,Denpasar,SHM,2200,Utara,1600000000,https://www.rumah123.com/properti/denpasar/hos9283389/,"Rumah view laut 7 menit dari plaza renon,  Rumah 2 lantai Termurah di Sanur. Lokasi hanya 7 menit dari Plaza Renon. Perumahan mewah harga termurah dengan view Laut di Bali. Dijual rumah baru 2 lantai di Sanur. Beli sekarang selama harga promo.Harga sudah termasuk semua biaya."
05-12-2021,640,350,4,4,5,5,Denpasar,SHM,4400,Utara,6000000000,https://www.rumah123.com/properti/denpasar/hos9283498/,"DIJUAL RUMAH NYAMAN & MODERN DI DENPASAR,Lokasi: Cargo-Denpasar Utara"
10-11-2021,60,65,3,2,,1,Denpasar,SHM,1300,Selatan,600000000,https://www.lamudi.co.id/jual-rumah-3-kamar-area-pantai-sanur-kertalangu-denpasar-timur-bali.html,"Sisa 1 Unit lokasi dekat pantai Biaung & Sanur
Rumah Tingkat Exclusive Dekat Pantai Biaung
Murah Startegis NYaman Aman Modern Berkualitas
Sandat Biaung Residence
Jl Pucuk Bang Gg Uma Anyar Biaung Kesiman Denpasar Timur Bali  "
23-11-2021,60,75,3,2,,1,Denpasar,SHM,2200,Utara,825000000,https://www.lamudi.co.id/rumah-baru-denpasar-selatan-free-semua-biaya-dari-pembeli.html,"Rumah baru inden modern desain di Pamogan,  Denpasar Selatan,  lokasi rumah ada di pojok timur kawasan perumahan di Jalan Mekar Pemogan, masuk dr jalan raya utama pemogan kurleb 7 menit sampai di lokasi.Baru masuk dr jalan raya utama, kawasan sudah banyak perumahan warga, karena mmg area disini sangat strategis kemana mana, apalagi dekat dg airport dan Kuta - Namun ketika sampai di lokasi 3 unit yang ditawarkan diatas, anda akan mendapati pemandangan yang sangat Hijau, nyaman, dan masih sepi sehingga sangat pas buat tempat tinggal anda.Berbatasan langsung dg sawah sawah luas dan ada jogging track juga."
04-12-2021,128,120,3,3,,,Badung,SHM,4400,,2400000000,https://www.rumah.com/listing-properti/dijual-di-jual-rumah-di-sunset-road-kuta-oleh-i-komang-udiana-19329780,"Belakang Rs Siloam Sunset road. Miliki Hunian Premium di Pusat Kota di Kelilingi Fasilitas Pendidikan,Mall Dan Rumah Sakit. Berada di Kawasan objek wisata Kuta, Seminyak dan Canggu.yang memiliki nilai investasi yang sangat menjanjikan."
03-12-2021,36,100,2,1,,1,Gianyar,SHM,1300,,300000000,https://www.rumah.com/listing-properti/dijual-dijual-rumah-minimalis-di-gianyar-tabanan-bali-oleh-rani-pratiwi-19035694,"Dijual rumah minimalis ekonomis di daerah Gianyar, Tabanan, Bali. Harga murah meriah. Lingkungan asri dan nyaman, beberapa ada yang view sawah. Unit terbatas"
07-12-2021,210,180,3,3,,1,Badung,SHM,2200,,5500000000,https://www.rumah.com/listing-properti/dijual-do-065-dijual-rumah-di-kawasan-sunset-road-yang-strategis-oleh-ngurah-j%C3%B3el-19250637,"Dekat ke Canggu/ seminyak/ tuban dan sekitarnya. Central ke obyek wisata utara, central dan selatan badung, Bali"
07-12-2021,150,250,3,3,,1,Denpasar,SHM,3500,,3000000000,https://www.rumah.com/listing-properti/dijual-do-08-dijual-rumah-mewah-berlokasi-di-pusat-kota-denpasar-oleh-ngurah-j%C3%B3el-18563737,Dekat dengan pusat pemerintahan dan berletak di pusat kota denpasar
07-12-2021,105,100,4,3,,1,Badung,SHM,2200,,1350000000,https://www.rumah.com/listing-properti/dijual-do-022-dijual-rumah-di-kawasan-perumahan-eksklusif-nusa-dua-dan-aman-oleh-ngurah-j%C3%B3el-18627997,Perumahan eksklusif di Jl raya Kampial Nusa Dua dengan akses perumahan yang lebar dan dekat ke fasilitas dan tempat pariwisata.
07/12/2021,225,400,5,4,,,Denpasar,SHM,7700,,3750000000,https://www.rumahku.com/p/RZ7RT048/rumah-dijual-pedungan-denpasar-80222,"Jual RUMAH PEDUNGAN DENPASAR, BALI, JL NUANSA KORI UTAMA PEDUNGAN DENPASAR BALI"
07/12/2021,200,191,4,3,,,Denpasar,SHM,3500,,3300000000,https://www.rumahku.com/p/RZ7RT045/rumah-dijual-dangin-puri-denpasar-80232,"Jual RUMAH DENPASAR BARAT DENPASAR, BALI, TUKAD BARITO DENPASAR BALI"
07/12/2021,150,150,4,5,2,,Denpasar,SHM,5500,Selatan,2000000000,https://www.rumahku.com/p/TKV20002/rumah-dijual-kesiman-denpasar-80237,"Dijual rumah mewah Full FINISHED Daerah Denpasar Timur. Akses jalan : Jalan lebar 4.5 Meter. Dikelilingi oleh perumahan, View tembusan persawahan, Lokasi : Denpasar Timur, Area lokasi masuk ke dalam Gang danSekitar 50 meter dari jalan utama"
07/12/2021,100,60,3,3,1,,Denpasar,SHM,2300,Selatan,850000000,https://www.rumahku.com/p/PROPE408/rumah-dijual-kesiman-kertalangu-denpasar-80237,"Dijual Rumah Modern Minimalis Di Kawasan Kesiman Kertalangu Denpasar Timur
Berada Dalam Perumahan One Gate Security System Dengan Suasana Tenang Dan Nyaman"
07/12/2021,80,100,3,3,,1,Denpasar,SHM,1300,Utara,1170000000,https://www.rumahku.com/p/SMNW6786/rumah-dijual-padangsambian-denpasar-80117,"Dijual Rumah 2 lantai 3 bed room design modern tropical minimalis kota Denpasar, Bonus kitchen set dan kompor untuk pemesanan Agustus -oktober 2021. Lokasi diantara pusat kota Denpasar, dan pusat wisata pantai,Canggu,Kerobokan dan Seminyak."
07/12/2021,457,250,8,4,3,3,Denpasar,SHM,,,4000000000,https://www.rumahku.com/p/ZNBH7002/rumah-dijual-sumerta-kauh-denpasar-80236,"Dijual Cepat, Rumah dengan lokasi strategis, Akses jalan bagus, Di pusat kota. Nego"
07/12/2021,65,70,3,2,,1,Denpasar,SHM,1300,Selatan,1100000000,https://www.rumahku.com/p/PROPE401/rumah-dijual-pemecutan-klod-kelod-denpasar-80119,Dijual Rumah Modern Minimalis Dan Full Furnished Di Kawasan Jalan Subur Monang Maning Denpasar Barat
07/12/2021,100,70,3,2,,1,Gianyar,SHM,1300,,650000000,https://www.rumahku.com/p/XLKB4006/rumah-dijual-sukawati-gianyar-80582,"RUMAH DANGIN BETHE LESTARI
Lokasi : Bethe Lestari, Batubulan, Kec. Sukawati, Gianyar. Dijual murah Rumah siap huni dengan luas tanah 1 are di Batubulan. Harga audah termasuk pajak dan Balik nama."
07/12/2021,60,36,2,1,,1,Gianyar,SHM,1300,Barat,290000000,https://www.rumahku.com/p/2FTKN007/rumah-dijual-pering-gianyar-80581,"Pering Jaya Dewata mengusung konsep desain Tropical Modern yang memberikan keindahan dari luar dan menjadi hunian yang memberikan kesejukan. Tersedia fasilitas – fasilitas pelengkap seperti taman bermain anak, coffee shop, akses jalan 5-6 meter, one gate security system. Sangat cocok bagi Anda yang menginginkan tempat dengan lingkungan terbaik untuk tumbuh kembang buah hatinya, karena lingkungan merupakan salah satu faktor keberhasilan pendidikan anak anda"
07/12/2021,100,60,3,2,1,1,Gianyar,SHM,1300,,650000000,https://www.rumahku.com/p/XLKB4005/rumah-dijual-sukawati-gianyar-80582,"RUMAH BATU ASRI
Lokasi : Batu Asri, Batubulan Kangin, Kec. Sukawati, Kab. Gianyar
Hubungi : 081225735559/Hagi Wastu
Sudah proses bangun rumah cantik tipe besar tanah luas di lingkungan nyaman nan tenang di Batubulan. harga paling murah di bawah pasaran sudah free biaya pajak dan balik nama"
07/12/2021,232,146,4,3,,1,Denpasar,SHM,,,1865000000,https://www.rumahku.com/p/TCH9T1Y4/rumah-dijual-peguyangan-kangin-denpasar-80115,"For sale!!! Rmh lokasi gatsu timur, Lingkungan perumahan, Strategis, Luas tanah 232m2, Luas bangunan 146m2, 2 lantai, 3 kmr tdr, Shm imb, Hg 1.865m"
07/12/2021,168,205,6,4,,1,Denpasar,SHM,4400,,2200000000,https://www.rumahku.com/p/GVY4DMM1/rumah-dijual-tegal-kertha-denpasar-80119,Dijual Murah Rumah di Jln Gunung Indrakila Denpasar Barat - Bali
07/12/2021,175,94,2,2,,1,Denpasar,SHM,5000,,1800000000,https://www.rumahku.com/p/GVY4DG03/rumah-dijual-sanur-denpasar-80228,"Dijual Rumah Konsep Villa Minimalis Di Sanur Kota Denpasar, Bali"
07/12/2021,460,400,5,4,2,,Denpasar,SHM,7500,Timur,9500000000,https://www.rumahku.com/p/PROPE396/rumah-dijual-renon-denpasar-80226,Dijual Rumah Mewah Modern Style Di Tukad Musi Renon Dekat Gereja Kadedral. (Bangunan Baru Namum Sudah Pernah Di Tempati Hanya 7 Bulan) Berada Di Lingkungan Pemukimam Elite Dan Deretan Rumah Mewah Yang Terletak Di Jantung Kota Denpasar
07/12/2021,300,170,4,3,,1,Denpasar,SHM,2200,,2850000000,https://www.rumahku.com/p/SRK5H410/rumah-dijual-pedungan-denpasar-80222,"Rumah Dijual di Bali Dekat Kota Denpasar dan Pantai Sanur (Dalam rumah ada ruang kantor yang sudah berizin dan sebidang tanah kosong Foto kantor dan tanah kosong terlampir) - Lokasi Rumah di Perumahan Moyo Permai Jl. Pulau Moyo Denpasar, Kel. Pedungan, Kec. Denpasar Selatan, Kota Denpasar, Bali. Lokasi sangat strategis dekat kemana2, dekat lokasi wisata bali, dekat kota denpasar bali, linkungan perumahan tenang aman nyaman dan bebas banjir."
07-12-2021,100,168,3,2,1,,Tabanan,SHM,2200,,750000000,https://www.olx.co.id/item/di-jual-rumah-lantai-2-di-kediri-tabanan-iid-849344585,"DIJUAL RUMAH LANTAI 2 MASIH CLING TYPE 100/168 LOKASI KEDIRI TABANAN BR ANYAR DEKAT RUMAH SAKIT PURI BUNDA. Dapur banus kitchen set kompor tanam. Air sumur bor. Akses jl mobil papasan. Harga 750 jt nego sampai deal. BONUS (kipas angin lampu , pintu kawat nyamuk , dan teralis atas bawah). JARAK TERDEKAT: (dekat patung sukarno , sekolah, 2 mnt keRS puri bunda , 3 mnt ke pasar kediri , 3 mnt ke KFC pizza hut , 3 mnt ke clandys , 4 mnt ke RS tabanan)

"
07-12-2021,165,150,3,3,1,1,Badung,SHM,4400,Barat,1850000000,https://www.olx.co.id/item/jual-rumah-2lt-kosongan-area-resident-di-munggu-badung-iid-849380666,Kebun. Mezanine. Teras belakang. Gudang. PDAM. Jalan 8 meter. Rumah sangat Terawat. One gate sistem. Harga 1.850 M/Nego
03-12-2021,250,214,4,3,1,,Buleleng,SHM,,,1500000000,https://www.olx.co.id/item/dijual-rumah-lantai-2-iid-820907630,
04-12-2021,420,175,3,2,1,,Buleleng,SHM,,,2600000000,https://www.olx.co.id/item/rumah-daerah-strategisdaerah-wisata-iid-849149024,"Rumah dalam kota sangat strategis, aman, anti banjir, dekat kemana-mana, daerah wisata, kota pelajaran, tidak jauh dari pantai."
07-12-2021,86,50,2,1,1,,Badung,SHM,2200,,490000000,https://www.olx.co.id/item/rumah-murah-di-dalung-ada-furnised-iid-849366858,"Dijual 1 unit rumah second minimalis , lokasi perumahan dalung kuta utara. SHM IMB. Garase, teras, ruangtamu, dapur, halaman, air sumur bor, PLN 2200w, AC, Water Heater, dll. "
07-12-2021,240,300,4,3,1,1,Denpasar,SHM,,,2650000000,https://www.olx.co.id/item/di-jual-rumah-lantai-2denpasar-timur-iid-828359029,"Dijual rumah mewah lantai 2. Kawasan Denpasar timur,Tohpati. Air PDAM. Full furniest,Telephone.  Akses jl 5 meter aspal. Posisi hook. Harga 2,650 M nego langsung dengan owner"
07-12-2021,65,45,2,1,1,1,Gianyar,SHM,1300,Selatan,490000000,https://www.olx.co.id/item/rumah-minimalis-setrategis-siap-huni-batubulan-iid-849369878,"Dijual rumah baru siap huni sudah finising. Akses jalan 4 meter. Ruang tamu halaman depan cukup luas. Free biaya surat-surat. Bonus kichen set cantik. Bonus sospen. Bonus kanopy. Bonus pagar, garase batusikat. Bisa cash atau kredit KPR. Proses kredit dibantu sampai cair."
07-12-2021,104,80,2,2,1,1,Denpasar,SHM,,Selatan,840000000,https://www.olx.co.id/item/jual-rumah-lantai-1-siap-huni-di-pulau-moyo-denpasar-selatan-bali-iid-848840157,Dijual rumah lantai 1 siap huni. Akses jl 5 meter. Dari jl induk masuk hanya 40meter. Harga bisa nego
07-12-2021,100,32,2,1,1,1,Denpasar,SHM,3500,Utara,957000000,https://www.olx.co.id/item/rumah-pulau-galang-denpasar-mr-roy-iid-849370591,RUMAH MURAH NEGO SAMPAI DEAL. Jalan Pulau Galang. Dimensi null.
07-12-2021,370,461,7,6,1,1,Badung,SHM,3500,Utara,3000000000,https://www.olx.co.id/item/rumah-3lt-strategis-jl-mandiri-taman-griya-jimbaran-badung-iid-849371354,"Dijual Cepat Rumah 3 lt lokasi sangat strategis Jl Mandiri, Taman Griya, Jimbaran, Badung
Lebar akses jalan 5 meter aspal, Air sumur bor
Fasilitas
Lantai 1 (‌Kamar tidur 2 + kamar mandi 2, Dapur, Garasi 2 mobil, Kolam renang 4m X 6m, Gudang, Taman)
Lantai 2 (Kamar tidur 3 + kamar mandi 3, Kamar pembantu, Ruang keluarga luas, Beranda luas)
Lantai 3 (Kamar tidur utama + kamar mandi 1, Beranda depan, View bandara dan tol Bali Mandara)
Harga 3M Nego (Cash/kredit), DP 10%"
07-12-2021,100,179,4,4,1,1,Denpasar,SHM,,,900000000,https://www.olx.co.id/item/termurah-dijual-rumah-di-denpasar-bali-kerobokan-iid-849371877,"Dijual rumah 2 lantai di Gunung Salak Kerobokan 15 menit dari jl raya dalung. Akses jalan 3,5 meter, jalan sudah hotmix. Harga 900 juta nett, no nego, biar cepet pasang harga nett saja, dijamin termurah. Minat segera survey"
07-12-2021,100,40,1,1,,,Badung,SHM,,,700000000,https://www.olx.co.id/item/di-jual-cepat-rumah-bisa-nego--iid-849016820,Dijual cepat rumah minimalis bisa nego. Dekat Bandara Ngurah rai.
07-12-2021,101,40,2,1,,1,Tabanan,SHM,1300,Utara,376000111,https://www.olx.co.id/item/rumah-tabanan-murah-1-iid-840617065,"Rumah minimalis lantai 1 yg berlokasi di jln. Garuda Demung Kediri Tabanan Bali. Sisa 1 unit saja tersedia. Harga jual : 380jt *(Potongan haga spesial di masa Pandemi 2021). Mekanisme pembayaran (Cash/kredit, Kredit DP 10%, Bantu ACC bank)"
07-12-2021,95,70,2,2,1,1,Denpasar,SHM,1300,Barat,990000000,https://www.olx.co.id/item/dijual-rumah-one-gate-system-dekat-kerobokan-bali-iid-771378602,"Dijual rumah siap huni. One gate system. Bangunan 1 lantai. Akses jalan 6 meter, air sumur bor, lokasi jl Tunjung Sari, Gatot Subroto Barat, Denpasar, Bali. 7 menit dari Kerobokan. 9 menit dari Canggu.12 menit dari Seminyak. 25 menit dari Bandara Internasional Ngurah Rai

"
07-12-2021,480,250,4,3,1,1,Denpasar,SHM,2200,,2500000000,https://www.olx.co.id/item/rumah-jual-48-are-di-jl-kebo-iwo-denpasar-nego-sampai-deal-iid-830181678,"Lokasi strategis, silahkan nego sampe deal krn butuh dana cepat. Di Jalan Kebo Iwo selatan Denpasar. 200 meter dari KFC dan McD. Akses jalan mobil. Bisa tembus ke jalan tunjung sari gatsu barat"
07-12-2021,93,65,3,2,1,1,Gianyar,SHM,,,750000000,https://www.olx.co.id/item/rumah-bagus-siap-huni-batubulan-bebas-banjir-iid-849367347,"Rumah minimalis siap huni lantai dua. Sangat setrayegis design cantik, elegan. Lokasi jalan batuyang batubulan lingkungan nyaman dan aman bebas banjir. Akses jalan 5 meter bisa papasan. Dekat dari jalan raya utama. 5 menit pasar umum batubulan. 5 menit sekolah anak TK, SD, dst. 6 Terminal Batubulan. 15 menit denpasar. 10 menit pantai sanur. 35 menit ke bandara internasional ngurah rai. Harga 750jta nego. Free biaya surat surat. Free kichen set. Free Sospen sudah terpasang. Bisa cash atau kredit, untuk yg kredit proses dibantu sampai cair. Rumah sudah jadi siap huni. Boleh di lihat dulu, dipastikan kalau cocok bisa tanda jadi, pembayaran selanjutnya setelah ACC Bank untuk yg KPR.



"
07-12-2021,560,175,5,6,1,1,Gianyar,SHM,3500,,2900000000,https://www.olx.co.id/item/di-ajual-rumah-celuk-sukawati-iid-830704736,Akses Jalan 4 meter pribadi. Fasilitas full furnish. Kolam Renang private. Telphone jaringan wifi dan telpon sudah ada. Pemandangan/View garden kebun. Harga bisa nego
06-12-2021,1095,800,6,5,1,,Denpasar,SHM,11000,,16000000000,https://www.olx.co.id/item/rumah-mewah-furnish-1095are-renon-iid-847705126,"Cocok untuk Kantor, Gallery atau Boutique, 4 Kamar tidur utama dengan Wardrobe dan Kamar mandi lengkap, shower, bathtub dll, 2 Kamar tidur pembantu dg 1 kamar mandi, Gudang, pool ukuran 4,5 mtr x 14,5 mtr, Dapur terbuka w Pantry, Dapur dalem, Full Furnish, PDAM dan Sumur Bor, Kebun belakang, tengah, dalem dan luar, Sanitary Kohler Germany by Grohe,AC 9 unit"
06-12-2021,100,60,3,2,1,,Badung,SHM,1300,Timur,750000000,https://www.olx.co.id/item/di-jual-rumah-baru-di-abianbase-mengwi-iid-849328902,"Jalan lingkungan 5 meter aspal, sumur Bor pompa sambersibel + tandon air, Hanya 100 meter dari Jalan Utama, Lingkungan aman dan nyaman, view sawah "
06-12-2021,125,100,3,1,1,,Denpasar,SHM,,,900000000,https://www.olx.co.id/item/jual-rumah-sesetan-iid-849329984,
06-12-2021,100,190,5,2,1,1,Denpasar,SHM,2200,Barat,950000000,https://www.olx.co.id/item/di-jual-cepat-rumah-masih-bagus-di-kebo-iwa-utara-denpasar-iid-840550918,"Akses Jalan 5 Meter Paving. Lingkungan Nyaman , Aman & Tenang"
05-06-2023,130,90,2,1,0,1,Badung,SHM,1300,Utara,1190000000,Rumah Siap Huni Dekat Puskesmas Bojong Gede Harga All In Siap Kpr | Rumah123.com,"Hunian nyaman dan aman, strategis, bebas banjir, harga all in (termasuk biaya KPR, notaris, BPHTB), terima beres!"
06-06-2023,130,90,2,1,0,1,Badung,SHM,1300,,950000000,Rumah Ditaman Griya Jimbaran Danau Tamblingan Style Modern Classic Kuta Selatan Badung Bali | Rumah123.com,Akses jalan 6 Meter mobil papasan
06-06-2023,80,100,3,2,1,1,Denpasar,SHM,2200,Selatan,1450000000,"Rumah baru sangat strategis ditengah antara pedungan dan teuku umar dekat ke kerobokan , kuta ataupun pintu masuk tol | Rumah123.com",Rumah baru dua lantai lokasi strategis ditengah antara pedungan dan teuku umar
22-05-2023,64,65,3,2,0,1,Denpasar,SHM,1300,,850000000,"Rumah 2 Lantai Bagus di Pemogan, Denpasar | Rumah123.com",Akses Toll Benoa
29-05-2023,134,130,3,3,0,1,Badung,SHM,4400,Timur,1650000000,"Villa 3 Km Tidur, Ada Pool, Aquarium, di Perumahan Branda Mumbul | Rumah123.com","Perumahan yang elite, dekat Hotel GoodWay Nusa Dua,"
30-05-2023,100,120,3,2,1,1,Denpasar,SHM,2200,Timur,1350000000,Rumah Baru 2 Lantai Jl. Warmadewa Ubung Kaja Denpasar Utara Bali | Rumah123.com,Rumah Baru 2 Lantai Jl. Warmadewa Ubung Kaja Denpasar Utara Bali
06-06-2023,80,100,3,2,0,1,Denpasar,SHM,3500,Selatan,1450000000,"Rumah di Jalan Pulau Ayu, Teuku Umar Denpasar | Rumah123.com",PERUMAHAN UMALA IDEA RESIDENCE
06-06-2023,200,200,4,3,1,1,Gianyar,SHM,2200,Selatan,799000000,RUMAH STYLE VILLA SUPER MURAH DI UBUD AREA | Rumah123.com,Ada ruko di bawah dan rumah 4 kamar sdh ada pool
06-06-2023,120,150,2,2,1,1,Badung,SHM,6600,Barat,2200000000,VILLA TER MURAH DI CANGGU AREA DEKAT PANTAI BERAWA | Rumah123.com,villa baru dalam pengerjaan dan terima Finishing masih proses 80% pengerjaan area jalan tirta Jaya dekat jalan utama Canggu
30-05-2023,185,185,3,3,2,1,Denpasar,SHM,4400,,3920000000,Rumah Model Villa Sanur One Gate System Shm | Rumah123.com,"New Project Residence Cluster Mewah Di Sanur Dekat Dengan Internasional Hospital, Dengan Design Yang Elegant Walau Tengah Kota Tapi Masih Bisa Berasa Seperti Di Ubud"
30-05-2023,120,120,3,3,2,0,Denpasar,SHM,3500,Utara,2800000000,Rumah Baru 4 Kamar SHM Fasilitas Ternyaman Kota Denpasar Bali | Rumah123.com,"Hunian rumah Premium dan Ekslusif di Kawasan Denpasar, Bali. Dengan fasilitas yang nyaman, bersih dan aman."
02-06-2023,105,90,2,2,2,0,Denpasar,SHM,3500,Utara,2300000000,RumahSHM 2 Kamar Fasilitas Resort di Bali | Rumah123.com,"Hunian Rumah Premium dan Ekslusif di Kawasan Denpasar, Bali. Dengan fasilitas yang nyaman, bersih dan aman."
30-05-2023,105,118,3,3,2,0,Denpasar,SHM,3500,Utara,2500000000,Rumah 2 Lantai Baru SHM Fasilitas Terbaik Ternyaman di Bali | Rumah123.com,"Hunian Rumah Premium dan Ekslusif di Kawasan Denpasar, Bali."
17-05-2023,100,130,3,3,0,1,Denpasar,SHM,3500,Utara,2370000000,Rumah Baru Di Renon Gratis BPHTP dan Balik Nama Jaminan Dekat Kemana-mana | Rumah123.com,Rumah modern minimalis di lokasi premium kota Denpasar
17-05-2023,100,140,3,4,1,1,Denpasar,SHM,4400,Utara,1670000000,16 Unit Cluster One Gate System Di Sanur Dekat Dengan Pantai Dan Dyatmika School | Rumah123.com,Open New Project Semi Villa one gate system and swimming pool dg akses jalan 6 meter paving
17-05-2023,100,100,3,3,0,1,Badung,SHM,3500,,1670000000,rumah murah dalam cluster lokasi strategis | Rumah123.com,Hunian nyaman di kawasan elite MUMBUL-NUSA DUA
05-06-2023,158,162,2,2,1,1,Denpasar,SHM,3500,,2370000000,Villa Modern With Swimming Pool Di Sanur Ketewel | Rumah123.com,"One gate system, camera CCTV, Security."
23-05-2023,100,130,3,2,1,1,Denpasar,SHM,3500,Utara,2370000000,Rumah murah dipusat kota renon | Rumah123.com,Rumah dengan design cantik dengan pencahayaan&sirkulasi udara yg bagus.
23-05-2023,77,50,2,2,1,1,Gianyar,SHM,1300,Utara,550000000,Rumah siap huni di Jalan pantai saba blahbatuh gianyar bali | Rumah123.com,Lokasi sangat bagus deket jalan bay pass ida bagus mantra saba gianyar bali
23-05-2023,204,300,5,4,2,1,Badung,SHM,5500,Barat Laut,3500000000,Rumah mewah 2 lantai di Jalan kesambi kerobokan badung | Rumah123.com,DIJUAL RUMAH MEWAH 2 LANTAI DIKEROBOKAN KUTA UTARA BADUNG BALI
16-05-2023,72,73,2,2,1,1,Badung,SHM,2200,Selatan,1200000000,Dijual rumah townhouse modern lokasi strategis | Rumah123.com,"100 meter dari akses jalan utama, Dekat ke berbagai fasilitas umum dan destinasi wisata dibali."
17-05-2023,60,100,3,3,1,1,Denpasar,SHM,2200,Barat,950000000,rumah murah view sawah dalam kota | Rumah123.com,HUNIAN MINIMALIS 2 LANTAI VIEW SAWAH DI PUSAT KOTA DENPASAR-BALI ONE GATE SISTEM DI LENGKAPI FASILITAS SECURITY 24 JAM
15-05-2023,55,34,2,1,0,1,badung,SHM,1300,,663000000,Dijual rumah murah strategis dekat kampus | Rumah123.com,Pilihan hunian strategis dengan harga ekonomis terbaik&termurah dikuta selatan.
15-05-2023,105,90,2,2,0,1,denpasar,SHM,3500,Utara,2310000000,Dijual rumah mewah akses jalan utama fasilitas resort | Rumah123.com,Berada di akses jalan utama serta dekat ke berbagai destinasi wisata terkemuka dibali.
15-05-2023,84,70,3,3,0,2,Badung,SHM,2200,,949000000,rumah rumah dalam kawasan elite lokasi strategis | Rumah123.com,"Hunian nyaman,aman dan asri berlokasi strategis dalam kawasan elite di Nusa dua bali."
08-05-2023,152,130,5,2,1,1,Denpasar,SHM,5500,Selatan,1280000000,Rumah Dekat Mall Baru Denpasar | Rumah123.com,"Karena rumahnya sudah tua, jadi harganya hanya dijual seharga tanahnya. Ada PLN 5,500w dan air smur. lokasi pusat kota yang nyaman."
07-06-2023,134,130,3,3,0,1,Badung,SHM,4400,Timur,1650000000,https://www.rumah123.com/properti/badung/hos13854152/,"Alamat : Branda Mumbul, Jl. Pulau Sari
Bangunan Semi Lantai 2
Luas Tanah : 134 m2
Luas Bangunan : 130 m2
Kamar Tidur : 3 bh
Kamar Mandi : 3 bh
Listrik : 4400 Watt
Air : PDAM/Sumur Bor
Kolam Renang : 1
Carport : 1 mobil
Setifikat : SHM (Hak Milik)"
07-06-2023,100,120,3,2,1,1,Denpasar,SHM,2200,Timur,1350000000,https://www.rumah123.com/properti/denpasar/hos12494986/,"Rumah Baru 2 Lantai Jl. Warmadewa Ubung Kaja Denpasar Utara Bali
- 1-2 menit dari jalan cokroaminoto dan Rs. Surya husada
- 5 menit ke taman kota dan lapangan LUMINTANG
- 1 menit dari kampus mahendradata denpasar
- 3 menit dari jalan ahmad yani denpasar
- jalan kaki ke lapangan sepak bola ubung"
07-06-2023,130,90,2,1,0,1,Badung,SHM,1300,,950000000,https://www.rumah123.com/properti/badung/hos13938924/,"Dijual rumah ditaman griya Jimbaran danau tamblingan style modern classic Kuta Selatan Badung Bali
Lingkungan perumahan yang tenang dan nyaman cocok untuk hunian anda maupun di komersilkan
Lokasi strategis dekat ke pusat perbelanjaan , sekolah , kampus udayana , rumah sakit , tempat ibadah"
07-06-2023,138,50,2,1,1,1,Buleleng,SHM,1300,Utara,500000000,https://www.rumah123.com/properti/buleleng/hos13330742/,"Perum Taman Wira Sambangan, Desa Panji, Kec. Sukasada, Kab. Buleleng, Buleleng.
Aset Lelang powered by BRI"
07-06-2023,230,190,3,2,1,0,Denpasar,SHM,1300,Barat,1100000000,https://www.rumah123.com/properti/denpasar/hos13330329/,"500 meter dari Gedung Pers Bali TV
Aset Lelang powered by BRI"
07-06-2023,200,260,4,3,1,0,Badung,HGB,4400,Timur,1500000000,https://www.rumah123.com/properti/badung/hos13316841/,Aset Lelang powered by BRI
07-06-2023,150,225,5,2,1,0,Badung,SHM,1300,Utara,1200000000,https://www.rumah123.com/properti/badung/hos13273934/,"Rumah Lelang BRI, Kuta Selatan, Denpasar
Aset Lelang powered by BRI"
07-06-2023,105,105,4,2,1,0,Badung,SHM,1300,Timur,600000000,https://www.rumah123.com/properti/badung/hos13273854/,"Rumah Lelang BRI, Abiansemal, Denpasar
Aset Lelang powered by BRI"
07-06-2023,100,60,2,1,1,1,Tabanan,SHM,1300,Barat,350000000,https://www.rumah123.com/properti/tabanan/hos13329881/,"Rumah Lelang BRI, Kediri, Tabanan
Aset Lelang powered by BRI"
07-06-2023,92,92,5,1,1,0,Denpasar,SHM,1300,Barat,305000000,https://www.rumah123.com/properti/denpasar/hos13399478/,Aset Lelang powered by BRI
07-06-2023,80,100,3,2,1,1,Denpasar,SHM,2200,Selatan,1450000000,https://www.rumah123.com/properti/denpasar/hos13917224/,"Rumah baru dua lantai lokasi strategis ditengah antara pedungan dan teuku umar
Menghadap selatan tidak panas dapat matahari pagi dan sore
Akses jalan mobil papasan
Hanya 2 menit ke jalan teuku umar
Rumah modern dengan penataan ruangan yang lega dan ventilasi semua ruangan baik"
07-06-2023,64,65,3,2,0,1,Denpasar,SHM,1300,,850000000,https://www.rumah123.com/properti/denpasar/hos13792590/,"Sumber Air Sumur Bor
Carport 1
SHM-Pegang Sendiri
Akses Toll Benoa
Jalan masuk 2 mobil
Bebas banjir"
07-06-2023,100,100,3,3,0,0,Badung,SHM,3500,Utara,1670000000,https://www.rumah123.com/properti/badung/hos13855363/,"Hunian nyaman di kawasan elite MUMBUL-NUSA DUA. Desain bangunan 2 lantai dengan konsep Modern Minimalist.
New cluster dengan fitur unggulan :
• ONE GATE System
• Security 24 jam
• Instalasi Underground
• Row Jalan 6-10 meter"
07-06-2023,80,100,3,2,1,1,Denpasar,SHM,2200,Selatan,1450000000,https://www.rumah123.com/properti/denpasar/hos13847100/,"Rumah dua lantai modern strategis ditengah antara teuku umar dan pedungan
dengan desain semi villa
Akses jalan dua mobil papasan
Menghadap selatan tidak panas dapar matahari pagi dan sore"
07-06-2023,55,34,2,1,0,1,Badung,SHM,1300,Selatan,663000000,https://www.rumah123.com/properti/badung/hos13122402/,Rumah Dengan One Gate System di Jimbaran Bali
07-06-2023,116,105,3,2,0,1,Badung,SHM,3500,,1800000000,https://www.rumah123.com/properti/badung/hos10115578/,"Lokasi: Jimbaran Bawah
Komplek One Gate
5 menit ke MCD dan KFC
5 menit ke Universitas Udayana
5 menit ke Rumah Sakit"
07-06-2023,100,150,3,2,0,1,Denpasar,SHM,2200,Selatan,1550000000,https://www.rumah123.com/properti/denpasar/hos10253629/,"Di jual sebuah rumah di Jalan pulau galang.
lokasi dekat dengan Jalan Imam bonjol.
Akses sangat bagus untuk ke arah : Kuta - Airport - Kota Denpasar
Dekat pasar
Dekat Transmart"
07-06-2023,121,140,3,3,1,1,Badung,SHM,2200,Selatan,1900000000,https://www.rumah123.com/properti/badung/hos13017771/,"Service Area
Listrik 2200
Air Sumur Bor
Hadap Selatan
SHM
IMB sedang dalam proses
Bangunan 2019"
07-06-2023,100,155,4,3,0,2,Badung,SHM,2200,Timur,1900000000,https://www.rumah123.com/properti/badung/hos10981088/,"Spesifikasi bangunan:
Tembok hebel
Genteng beton
Lantai granit
•Lingkungan nyaman dan tenang, asri
•Lokasi sangat strategis
15 menit ke golf Pecatu resort
10 menit ke tol Nusa dua
15 menit ke GWK
15 menit ke internasional school taman Rama"
07-06-2023,150,150,3,4,1,1,Badung,SHM,2200,Timur,1600000000,https://www.rumah123.com/properti/badung/hos13810515/,Lokasi bagus dan sangat setrategis dan aman dan nyaman
07-06-2023,118,150,3,2,0,1,Denpasar,SHM,3300,Utara,1300000000,https://www.rumah123.com/properti/denpasar/hos10940464/,"Dimensi : ada
IMB Tahun :ada
Kamar tidur : 2 di lantai atas,1dilantai bawah
Kamar mandi : 1diatas,2dibwh (1kmr mandi ART)
Fully furnished / non / semi : full furnisher"
07-06-2023,100,140,3,4,1,1,Denpasar,SHM,4400,Utara,1670000000,https://www.rumah123.com/properti/denpasar/hos13513669/,"Lokasi sangat strategis
5 menit sekolah raj yamuna
5 menit sekolah Dyatmika
5 menit pasar traditional
5 menit RS international
2 menit pantai ketewel"
07-06-2023,100,100,3,3,0,0,Badung,SHM,3500,,1670000000,https://www.rumah123.com/properti/badung/hos13334972/,"Hunian nyaman di kawasan elite MUMBUL-NUSA DUA
Desain bangunan 2 lantai dengan konsep Modern Minimalist.
New cluster dengan fitur unggulan :
Ã¢Â€Â¢ ONE GATE System
Ã¢Â€Â¢ Security 24 jam
Ã¢Â€Â¢ Instalasi Underground
Ã¢Â€Â¢ Row Jalan 6-10 meter"
07-06-2023,80,100,3,2,0,1,Denpasar,SHM,3500,Selatan,1450000000,https://www.rumah123.com/properti/denpasar/hos13935103/,"Tempat cuci
Taman depan
Pagar keliling
Pintu gerbang
Listrik 3500 watt
Air sumur bor pompa shimitzu
Kloset TOTO
Hadap Selatan
Akses jalan 5m"
07-06-2023,200,200,4,3,1,1,Gianyar,SHM,2200,Selatan,799000000,https://www.rumah123.com/properti/gianyar/hos13658402/,"Bos ada rumah Murah pinggir jalan utama perbatasan tampak siring Pejeng
Urgent Bos
Luas 200 m²
Ada ruko di bawah dan rumah 4 kamar sdh ada pool
Tempat sejuk"
16-09-2023,148,60,3,3,1,2,Jimbaran,SHM,2200,,1600000000,https://www.rumah.com/listing-properti/dijual-di-jual-1-lantai-murah-dekat-sekolah-international-di-puri-gading-jimbaran-oleh-i-komang-udiana-22160267,"Hadir 2 units lagi Villa Idaman dengan lokasi yang sangat strategis kawasan Villa dan Guest house expat yang sangat menunjang nilai Investasi Anda ,hanya 20 meter dari jalan utama Blongkeker Puri Gaging - Jimbaran .

• 1 menit ke Asian Int’l School
• 3 menit ke Taman Rama Int’l School
• 5 menit ke GWK Cultur Park
• 10 menit ke Pantai Jimbaran
• 20 menit ke Bandara Ngurah Rai
• 5 menit Ke Sidewalk Mall Jimbaran

Tersedia 2 Units Only.
Design Costume sesuai selera dan kebutuhan
Pembangunan 6 bulan
Luas Bangunan 60m2
Luas Tanah 148
Legalitas SHM & IMB



Promo Pre- Launching ( Pembelian secara cash bertahap )
Gratis Biaya Balik Nama
Gratis BPHTB"
16-09-2023,108,69,2,2,1,1,Jimbaran,SHM,2200,,2368040000,https://www.rumah.com/listing-properti/dijual-villa-residence-for-sale-di-jimbaran-area-oleh-i-gede-aditya-mahayuta-damaputra-21973528,"Full furnished condition added around IDR 200Jt

PDAM water & Deep Well pump
Electricity 2200 W

Optional Private Swimming Pool
Certificate HGB to SHM

Facilities :
- Club House
- Public Swimming Pool
- Gym
- Communal Space
- Playground
- Retail shop
- Jogging Track

Easy Access to everywhere :
•1 menit ke Asian Intercultural School by Gandhi School
•5 menit ke GWK
•5 Menit ke Movenpick / Samasta
•5 menit ke Ayana Resort & Rockbar
•15 menit ke Airport Ngurah Rai
•15 menit ke Toll Bali Mandara"
30-08-2023,158,120,3,3,0,1,Jimbaran,SHM,4400,Selatan,2810000000,https://www.rumah123.com/properti/badung/hos14617647/,"Berlokasi di kawasan Villa Premium di Goa Gong - Jimbaran denga Sertifikat Hak Milik

3 Kamar Tidur
3 kamar mandi
Rooftop
Swimming Pool

*Bonus*
Water Heater Electric 50 liter
AC 1 pk tiap kamar tidur
Kitchen Set (meja dapur, lemari atas dan bawah), tidak termasuk kompor dan cooker hood
Canopy Polycarbonate
Pagar"
18-09-2023,107,158,2,3,0,1,Jimbaran,SHM,4400,Selatan,2810000000,https://www.rumah123.com/properti/badung/hos14608308/,"Free Water Heater Electric 50 liter
Free AC 1 pk tiap kamar tidur
Free Kitchen Set (meja dapur, lemari atas dan bawah), tidak termasuk kompor dan cooker hood
Canopy Polycarbonate
Pagar
"
08-09-2023,900,700,4,4,2,0,Jimbaran,SHM,13300,,16000000000,https://www.rumah123.com/properti/badung/hos11949804/,"A Spectacular 180 degree unblock ocean panoramic view villa in Jimbaran Bali.
The glass elevator each villa is provided to get you up to rooftop view.
Available 4 Bedrooms and ensuite bath, spacious living room, outdoor jacuzzi on terrace space, wide infinity pool to see amazing sunset, and open concept kitchen.
Each Villa is position on 900 m2
carved into the hillside
The Villas are designed contemporary modern with its natural Balinese habitat. A quality built with great design features, quality materials and amenities."
12-09-2023,1200,1000,4,5,4,0,Jimbaran,SHM,,Utara,20000000000,https://www.rumah123.com/properti/badung/hos14734626/,"Luas tanah 1200M²
Luas bangunan 1000M²
Bangunan lantai 2
Terdiri dari 2 unit villa
Kamar tidur 4
Kamar mandi 5
Full furnished
Dapur
Balkon
Bar
Kolam
Taman
Garasi 4 mobil
Hadap utara"
05-09-2023,400,391,4,4,1,0,Jimbaran,SHM,13200,,8250000000,https://www.rumah123.com/properti/badung/hos3846941/,"This brand freehold real estate is located in a quiet and peaceful area of Jimbaran. This gorgeously built villa features 4 spacious, cozy and comfortable en-suite bedrooms with classy bathrooms. It is fully furnished and decorated with expensive furnishing and interior which provides great luxury and comfort. This property generously offers a separate maid room (kitchen , bathroom) , 3 level , AC , living area , dining area , 2 kitchen , 9 m x 4 m of swimming pool ( L. Shape) , plenty storage , water source from PDAM + Tank , electricity 13.200 W , generator 5.500 W , internet indihome fiber optic , garage with remote , CCTV , Intercom and a lush green garden in the house. This is indeed a great option for investment available in a great area of Bali."
18-09-2023,126.83,192.8,2,2,0,2,Kuta,SHGB,3500,,5600000000,https://www.rumah.com/listing-properti/dijual-jalan-pantai-berawa-oleh-ita-21951195,"Brand New canggu villa tipe A (2 bedroom)
Land size 126.83-127.35 sqm,
Building size 192.8 sqm,
2 Bedrooms,
2 Bathrooms,
Spaciaous Kitchen with kitchen island,
Dinning room,
Living room,
1 Powder Room,
Laundry Room,
Private Pool 23.3 sqm (1.40 Depth),
Fully Furnished,
Electricity 10.000 kWh,
Tropical Garden 26.7-27.2 sqm,
Rice field view,

Price USD $373.000
Lease hold until 2049 and can be extended for another 20 years."
13-09-2023,120,110,2,2,0,1,Kuta,SHM,7700,,2000000000,https://www.rumah.com/listing-properti/dijual-2-bedrooms-vila-kuta-kuta-bali-oleh-steven-hadinata-saputra-22178730,"Exquisite Leasehold Villa in Canggu

Your Bali dream awaits

15-year lease (until 2038)
Price: 2M
2 ensuite bedrooms
Water heater
7,700-watt electricity
Private pool
Land size 120 m2
Building size 110m2
"
19-09-2023,780,400,5,5,0,1,Kuta,SHM,22000,,22000000000,https://www.rumah.com/listing-properti/dijual-for-sale-luxury-villa-on-pandawa-beach-kuta-bali-oleh-ima-22112906,"#Details :
• Land size 780 m2
• Building size +/- 400 m2
• 2 Storey Building ( *2nd Floor only for Rooftop *)
• Fully Furnished
• 4+1 Bedrooms
• 5 Bathrooms
• Living Room
• Kitchens
•Dining areas
• Swimming Pool 3x12 meters
• Gardens
• 7 mtrs road access
• SHM / Freehold
• IMB / Building Permit"
10-09-2023,100,70,3,2,1,0,Tanah Lot,SHM,3500,,1608000000,https://www.rumah.com/listing-properti/dijual-rumah-model-villa-dekat-canggu-dan-tanah-lot-oleh-agus-susanta-20848733,"hunian villa yang terletak di munggu dekat dengan canggu kawasan wisata Kuta Utara, berada dalam cluster security system dengan pengamanan 24 jam suasana lingkungan yang nyaman dan aman.
Sangat cocok untuk investasi ataupun tempat tinggal

Harga : Rp. 1,608.000.000

Spesifikasi Bangunan :
✔Luas tanah : 100m2
✔Luas bangunan : 70m2
✔3 kamar tidur
✔2 kamar mandi
✔Listrik 3500 watt
✔Air pdam
✔Doc : SHM & IMB

Fasilitas : club house (kolam renang , gym )

Distance :
• 10 menit ke tabanan
• 20 menit ke kuta
• 25 menit ke Denpasar
• 45 menit k

Hubungi:
Agus Susanta
WA 0*****
IG : infopropertybali168
a*****@*****"
06-09-2023,100,72,2,2,0,1,Tanah Lot,SHM,1300,Timur,1400000000,https://www.rumah.com/listing-properti/dijual-rumah-dijual-semi-vila-lingkungan-tenang-dan-nyaman-deket-canggu-oleh-kadek-rudyana-21287000,"Rumah Dijual semi vila,lingkungan tenang dan nyaman deket canggu

FOR SALE.

Brand New Villa Near Canggu with Paddyfield View.

Spesifikasi:

~Luas Tanah 100 m2
~Luas Bangunan 70 m2
~Kamar Tidur 2
~Kamar Mandi 2
~Bangunan 1 Lantai
~Carport
~Hadap Timur
~Private Pool
~Paddyfield View
~SHM IMB
Harga 1,4 M, Sudah punya Villa Dekat Ke Canggu

Dekat dengan:

Pusat Pengembangan Area Pariwisata Bali

✓8 menit ke Pepito Supermarket
✓10 menit ke Tanah Lot
✓11 menit ke Kedungu Beach
✓15 menit ke Finns Beach Club
✓15 menit ke Atlas Beachfest
✓20 menit ke Seminyak
✓30 Menit Ke Bandara internasional Ngurah Rai Bali

Hub Rudy 0*****"
27-08-2023,105,105,2,2,0,0,Tanah Lot,SHM,2200,Barat,2774000000,https://www.rumah.com/listing-properti/dijual-tanah-lot-oleh-gung-tari-21318914,"Dijual Rumah Mewah Dalam Cluster Elite di Tepi Pantai Tabanan
Prestigious Rumah Mewah dari dengan dikelilingi view hijaunya sawah sepanjang jalan menuju cluster

Terletak di Tabanan, dekat dengan Tanah Lot sebagai kawasan wisata yang terkenal.

Memiliki view yang lengkap yaitu Sunset, sawah yang masih aktif, gunung dan sungai tepat di samping lokasi.

80 hektar (40 hektar phase I) kawasan yang terintegrasi dengan Resort kelas dunia

•Dibangun sepanjang 1.7 Km garis pantai Bali Barat menikmati sunset

• New Cluster Resvara
Tipe Askana LT 105m, LB 76m, 2KT, 2 KM

- Hanya 500 meter jarak ke pantai
- One gate system cluster dengan security 24 jam & CCTV
- Listrik underground
- Row jalan besar

Cara Bayar Flexible:
DP 30% bisa dicicil 36x

Fasilitas :
Club House
Lap. Pool & Kids Pool
Yoga Deck
Fitness Center
Jogging Track
Kids Playground
BBQ Area
Cliff Pavilion

Dapatkan hunian ini sekarang juga dengan menghubungi

Hubungi :
Gung Tari Discovery Property Bali
Wa : 0*****
Ig : gungtaripropertybali
Email : g*****@*****
Website : www.d*****

dijual rumah mewah di tabanan bali
dijual rumah mewah di tabanan bali indonesia
dijual rumah mewah di tabanan bali kpr
dijual rumah mewah di tabanan bali kediri"
27-08-2023,135,122,4,2,0,1,Tanah Lot,SHM,5500,,1600000000,https://www.rumah.com/listing-properti/dijual-tanah-lot-oleh-gung-tari-22104466,"For Sale 4 Bedrooms Villa Close to Tanah Lot, & Canggu, Tabanan

Location : Nyitdah Kediri Tabanan
Kamar Tidur : 4
Kamar Mandi :2
Dapur : 1
Listrik : 5,500 watt
Air : Sumur Bor
LT : 135 m2
LB : 122 m2

2 menit ke Rumah Sakit Nyitdah
10 menit ke Pepito Tabanan
20 menit ke Canggu
15 menit ke Tabanan
Harga 1,6 M
#KRTN

Hubungi sekarang
Gung Tari Discovery Property Bali
Wa : 0*****
Ig : gungtaripropertybali
Email : g*****@*****
Website : www.d*****
Youtube : www.y*****"
27-08-2023,55,60,2,1,1,0,Tanah Lot,SHM,1300,,475000000,https://www.rumah.com/listing-properti/dijual-tabanan-oleh-gung-tari-20487096,"Dijual Rumah Lantai 2 Modern Minimalis Super Murah dan Asri di Tabanan
Dijual Rumah Lantai II arsitektur Modern Minimalis Murah Mewah Berkelas, Full Finishing

Lokasi Premium di kota Tabanan
Dengan Fasilitas umum yg sangat lengkap dan dekat dgn :
- KFC
- MCD
- Starbuck
- Kampus
- Pasar swalayan
- RS

Lingkungan tertata rapi bernuansa pedesaan dgn view sungai, lembah hijau nan asri, juga dekat dengan obyek wisata Tanah Lot dan Alas Kedaton Tabanan.

Type 60/55 Lantai 2
Harga 475 juta

Fasilitas :
2 kamar tidur
1 kamar mandi
1 Ruang tamu
1 Dapur
- Garase Mobil
- Listrik 1300 Watt
- Air sumur bor
- SHM
- IMB

Akses jalan masuk 12 meter paving.
Akses jalan depan rumah 10 meter Paving.

Kpr 10 - 25 tahun smua proses Kpr kami bantu sampai Acc 100%.

DP 0%
Cukup Tanda Jadi 5 Jt langsung proses KPR
Free BPHTb

Minat
Hubungi :
Gung Tari Discovery Property Bali
Wa : 0*****
Ig : gungtaripropertybali
Email : g*****@*****
Website : www.d*****

rumah murah di bali
dijual rumah tabanan
rumah dijual di tabanan bali
rumah murah dijual di tabanan
rumah murah dijual di tabanan bali
rumah dijual tabanan bali
jual rumah di tabanan bali
rumah dijual di tabanan kota
rumah dijual daerah tabanan bali
harga perumahan di tabanan bali
dijual rumah tabanan hari ini
dijual rumah tabanan house
jual rumah tabanan kota"
23-08-2023,84,45,2,1,0,1,Tanah Lot,SHM,1300,,375000000,https://www.rumah.com/listing-properti/dijual-perumahan-graha-chandra-asri-oleh-maria-liu-22107659,"Rumah Baru Siap Huni
Perumahan Graha Candra Asri
Meliling Kerambitan
Tabanan - Denpasar

L Tanah = 84 m2
LBgn = 45 m2
Bangunan 1 lantai
Listrik 2200 watt
Kt 2 , Kmd 1
Dapur
Carport
SHM
Harga 375.000.000,- nego

Info hub
Maria Liu
www.w*****"
21-08-2023,100,50,2,1,0,1,Tanah Lot,SHM,1300,,750000000,https://www.rumah.com/listing-properti/dijual-kedunggu-beach-oleh-i-made-holand-darmadi-20454756,"Di jual rumah dekat pantai kedunggu tanah lot dan ciputra
Di jual atau di sewakan jangka panjang rumah lantai 1 dekat pantai kedunggu dan tanah lot juga ciputra beach resort, berjarak 3km
Dengan pemandangan sawah dan one gate

- Luas tanah : 100m2
- luas bangunan : 50m2
- 2 kamar tidur
- 1 kamar mandi
- ruang tamu
- pantry
- carpot
- shm
- imb

Harga jual : IDR 750.000.000
Harga sewa : IDR 30.000.000 / tahun minimal 3 tahun sewa"
17-08-2023,100,120,3,2,0,1,Tanah Lot,SHM,2200,,950000000,https://www.rumah.com/listing-properti/dijual-do-254-for-sale-rumah-murah-view-sawah-di-tabanan-bali-near-canggu-oleh-ngurah-j%C3%B3el-22041754,"For sale rumah murah view sawah di tabanan bali near canggu
Di Jual Cepat

Rumah minimalis 2 lantai view sawah dan gunung
Di Raya Tanah Lot, Kediri - Tabanan

Rumah Siap Pakai (Bebas Banjir!!!)
Akses Jalan 6 Meter paving

SPESIFIKASI
Luas Tanah 100 M²
Tipe bangunan 120 m²
( Posisi rumah paling pojok)
3 Kamar Tidur (diatas 2, dibawah 1) + 1 kamar pembantu
2 Kamar Mandi (diatas 1, dibawah 1) + 1 Kamar mandi pembantu
1 Dapur
Listrik 2200 WATT
Air PDAM
Water Heater
Shm Ada
Imb ada

10 Menit ke Kedungu
15 Menit ke Pererenan
20 Menit ke Canggu area
10Menit ke KFC, Mcd, Starbucks, Pepito

Harga 950jt"
17-07-2023,100,140,4,3,1,0,Tanah Lot,SHM,3500,,1000000000,https://www.rumah.com/listing-properti/dijual-rumah-murah-tanah-lot-tabanan-view-sawah-oleh-henry-setiono-21951911,"House for sale in Tanah Lot Rice field View
House for sale in Tanah Lot Rice field View

Land area 100m2
Building area 140m2

4 bedrooms
3 Bathrooms
Garage
AC & Water heater
Kitchen
Electricity 3500 W
PDAM

1M"
15-09-2023,300,200,2,2,0,1,Bangli,SHM,3500,,1600000000,https://www.rumah.com/listing-properti/dijual-vila-estetik-kintamani-batur-oleh-kadek-rudyana-22144507,"Dijual vila vew, lembah dengan suasana tenang digunung kintamani Batur
Dijual vila dengan suasana tenang dan nyaman, vew lembah, danau gunung Batur, lokasi sangat strategis cocok buat hunian atau bisnis, lingkungan vila atau cafe
Jarak 45 menit ke central ubud
Luas tanah 300m2
Harga 1,6M"
25-08-2023,1200,1200,10,10,0,10,Bangli,SHM,13200,,9500000000,https://www.rumah.com/listing-properti/dijual-hotel-danau-batur-kintamani-bali-oleh-tommy-s-22029715,"Jual Hotel Tepi Los Danau Batur Kintamani Bali
Jual Hotel View Tepi Danau Batur Kintamani
For Sale hotel los danau batur
Lokasi Toya Bungkah Kintamani Bali
300 meter dr toya depasya

Spek Hotel Siap Bisnis
Luas tanah  12 are (1200m²)
20 kamar
Kolam lumayan luas
SHM & IMB lengkap
Harga 9.5 Milyar nego"
29-07-2023,105,76,3,3,0,2,Bangli,SHM,2200,,520000000,https://www.rumah.com/listing-properti/dijual-rumah-modern-di-bangli-oleh-putra-18625955,"Rumah Bangli
Rumah dijual di tengah2 kota Bangli
Suasana sangat nyaman hanya 13 rumah dlm lingkungan, 100 m dari jl utama
3 kamar tidur
3 kamar mandi
Luas tanah 100 m2
Bangunan 45 m2
Tempat jemuran lt2
Parkir 2 mbl
Dapur luas
Akses jl 5 m
PDAM
2200 watt
SHM & IMB


Harga 520 jt ( nego)"
29-07-2023,650,500,5,5,1,1,Bangli,SHM,3500,,10000000000,https://www.rumah.com/listing-properti/dijual-for-sale-bali-view-kintamani-oleh-eva-yusuf-21657601,"FOR SALE RUMAH DI BALI VIEW KINTAMANI

LOKASI :
BANGLI, KINTAMANI, BALI

SPESIFIKASI :
Luas Tanah 650 M2
Luas Bangunan 500 M2

Lantai 1 :
1 Kamar Tidur + Kamar Mandi Dalam + jacuzzi
3 Kamar Tidur + Kamar mandi dalam

Lantai 2 :
2 kamar tidur + kamar mandi dalam
1 Kamar mandi

service area
2 kamar tidur , 1 kamar mandi
1 dapur
garasi 1 mobil
car port 1 mobil

full kitchen set
Swiming pool

OPEN HARGA RP 10 M"
28-07-2023,910,250,7,6,0,1,Bangli,SHM,3500,,3800000000,https://www.rumah.com/listing-properti/dijual-rumah-bali-murah-di-bangli-buat-istirahat-masa-tua-oleh-adi-np-18863113,"Dijual cepat rumah bali murah di Bangli
rumah bali.
DIJUAL CEPAT RUMAH DIATAS LAHAN 910M2
.
Lokasi kelurahan Cemaga, kota Bangli, Bali
.
Lahan 910m2
Rumah dengan 7 kamar kos masing masing dg KM dalam
Listrik 3500 watt
Air PDAM
SHM
IMB 2015
.
Featuring distance
.
60 menit dari Denpasar
5 menit dr kota Bangli
Dan dekat ke bbrp object wisata yg ada di Bangli spt Desa wisata Penglipuran, Kintamani, wisata Gunung Batur, Penelokan, dll
.
.
Selling Poin terbaik rumah adalah untuk rumah peristirahatan masa pensiun, didukung suasana nan hijau dan asri serta sangat hoomi buat keluarga anda.
..
Harga rumah 3.8M masih nego."
25-07-2023,105,76,3,3,0,1,Bangli,SHM,2200,Utara,525000000,https://www.rumah.com/listing-properti/dijual-rumah-3-kamar-tidur-lokasi-strategis-di-bangli-oleh-putu-krisna-21500460,"Rumah 3 Kamar Tidur Lokasi Strategis di Bangli
Luas tanah 105 m2
Luas bangunan 76 m2
3 kamar tidur
3 kamar mandi
Ruang tamu
Dapur
Service Area
Carport
Jalan bisa akses mobil
Lokasi strategis dekat kota"
30-07-2023,5050,100,3,3,0,3,Bangli,SHM,2200,,5000000000,https://www.rumah.com/listing-properti/dijual-villa-strawbery-bangli-oleh-putra-20812057,"AGROWISATA KEBUN STRAWBERY KINTAMANI

Spesifikasi
Luas tanah 5.050m2 atau 50 are
Isi bangunan villa joglo dan kebun strawbery
Shm
Lokasi Pengotan Bangli
Harga 5 M nego"
07-06-2023,1500,800,7,9,2,8,Bangli,SHM,8000,Utara,5750000000,https://www.rumah.com/listing-properti/dijual-vila-modern-mewah-dk-bali-oleh-bagus-prihandhi-21275471,"Lokasi strategis tenang
Vila mewah modern
Area Tabanan Bali

Luas tanah : 1500m
Luas bangunan : 800m

Fasilitas :
- vila modern
- 7 kamar tidur
- 9 kamar mandi
- kolam renang
- taman
- garasi 2, carport 8

Akses :
5 menit ke pantai, kota"
31-05-2023,3430,2875,10,10,0,10,Bangli,SHM,23000,,50000000000,https://www.rumah.com/listing-properti/dijual-villa-kintamani-bali-lt-lb-3430-2875-int-l-award-winning-villas-good-for-invesment-oleh-nia-rianto-21235862,"Luxurious villa, good for invesment
Luxurious villa, International award winning villas, Build years 2021, Full furnished, Land area 3430 sqm, Building area 2870 sqm, 4 Storey Building, 23 Bedroom, Restaurant & Bar, Spa, Meeting room, Yoga space, Hot pool, SHM/ Freehold Title

Harga Rp 50 M Nego"
17-09-2023,123,60,3,2,0,1,Buleleng,SHM,1300,Barat Laut,475000000,https://www.rumah.com/listing-properti/dijual-rumah-minimalis-1-lt-perum-panji-executive-panji-sukasada-buleleng-oleh-fandy-cahya-18240382,"Rumah Minimalis 1 lt, Panji Executive, Panji, Sukasada, Buleleng
Dijual Cepat!

Rumah Minimalis 1 lt
Perumahan New Panji Executive, Jl.Ki Barak Panji, Sukasada, Buleleng

Luas tanah 123m2
Luas Bangunan 60m2

Fasilitas
3 kamar tidur
2 kamar mandi
Dapur
Carport
Listrik 1300
Air PDAM
Lebar jalan 5m
Rumah menghadap barat laut

Dekat dengan fasilitas umum seperti pasar dan sekolah
Sisa 1 unit

Harga Jual : Rp 475.000.000,-
DP 10%"
14-09-2023,650,1175,22,29,1,1,Seminyak,SHM,38500,,21000000000,https://www.rumah.com/listing-properti/dijual-dijual-segera-rumah-brand-new-guest-house-hostel-21-kamar-fully-furnished-di-seminyak-bali-oleh-lolita-19757819,Dijual Segera Rumah + Brand New Guest House / Hostel 21 Kamar Fully Furnished di Seminyak Bali
20-09-2023,108,100,2,2,0,1,Seminyak,SHM,3500,,2100000000,https://www.rumah.com/listing-properti/dijual-rumah-dijual-for-sale-oleh-herman-21417650,Brand New Rumah Style Villa Tropical Modern One Gate Seminyak Area
20-09-2023,63,72,3,2,0,1,Seminyak,SHM,4400,Selatan,1900000000,https://www.rumah.com/listing-properti/dijual-rumah-dijual-for-sale-oleh-herman-22197972,Brand New Minimalist Modern House Near Seminyak Area
21-09-2023,100,100,3,3,0,1,Seminyak,SHM,3500,,2600000000,https://www.rumah.com/listing-properti/dijual-dijual-perumahan-elite-one-gate-system-di-kawasan-exclusive-di-sunset-road-seminyak-kuta-oleh-i-gede-aditya-mahayuta-damaputra-21277264,"Dijual perumahan elite one gate system di kawasan exclusive di Sunset Road, Seminyak, Kuta."
18-09-2023,103,100,2,2,0,1,Seminyak,SHM,3500,,2000000000,https://www.rumah.com/listing-properti/dijual-hunian-semi-villa-lokasi-premium-di-seminyak-oleh-ivan-budiman-22117975,Hunian semi Villa di Seminyak bali
19-09-2023,350,225,3,3,0,2,Nusa Dua,SHM,4400,,3100000000,https://www.rumah.com/listing-properti/dijual-beli-langsung-untung-villa-dijual-ocean-view-mewah-baru-2-menit-ke-pantai-dekat-hotel-mulia-oleh-john-hokky-21972846,BELI LANGSUNG UNTUNG VILLA DIJUAL OCEAN VIEW MEWAH & BARU 2 MENIT KE PANTAI DEKAT HOTEL MULIA
19-09-2023,50,36,2,1,0,0,Nusa Dua,SHM,1300,,535000000,https://www.rumah.com/listing-properti/dijual-rumah-minimalis-di-kampial-nusa-dua-kuta-selatan-badung-bali-oleh-i-wayan-gde-satria-wibawa-putra-18792927,"Rumah minimalis di Kampial Nusa Dua, Kuta Selatan, Badung, Bali"
21-09-2023,100,78,3,3,0,2,Nusa Dua,SHM,2200,,895000000,https://www.rumah.com/listing-properti/dijual-hunian-konsep-modern-tropis-terlaris-dan-termurah-kwalitas-terbaik-di-nusa-dua-badung-oleh-i-gede-aditya-mahayuta-damaputra-22135269,Hunian konsep modern tropis Terlaris Dan Termurah Kwalitas Terbaik di Nusa Dua Badung
16-09-2023,124,70,2,1,1,0,Nusa Dua,SHM,2200,,1250000000,https://www.rumah.com/listing-properti/dijual-rumah-baru-view-laut-di-nusa-dua-bali-oleh-arum-21894434,Rumah baru view laut di Nusa Dua Bali
21-09-2023,104,300,5,4,0,2,Nusa Dua,SHM,5500,,3200000000,https://www.rumah.com/listing-properti/dijual-modern-house-with-ocean-view-in-nusa-dua-siligita-oleh-henry-setiono-22200295,Modern House With Ocean View in Nusa Dua Siligita
08-07-2023,250,436,5,3,0,0,Semarapura,SHM,6600,,2500000000000,https://www.rumah123.com/properti/semarapura/hos12342924/,"Rumah Dijual Semarapura Ada 2 sertifikat, masing-masing ada IMB.
Bekas tempat praktek Dokter, terdiri dari :
*3 KT( 1ada kamar mandi dalam)
*2 Ruang tamu yang jadi satu
*1 Ruang makan, dapur kotor, dapur bersih, 1kamar mandi di belakang.
*1 KT, Taman( kolam), KT 1, KM 1

Ada 2 meteran listrik, 6600 Watt dan 4400 Watt.
Ada 8 unit AC , Full furnished

Rumah sarang burung walet di lantai 3, sudah menghasilkan .
"