created_at,LT,LB,KT,KM,Garasi,Carport,Lokasi,Sertifikat,Listrik,Hadap,Harga,URL,Deskripsi
25 - 10 - 2021,131,85,3,2,-,-,"Anggrek, Gorontalo",HGB,1300,-,RP. 200.000.000,https://www.rumah123.com/properti/gorontalo/hos9049724/,"Lokasi di dalam komplek, dekat puskesmas , polsek dan terminal"
07 - 07 - 2021,825,620,10,4,10,10,"JI. Hos Cokroaminoto, Biluhu, Gorontalo",SHM,3300,-,RP. 7.000.000.000,https://www.rumah123.com/properti/gorontalo/hos8402100/,"Sangat strategis di tengah kota
Rumah usaha cocok untuk, Kantor, Restaurant, kafe,mini market, hotel, tempat kost. lokasi 300m dari Citymall gorontalo."
23 - 10 - 2021,825,365,7,3,5,2,"JI. Hos Cokroaminoto, Biluhu, Gorontalo",SHM,16500,Timur,RP. 7.500.000.000,https://www.rumah123.com/properti/gorontalo/hos9040729/,"MAU TINGGAL LANJUTIN USAHA?? ATAU MAU RUMAHNYA AJA??

bisa banget. Nego harga dan apa yang menguntungkan kedua pihak."
02 - 01 - 2021,1500,600,5,3,8,8,"Anggrek, Gorontalo",SHM,2200,-,RP. 2.500.000.000,https://www.rumah123.com/properti/gorontalo/hos7734736/,"
Di jual rumah dan tanah beserta bangunan walet dan 1 unit rumah di belakang.lokasi sangat strategis besar dan luas masih ada tanah di samping ukuran 11x50."
02 - 07 - 2021,952,875,28,28,-,-,"Palu Selatan, Palu",SHM,-,-,RP. 1.500.000.000,https://www.rumah123.com/properti/palu/hos8516437/,"Dijual dengan harga murah!
Rumah kost besar di Jalan Garuda Palu, Sulawesi Tengah.
UNFURNISHED.
Lokasi sangat strategis dekat dengan bandara hanya 5 menit, 28 unit kamar kost = kamar mandi dan dapur ada d dalam kamar kost serta setiap unit ada meteran listrik dan PAM.
Lokasinya pun bebas banjir dan dekat dengar pusat belanja serta Universitas."
27 - 06 - 2021,1000,456,4,3,4,4,"Palu Timur, Palu",SHM,2200,-,RP. 1.500.000.000,https://www.rumah123.com/properti/palu/hos8494775/,"RUMAH TINGGAL, DENGAN HALAMAN LUAS,LOKASI SANGAT STRATEGIS, GARASI UNTUK 3 MOBIL, TAMBAHAN KAMAR 2 DIBELAKANG, DAN DAERAH AMAN GEMPA DAN BANJIR,BANGUNAN KUAT"
06 - 03 - 2021,291,200,5,4,2,2,"Palu Selatan, Palu",SHM,2200,-,RP. 2.000.000.000,https://www.rumah123.com/properti/palu/hos8005079/,"rumah berlokasi ditengah Kota Palu, dekat
kemana-mana.
Model modern minimalis
Zona hijau, air mudah.
"
26 - 11 - 2020,117,80,3,2,1,1,"Poasia, Kendari",SHM,2200,-,RP. 495.000.000,https://www.rumah123.com/properti/kendari/hos7604076/,"Perumahan Modern di Kendari Hunian eksklusif dengan berbagai macam fasilitas yang mengusung konsep bernuansa Villa hijau alami yang dikembangkan secara modern. View Kota Kendari Diatas Perbukitan Yang yang Sejuk dan Asri AKses : 5 Menit Ke Kantor Gubernur Sultra 5 Menit Ke Kantor Polda Sultra 10 Menit Ke Kampus Universitas Haluoleo 10 Menit Kepasar Andonuhu 15 Menit Ke Rumah Sakit Kota Kendari, 15 Menit Ke Mesjid Al-Alam Kendari 30 Menit ke Bandara udara Haluoleo"
23 - 03 - 2021,115,50,2,1,1,1,"Poasia, Kendari",SHM,1300,-,RP. 340.000.000,https://www.rumah123.com/properti/kendari/hos8067971/,Rumah Siap Huni Type 50 Desain Kekinian Di Kota Kendari Dijual Rumah Di Cluster Daerah Kendari Dijual Rumah Cluster di Daerah Kendari Lb. 50/ Lt. 115 Kt. 2 Km. 1 Type 1 Lt Fasilitas: - Carport - Taman pribadi - Garasi Harga : Rp 325.000.xxx Akses : - 2 km dari Kantor Gubernur Dan Polda Sultra - 2 Km Ke Pasar Andonuhu - 3 Km Ke Rumah Sakit Abunawas Kendari - 5 Km Ke Kampus UHO Kendari
19 - 01 - 2021,152,100,3,2,1,1,"Mandonga, Kendari",SHM,2200,-,RP. 795.000.000,https://www.rumah123.com/properti/kendari/hos7800428/,Dijual Rumah Mewah dengan desain modern Di Jl. Gersamata Wua Wua Kendari. 
28 - 01 - 2021,115,50,2,1,1,1,"Poasia, Kendari",SHM,1300,-,RP. 340.000.000,https://www.rumah123.com/properti/kendari/hos6003092/,"Naswa Hills Rumah Dijual Di Kota Kendari Type 50, Jl. Banteng Andonuhu Kendari, di Tengah Kota Kendari Akses 5 Menit Ke Kantor Gubernur 10 menit Ke kampus UHO 10 Menit Rumah Sakit Abunawas 5 Menit ke Pasar Andonuhu Keunggulan Bangunan Menggunakan Batu Bata dan Kayu Berkelas Menggunakan Batu Alam"
28 - 01 - 2021,119,110,3,2,1,1,"Poasia, Kendari",SHM,2200,-,RP. 950.000.000,https://www.rumah123.com/properti/kendari/hos6000871/,"
Dijual Rumah Baru Dipusat Kota Kendari, Lokasi sangat strategis dipusat Pemerintahan Kota Kendari.
Akses :
10 Menit Kampus Baru Universitas Haluoleo, 5 Menit Bundaran Andonuhu, 10 Menit Lippo Plaza Kendari, Unit Terbatas Hanya 10 Unit
Perumahan Naswa Regency Merupakan Perumahan dengan Konsep Cluster Exclusive dengan One Gate Systen. Segera Miliki Kesempatan anda untuk memili rumah dengan design Modern
Lokasi : Jalan Poros Panglima Polim Andonuhu, Kota Kendari"
11 - 10 - 2021,158,100,2,1,-,1,"Lasusua, Kolaka Utara",SHM,1300,Utara,RP. 300.000.000,https://www.rumah123.com/properti/kolaka-utara/hos8974777/,"Jl Tani, Watuliwu kec Lasusua Kolaka utara
Sangat strategis, dekat Jl. poros, sertifikat Hak Milik, luas tanah 158 mtr, 2 K.tidur, 1 K.mandi, R.tamu, R.keluarga, Dapur, listrik 1300wtt, Kotak, pondasi Cakar ayam siap 2 lantai, Harga 300 jta"
12 - 10 - 2020,115,50,2,1,1,1,"Poasia, Kendari",SHM,1300,-,RP. 325.000.000,https://www.rumah123.com/properti/kendari/hos7422141/,"Rumah dijual type 50 daerah andonuhu Kendari
Perumahan dengan konsep villa modern bebas banjir berada didaeah perbukitan dapat menikmati view kota kendari. perumahan yang nyaman,asri dan sejuk. Perumahan dibangun dengan material dan bahan bahan pilihan dengan kualitas premium.
Akses :
3 Menit ke Kantor gubernur polda sultra
5 Menit Kepasar Andonuhu
5 Menit ke Rumas Sakit Kota Kendari"
08 - 06 - 2020,110,119,3,2,1,1,"Poasia, Kendari",SHM,2200,-,RP. 950.000.000,https://www.rumah123.com/properti/kendari/hos6661190/,"Telah Hadir Perumahan dengan konsep private modern, lingkungan perumahan yang sejuk dan asri.
perumahan dekat pusat pemerintahan provinsi Sultra, cuma 3 menit ke kantor gubernur Sulawesi Tenggara, dekat pasar andonuhu dan rumah sakit kota Kendari, perumahan dengan kluster ekslusi cuma 10 unit"
20 - 04 - 2020,117,60,3,2,1,1,"Poasia, Kendari",SHM,1300,-,RP. 395.000.000,https://www.rumah123.com/properti/kendari/hos6458405/,"Perumahan elit di Kota Kendari, Bebas Banjir dekat Pusat Pemerintahan, Dekat Rumah Sakit Kota Kendari, Dekat Bundaran Andonuhu, Dekat Mesjid Al-Alam Kendari Dekat Pasar Andonuhu, Dekat Kantor Gubernur Sulawesi Tenggara, Perumahan Dekat Polda Sulawesi Tenggara. Hub Telp/WA : 0852-4150-1xxx (FERA) 1. Keunggulan Lokasi Dekat dengan Kantor Gubernur Dekat dengan Kantor POLDA Sultra Dekat dengan Kantor Dinas Kesehatan, Pramuka, BPS, Kantor Bahasa, Inspektorat, Dinas Sosial, Badan POM dll Dekat SMA, SMP, dan SD Dekat Pasar dan Swalayan Dekat Puskesmas Dekat Kampus UHO dan Poltekes 2. Keunggulan Konsep Hunian dan Kawasan Menggunakan Konsep Villa yang bebas BANJIR Cluster One Gate System dengan Bangunan Tunggal Sarana Umum Taman bermain Sarana Masjid"
01 - 03 - 2020,120,115,3,2,1,1,"Baruga, Kendari",SHM,2200,-,RP. 1.100.000.000,https://www.rumah123.com/properti/kendari/hos6233298/,"Naswa Residence Sisa 1 Unit Sistem Indent, Pengerjaan Rumah 3 Bulan setelah DP dilunasi
type 115, perumahan bebas banjir
2 Lantai, ada garasinya, taman, jalan lebar
lokasi premium, kawasan perumahan elite
Akses : 5 Menit Ke Rumah Sakit Bahteramas, 10 Menit Ke Bandara Haluoleo
5 Menit Ke Brimob Sultra
5 Menit Ke Kampus IAIN Kendari
5 Menit Ke Pasar Baruga
2 Menit Ke TKIT-SDIT-SMPIT Al-Qalam Kendari"
11 - 10 - 2021,25,7,3,1,-,1," Jln Jendral Sudirman, Tojo Una Una Kab",SHM,900,Utara,RP. 250.000.000,https://www.realoka.com/204291-penjualan-rumah-di-bailo-tojo-una-una,"Jual rumah bersertifikat,alamat kec.Ampana kota kel.bailo kab.tojo Una una provinsi sulteng harga bisa negoüëçüëçüëçüëçüëç
Bangunan rumah permanen,thn pembuatan 2018"
09 - 05 - 2021,177,54,2,1,-,1,"Kota Palu, Sulawesi Tengah,",SHM,-,-,RP. 198.000.000,https://www.realoka.com/173682-perumahan-rumah-type-54-harga-promo,"Perumahan Silae Hills Residence dengan lokasi yang strategis dan kawasan yang asri dan eksklusif. Lingkungan bersih dan nyaman. Terletak di Jln. Malonda, Ulujadi, Kota Palu Sulawesi Tengah. Keamanan terjamin dengan memiliki security 24 jam juga dilengkapi dengan CCTV. Akses dekat dengan Rumah sakit, Pusat Perbelanjaan, Bandara, Terminal angkutan umum"
10 - 01 - 2021,1054,300,4,3,-,1,"Kec. Mantikulore, Kota Palu, Sulawesi Tengah ",SHM,2200,-,RP. 2.200.000.000,https://www.realoka.com/146653-dijual-rumah-2-lt-tanah-luas-strategis-pinggir-jalan-di-kota-palu,"Rumah dengan lingkungan yang Asri dan nyaman, lahan halaman dan taman yang luas ini terletak Di pinggir jalan, tata bangunan dan Ukuran halaman yang Di bangun sangat proposional dan berkonstruksi kokoh dengan struktur bangunan anti goncangan berlantai 2 dengan balcony. Rumah ini terbukti aman, kokoh dan kuat Karena Di bangun dengan perencanaan jangka panjang dan menyesuaikan kekuatan struktur terbaik layaknya pondasi jembatan."
11 - 12 - 2020,150,42,2,1,-,-," Jl. Hasanudin Toto, Palu Kota",SHM,-,Utara,RP. 250.000.000,https://www.realoka.com/117686-di-jual-cepat-rumah-terletak-di-perumahan-silae-green,Lokasi Perumahan yang berdekatan dengan objek wisata Taman Ria dan Perbelanjaan MATAHARI.
06 - 12 - 2021,200,160,3,2,1,-,"Rajawali Town Square, Kendari, Sulawesi Tenggara",SHM,1200,-,Rp. 550.000.000,https://www.99.co/id/properti/rumah-dijual-550jt-poasia-masuk-521251386,"Dijual rumah di perumahan Rajawali Town Square Anduonohu, berada di komplek perumahan yang aman, bebas banjir, dekat dengan semua fasilitas umum, rumah sakit,perbankkan, dan pusat perbelanjaan. sangat cocok untuk tempat tingaal atau investasi."
06 - 12 - 2021,150,60,3,4,1,-,"Graha Asri, Kendari, Sulawesi Tenggara",SHM,2200,Timur ,Rp. 550.000.000,https://www.99.co/id/properti/rumah-dijual-550jt-puuwatu-jalan-835050589,"Dijual rumah di perumahan Rajawali Town Square Anduonohu, berada di komplek perumahan yang aman, bebas banjir, dekat dengan semua fasilitas umum, rumah sakit,perbankkan, dan pusat perbelanjaan. sangat cocok untuk tempat tingaal atau investasi."
06 - 12 - 2021,135,215,5,5,1,1,"Kemaraya Regency, Kendari, Sulawesi Tenggara",SHM,2200,Timur ,Rp. 1.950.000.000,https://www.99.co/id/properti/rumah-dijual-1-95mily-kendari-231321088,"Dijual/disewa rumah mewah di komplek Kemaraya Regency samping Hotel Claro dan Same Hotel By Pass Kendari, di jual di bawah harga pasar."
08 - 11 - 2021,98,36,2,1,-,1,"Aroma Bukit Indah, Kendari, Sulawesi Tenggara",HGB,900,-,Rp. 156.500.000,https://www.99.co/id/properti/rumah-dijual-156jt-baruga-murah-171346807,"Lokasi bebas banjir, aman dan strategis
- Dekat RS Aliyah 3
- Dekat RS Bahteramas
- 5 menit menuju POLDA dan Gubernuran
- 5 menit menuju Brimob
- 15 menit menuju Bandara Haluoleo"
08 - 11 - 2021,97,36,2,1,-,1,"Bumi Praja Residence, Kendari, Sulawesi Tenggara",HGB,900,-,Rp. 156.500.000,https://www.99.co/id/properti/rumah-dijual-156jt-poasia-350418288,"Lokasi kawasan perkantoran Andounohu
Bebas banjir dan strategis"
03 - 11 - 2021,84,36,2,1,-,1,"Radja Residence, Kendari, Sulawesi Tenggara",HGB,900,-,Rp. 156.500.000,https://www.99.co/id/properti/rumah-dijual-156jt-ranomeeto-723358009,"Bebas banjir dan strategis- Kelebihan tanah samping
- Kelebihan tanah di belakang untuk pengembangan dapur"
27 - 11 - 2021,150,50,2,1,-,-,"Palu Selatan, Palu, Sulawesi Tengah",SHM,1300,-,Rp. 300.000.000,https://www.rumah.com/listing-properti/dijual-rumah-di-palu-di-sulawesi-tengah-oleh-syifa-18771561,"lokasi strategis, bangunan apa adanya, lingkungan aman dan nyaman, akses dekat dengan sarana dan prasarana umum..."
08 - 12 - 2021,145,80,2,2,-,1,"Jalan Garuda, Palu Selatan, Sulawesi Tengah",SHM,900,-,Rp. 650.000.000,rumah.com/listing-properti/dijual-rumah-asri-murah-dekat-bandara-dalam-kota-palu-oleh-rahmat-aw-18702056,"Lokasi yang sangat strategis berada di pusat kota Palu, Ibukota Provinsi Sulawesi Tengah, menjadikan hunian ini menjadi salah satu pilihan buat anda pasangan muda milenial yang menginginkan aksesibilitas yang mudah dan cepat"
04 - 12 - 2021,1000,456,4,3,3,6,"Jln Maleo, Lasoani, Palu Timur, Sulawesi Tengah",SHM,2200,-,Rp. 1.500.000.000,https://www.rumah.com/listing-properti/dijual-rumah-besar-beserta-isi-pinggir-jalan-di-kota-palu-oleh-ginanjar-agung-18745900,"RUMAH TINGGAL, DENGAN HALAMAN LUAS,LOKASI SANGAT STRATEGIS, GARASI UNTUK 3 MOBIL, TAMBAHAN KAMAR 2 DIBELAKANG, DAN DAERAH AMAN GEMPA DAN BANJIR,BANGUNAN KUAT"
11 - 10 - 2021,126,73,2,1,1,1,"Grand Garden, Toli-Toli, Sulawesi Tengah
",SHM,1300,-,Rp. 200.000.000,https://www.rumah.com/listing-properti/dijual-rumah-baru-tanah-luas-murah-dalam-perumahan-oleh-heru-ariadi-18638807,"Rumah Baru, Tanah Luas, Murah, Dalam Perumahan"
09 - 12 - 2021,152,100,3,2,1,1,"Jl. Gersamata Kendari, Wua-Wua, Kendari, Sulawesi Tenggara",SHM,2200,-,Rp. 870.000.000,https://www.rumah.com/listing-properti/dijual-dijual-rumah-mewah-di-wua-wua-kendari-naswa-gersamata-oleh-umul-salim-18121694,"Dijual Rumah Mewah dengan desain modern Di Jl. Gersamata Wua Wua Kendari.
Luas Tanah 152m2
Luas Bangunan 100m2
3 Kamar Tidur
2 Ruang Keluarga
2 Kamar Mandi
Teras lantai 1 dan Lantai 2
Halaman Luas, Parkir Luas, Bisa 1 Mobil
Luas Tanah 8,9 Meter x 16 Meter"
03 - 12 - 2021,45,78,2,1,-,-,"Moncongloe, Maros",SHM,1300,Selatan,Rp. 298.000.000,https://www.rumah123.com/properti/maros/hos9154318/,"GEBYAR LAUNCHING PERDANA
TELAH HADIR DI KOTA ANDA!!!"
03 - 12 - 2021,96,46,3,1,1,1,"Tamalanrea, Makassar",SHM,1300,-,Rp. 741.000.000,rumah123.com/properti/makassar/hos9276388/,"Cluster Alamanda Tallasa City menawarkan tipe 49/96 dengan desain moderen dan ruangan fungsional sesuai kebutuhan, dan dilengkapi fasilitas seperti : Jongging Track, One Gate Security System & CCTV, Amphitheater, Out Door Gym, Children Playground, Multi Purpose Area, Side Walk & Sitting Area.
Cara bayar dapat di Cash dan KPR."
26 - 11 - 2021,105,140,4,3,1,1,"Tamalate, Makassar",SHM,2200,Barat,Rp. 1.790.000.000,https://www.rumah123.com/properti/makassar/hos9194889/,"Strategis:
-Dekat RSUD Haji Makassar
-Dekat Kantor Camat Tamalate
-Dekat Toko Grand Mode
-Dekat Mall Trans Studio"
26 - 11 - 2021,105,180,5,3,2,2,"Panakukkang, Makassar",SHM,2200,Timur,Rp. 1.500.000.000,https://www.rumah123.com/properti/makassar/hos8935172/,Rumah berada di lokasi strategis dekat Mall nipah. Kampus. Sekolah dan perkantoran
26 - 11 - 2021,180,150,6,3,1,1,"Mariso, Makassar",SHM,1300,Timur,Rp. 700.000.000,https://www.rumah123.com/properti/makassar/hos9196763/,Rumah berada di lokasi strategis dekat dari Mall.pantai losari.sekolah dan perkantoran
26 - 11 - 2021,112,150,4,4,1,1,"Sudiang, Makassar",SHM,1300,Selatan,Rp. 800.000.000,https://www.rumah123.com/properti/makassar/hos9097025/,Rumah berada di lokasi strategis dekat bandara.indo grosir. Pasar. Sekolah dan perkantoran
19 - 11 - 2021,92,45,2,1,-,-,"Mandai, Maros",SHM,1300,Selatan,Rp. 455.000.000,https://www.rumah123.com/properti/maros/hos9095698/,Perumagan selangkah dari bandara
11 - 11 - 2021,101,101,1,1,-,-,"Sudiang, Makassar",SHM,900,Timur,Rp. 650.000.000,https://www.rumah123.com/properti/makassar/hos8817739/,Rumah siap huni samping polda
24 - 11 - 2021,96,36,2,1,-,1,"Tanjung Bunga, Makassar",SHM,1300,Tenggara,Rp 550.000.000,https://www.rumah123.com/properti/makassar/hos8628135/,"Rumah Di Tanjung Bunga dekat ke Sekolah Dian Harapandekat ke Trans Studio, dekat pantai Akarena. Dekat tempat kuliner dll"
24 - 11 - 2021,102,145,3,3,1,1,"Tallo, Makassar",SHM,2200,-,Rp.1.600.000.000,https://www.rumah123.com/properti/makassar/hos2592106/,dipasarkan rumah mewah teuku mansion dengan lokais sangat strategis yang dimana daerah rumah mewah ini berlokasi di tol yang modelnya sangat modern dan sangat baik untuk hunian asri dan metropolitan 
17 - 11 - 2021,88,72,2,2,-,1,"Ballaparang, Makassar",SHM,1300,-,Rp. 850.000.000,https://www.rumah123.com/properti/makassar/hos9176465/,HOTTT SALE!!!!
17 - 11 - 2021,120,152,3,2,1,1,"Maros Baru, Maros",SHM,1300,-,Rp. 500.000.000,https://www.rumah123.com/properti/maros/hos7211915/,"The bandara residence : 9 km dari bandara hasanuddin, 200 mtr dari SPBU, 100 mtr dari pusat jajanan kuliner, +- 3 km dari sekolahan, 6 km dari grand mall waterboom maros, 12 km dari taman wisata bantimurung Tinggal masuk rumah aja, dijual karena BU dan siap buyback lagi kemudian hari. Harga masih nego Full furnished AC Kompor tanam Kitchen Set Water heater Kanopi Pagar"
17 - 11 - 2021,102,132,3,2,1,1,"Tanjung Bunga, Makassar",SHM,4400,Barat,Rp. 975.000.000,https://www.rumah123.com/properti/makassar/hos8264122/,Dimensi (PxL) : 6 X 17 Hadap : barat Air PDAM atau Bor ; PDAM bor
23 - 11 - 2021,128,110,3,3,-,1,"Tanjung Bunga, Makassar",SHM,2200,Barat Daya,Rp. 2.000.000.000,https://www.rumah123.com/properti/makassar/hos9212807/,"The Clove Residence
8x16
Dekat Mall Trans
Dekat Mesjid
 Dekat Rumah Sakit
 Dekat dengan Food Station"
15 - 11 - 2021,119,84,3,2,-,2,"Tallo, Makassar",SHM,2200,Timur,Rp.1.200.000.000,https://www.rumah123.com/properti/makassar/hos9157983/,Rumah siap huni baru dicat rapi lokasix di dalam kompleks dengan security one gate system. Posisi terbaik dan aman karena rumah posisix pertama / paling depan dan dekat pos security. Nilai tanah jg lbh bagus krn dekat jalan Gatot Subroto dan jg jalan kompleks yg lebar x 9 meter. Area parkiran ckp luas.
05 - 12 - 2021,105,70,3,2,1,1,"Tanjung Bunga, Makassar",SHM,2200,Barat Laut,Rp. 950.000.000,https://www.rumah123.com/properti/makassar/hos9256128/,"Rumah 1 lantai cluster Grand Orchard
3 kamar Tdr, 2 kamar mandi
Plafon tinggi 5,5 mtr
Security 24 jam"
05 - 12 - 2021,168,197,4,3,-,-,"Makassar, Makassar",SHM,3500,-,Rp. 5.000.000.000,https://www.rumah123.com/properti/makassar/hos4559558/,Rumah Dijual Jalan Sungai Saddang Baru Makassar Kecamatan Makassar Kelurahan Bara Baraya Selatan Kompleks Green City Kecamatan Makassar Kelurahan Bara Baraya Lokasi tengah kota. Sangat Strategis
03 - 12 - 2021,102,132,3,2,1,1,"Tanjung Bunga, Makassar",SHM,-,Barat,Rp. 975.000.000,https://www.99.co/id/properti/rumah-area-tanjung-bunga-dekat-dengan-trans-studio-42895677957,Dimensi (PxL) : 6 X 17 Hadap : barat Air PDAM atau Bor ; PDAM bor
11 - 12 - 2021,88,72,2,2,-,-,"
Pelita Raya Tengah, Makassar",SHM,-,-,Rp. 850.000.000,https://www.99.co/id/properti/rumah-pelita-raya-tengah-29359994158,HOTTT SALE!!!!
10 - 12 - 2021,90,75,3,1,-,1,"Kabupaten Minahasa Utara, Sulawesi Utara",HGB,1300,-,RP. 689.000.000,https://www.rumah123.com/properti/manado/hos9317577/,Perumahan paling laris hanya 6 menit dari bandara. Perumahan Bebas Banjir harga Terjangkau. One gate System Security 24 jam
10 - 12 - 2021,180,70,3,2,-,1,"Kota Manado, Sulawesi Utara 12345",HGB,1300,-,RP. 1.210.000.000,https://www.rumah123.com/properti/manado/hos9317408/,"Adalah kawasan yang strategis, dengan dengan pusat kota dan fasilitas umum serta akses yang sangat mudah,
Dengan tampilan yang modern
Lembah Nyiur Kairagi Mas merupakan salah satu kawasan dengan nilai investasi tinggi"
10 - 12 - 2021,257,436,16,-,-,-,"Malalayang, Manado",SHM,-,-,RP. 2.300.000.000,https://www.rumah123.com/properti/manado/hos9317070/,Dijual cepat rumah kos 16 kamar di winangun kota manado
10 - 12 - 2021,120,220,5,3,-,-,"Malalayang, Manado",SHM,-,-,RP. 1.500.000.000,https://www.rumah123.com/properti/manado/hos9316991/,Dijual rumah bagus di perumahan citraland siap tinggal sudah renov
10 - 12 - 2021,90,60,2,1,-,-,"Mapanget, Manado",SHM,-,-,RP. 650.000.000,https://www.rumah123.com/properti/manado/hos9316921/,Dijual murah rumah bagus di perumahan tamansari
10 - 12 - 2021,75,45,2,1,-,1,"Mapanget, Manado",SHM,1300,-,RP. 460.000.000,https://www.rumah123.com/properti/manado/hos9310656/,"Perumahan paling laris di Manado hanya 6 menit dari Bandara. Sisa 18 unit dari total 108 unit. Perumahan Bebas Banjir.
One Gate System security 24jam. Row jalan perumahan lebar lokasi tepi jalan umum. Hanya 2 menit dari jalan raya Manado. ."
03 - 12 - 2021,120,52,-,1,1,1,"Wanea, Manado",HGB,1300,Timur,RP. 1.060.000.000,https://www.rumah123.com/properti/manado/hos9277354/,"Lokasi rumah baru siap tinggal lengkap dengan perabotan ini berada di perumahan eklusiv Citraland.

Daerah aman dan nyaman serta bebas banjir dan tanah longsor."
03 - 12 - 2021,350,144,6,2,-,-,"Malalayang, Manado",SHM,2200,Barat,RP. 875.000.000,https://www.rumah123.com/properti/manado/hos9277343/,"Lokasi rumah sangat menarik ini berada di daerah malalayang.

Daerah aman dan nyaman serta bebas banjir dan tanah longsor.
"
03 - 12 - 2021,119,45,2,1,-,1,"Mapanget, Manado",SHM,1300,-,RP. 475.000.000,https://www.rumah123.com/properti/manado/hos9276857/,"PERUMAHAN PALING LARIS DI MAPANGET MANADO

Perumahan paling laris dan harga paling murah di mapanget, manado.
Lokasi perumahan strategis, bebas banjir, dan akses mudah.
Dilengkapi one gate system dan security yang menambah keamanan dan kenyamanan anda di dalamnya.
Survey lokasi dan booking unitnya yukkk...
"
03 - 12 - 2021,72,36,2,1,-,1,"Mapanget, Manado",SHM,2200,-,RP. 1.070.000.000,https://www.rumah123.com/properti/manado/hos9276126/,"Tamansari Metropolitan Manado merupakan hunian eksklusif yang dibangun dengan desain arsitektur minimalis tanpa pagar, dilengkapi dengan keamanan 24-jam single access cluster dan estetika taman lingkungan yang asri.
"
03 - 12 - 2021,120,55,2,2,-,1,"Mapanget, Manado",SHM,1300,-,RP. 895.000.000,https://www.rumah123.com/properti/manado/hos9275420/,"LEMBAH NYIUR KAIRAGI MAS
Adalah kawasan yang strategis, dengan dengan pusat kota dan fasilitas umum serta akses yang sangat mudah,
Dengan tampilan yang modern
Lembah Nyiur Kairagi Mas merupakan salah satu kawasan dengan nilai investasi tinggi
"
03 - 12 - 2021,90,45,2,1,-,1,"Mapanget, Manado",HGB,1300,-,RP. 405.000.000,https://www.rumah123.com/properti/manado/hos9275327/,"Perumahan paling laris di Manado hanya 6 menit dari Bandara. Sisa 18 unit dari total 108 unit. Perumahan Bebas Banjir.
One Gate System security 24jam.

Perumahan dengan row jalan perumahan lebar lokasi tepi jalan umum. Hanya 2 menit dari jalan raya Manado. HARGA ALL IN sudah termasuk semua biaya kecuali biaya KPR.
SHGB bisa langsung di SHM kan"
03 - 12 - 2021,180,70,3,2,-,1,"Mapanget, Manado",SHM,1300,-,RP. 1.210.000.000,https://www.rumah123.com/properti/manado/hos9275302/,"LEMBAH NYIUR KAIRAGI MAS
Adalah kawasan yang strategis, dengan dengan pusat kota dan fasilitas umum serta akses yang sangat mudah,
Dengan tampilan yang modern
Lembah Nyiur Kairagi Mas merupakan salah satu kawasan dengan nilai investasi tinggi
"
03 - 12 - 2021,72,62,2,1,-,1,"Mapanget, Manado",HGB,-,-,RP. 1.000.000.000,https://www.rumah123.com/properti/manado/hos9274555/,-
03 - 12 - 2021,132,70,2,1,-,1,"Mapanget, Manado",SHM,-,-,RP. 999.000.000,https://www.rumah123.com/properti/manado/hos9273024/,"RumahReady Stock posisi Hook siap huni
*Lembah Nyiur Kairagi Mas Manado*
Ready Stock tipe Gracia Anggana, unit terbatas
Kawasan perumahan bebas banjir & longsor di dalam Kota Manado."
26 - 11 - 2021,90,45,2,1,-,1,"Mapanget, Manado",SHM,1300,-,RP. 460.000.000,https://www.rumah123.com/properti/manado/hos9209586/,"5JT AJA BISA MILIKI RUMAH CANTIK DI MANADO.
Perumahan paling laris di Manado hanya 6 menit dari Bandara, dengan row jalan perumahan lebar lokasi tepi jalan umum. Hanya 2 menit dari jalan raya Manado. HARGA ALL IN sudah termasuk semua biaya kecuali biaya KPR."
26 - 11 - 2021,150,55,2,1,-,1,"Mapanget, Manado",SHM,1300,-,RP. 782.000.000,https://www.rumah123.com/properti/manado/hos9232703/,"LEMBAH NYIUR KAIRAGI MAS

Perumahan Kairagi Mas, Kairagi Dua, Mapanget, Kairagi Dua, Kec. Mapanget, Kota Manado, Sulawesi Utara 12345

Adalah kawasan yang strategis, dengan dengan pusat kota dan fasilitas umum serta akses yang sangat mudah,
Dengan tampilan yang modern
Lembah Nyiur Kairagi Mas merupakan salah satu kawasan dengan nilai investasi tinggi
"
26 - 11 - 2021,150,70,3,2,-,1,"Mapanget, Manado",SHM,1300,-,RP. 1.060.000.000,https://www.rumah123.com/properti/manado/hos9231037/,"embah Nyiur Kairagi Mas Manado

Perumahan dengan konsep hunian Asri yang bernuansa alam, kebun buah-buahan, sehingga memberikan lingkungannya menjadi hijau dan sejuk."
26 - 11 - 2021,200,145,5,5,-,1,"Mapanget, Manado",SHM,3500,-,RP. 2.220.000.000,https://www.rumah123.com/properti/manado/hos9230850/,"Lembah Nyiur Kairagi Mas Manado

Perumahan dengan konsep hunian Asri yang bernuansa alam, kebun buah-buahan, sehingga memberikan lingkungannya menjadi hijau dan sejuk."
26 - 11 - 2021,90,48,2,1,-,1,"Kalawat, Minahasa Utara",HGB,1300,-,RP. 460.000.000,https://www.rumah123.com/properti/minahasa-utara/hos9230794/,"Perumahan paling laris di Manado hanya 6 menit dari Bandara. Sisa 18 unit dari total 108 unit. Perumahan Bebas Banjir.
One Gate System security 24jam.
Perumahan dengan row jalan perumahan lebar lokasi tepi jalan umum. Hanya 2 menit dari jalan raya Manado. HARGA ALL IN sudah termasuk semua biaya kecuali biaya KPR.
SHGB bisa langsung di SHM kan"
26 - 11 - 2021,90,75,3,1,-,1,"Kalawat, Minahasa Utara",HGB,1300,-,RP. 689.000.000,https://www.rumah123.com/properti/minahasa-utara/hos9230738/,"Perumahan paling laris di Manado hanya 6 menit dari Bandara. Sisa 18 unit dari total 108 unit. Perumahan Bebas Banjir.
One Gate System security 24jam.
Perumahan dengan row jalan perumahan lebar lokasi tepi jalan umum. Hanya 2 menit dari jalan raya Manado. HARGA ALL IN sudah termasuk semua biaya kecuali biaya KPR.
SHGB bisa langsung di SHM kan"
26 - 11 - 2021,105,69,3,2,-,1,"Mapanget, Manado",SHM,2200,-,RP. 1.780.000.000,https://www.rumah123.com/properti/manado/hos9230395/,"Tamansari Metropolitan Manado
Menghadirkan rumah mewah sangat eksklusif di cluster Lihaga 2

Lokasi perumahan yang sangat strategis di jalan Ringroad 1 dan AA Maramis yang tidak jauh ke bandara, jalan tol, pusat kota dan tempat lainnya.
"
25 - 11 - 2021,90,75,3,2,-,1,"Mapanget, Manado",SHM,1300,-,RP. 689.000.000,https://www.rumah123.com/properti/manado/hos9228432/,"Perumahan mewah terlaris nomor 1 di kota Manado. Dijual rumah 2 lantai mewah harga murah 3 menit dari RS.AURI. Booking sekarang sisa 4 unit terakhir. Bisa KPR DP 10%. Perumahan paling laris tepi jalam raya hanya 2 menit dari jalan raya nasional, 6 menit dari Bandara."
19 - 11 - 2021,90,45,2,1,-,1,"Mapanget, Manado",SHM,1300,-,RP. 405.000.000,https://www.rumah123.com/properti/manado/hos9190437/,Perumahan paling laris di Manado hanya 6 menit dari Bandara. Sisa 18 unit dari total 108 unit. Perumahan Bebas Banjir. One Gate System security 24jam. Perumahan dengan row jalan perumahan lebar lokasi tepi jalan umum. Hanya 2 menit dari jalan raya Manado. HARGA ALL IN sudah termasuk semua biaya kecuali biaya KPR.
19 - 11 - 2021,150,60,3,1,1,1,"Kalawat, Minahasa Utara",SHM,1300,Barat,RP. 285.000.000,https://www.rumah123.com/properti/minahasa-utara/hos9190404/,"Lokasi rumah menarik ini berada di daerah kalawat maumbi.

Daerah aman dan nyaman serta bebas banjir dan tanah longsor.
"
19 - 11 - 2021,150,80,2,1,1,1,"Kalawat, Minahasa Utara",SHM,1300,Timur,RP. 300.000.000,https://www.rumah123.com/properti/minahasa-utara/hos9190398/,"Lokasi rumah cantik dan menarik ini berada di daerah kalawat maumbi.

Daerah aman dan nyaman serta bebas banjir dan tanah longsor.
"
19 - 11 - 2021,90,45,2,1,-,1,"Mapanget, Manado",SHM,1300,-,RP. 460.000.000,https://www.rumah123.com/properti/manado/hos9185600/,"RUMAH PALING LARIS CLUSTER MEWAH TERMURAH DEKAT BANDARA

Perumahan paling laris di Manado hanya 6 menit dari Bandara. Sisa 18 unit dari total 108 unit. Perumahan Bebas Banjir.
One Gate System security 24jam."
19 - 11 - 2021,90,45,2,1,-,1,"Mapanget, Manado",SHM,1300,-,RP. 405.000.000,https://www.rumah123.com/properti/manado/hos9185397/,"Perumahan paling laris di Manado hanya 6 menit dari Bandara. Sisa 18 unit dari total 108 unit. Perumahan Bebas Banjir.
One Gate System security 24jam.

Perumahan paling Recomended di Manado, Rumah Murah Harga Terjangkau dengan row jalan perumahan lebar lokasi tepi jalan umum. Hanya 2 menit dari jalan raya Manado. HARGA ALL IN sudah termasuk semua biaya kecuali biaya KPR."
12 - 11 - 2021,480,540,5,5,2,2,"Mapanget, Manado",HGB,3500,-,RP. 9.000.000.000,https://www.rumah123.com/properti/manado/hos9146713/,"Rumah Mewah
Grand Kawanua Manado"
12 - 11 - 2021,700,598,4,5,4,4,"Wanea, Manado",SHM,11000,-,RP. 10.900.000.000,https://www.rumah123.com/properti/manado/hos9145716/,"Rumah Mewah Kawasan Elit yang terletak di
Boulevard Citraland Manado.

4 main bed room + 2 kt pembantu
1 kt sopir/satpam + 1 gudang."
12 - 11 - 2021,90,75,2,1,-,1,"Mapanget, Manado",HGB,1300,-,RP. 690.000.000,https://www.rumah123.com/properti/manado/hos9144998/,"RUMAH PALING LARIS HARGA TERMURAH LOKASI STRATEGIS DEKAT JALAN UTAMA DI MANADO
Lokasi : Manado, Sulawesi Utara
Hubungi : Laras Wastu

Dijual rumah murah di Mapanget, Manado. Rumah murah dengan row jalan perumahan lebar lokasi tepi jalan umum. Hanya 2 menit dari jalan raya Manado. HARGA ALL IN sudah termasuk semua biaya kecuali biaya KPR."
12 - 11 - 2021,90,48,2,1,-,1,"Mapanget, Manado",HGB,1300,-,RP. 460.000.000,https://www.rumah123.com/properti/manado/hos9144952/,"RUMAH MURAH AKSES MUDAH DEKAT DENGAN BANDARA SAMRATULANGI
Lokasi : Manado, Sulawesi Utara
Hubungi : Laras Wastu

Dijual rumah murah di Mapanget, Manado. Perumahan dengan row jalan perumahan lebar lokasi tepi jalan umum. Hanya 2 menit dari jalan raya Manado. HARGA ALL IN sudah termasuk semua biaya kecuali biaya KPR."
12 - 11 - 2021,98,45,2,1,-,1,"Kalawat, Minahasa Utara",SHM,-,-,RP. 494.000.000,https://www.rumah123.com/properti/minahasa-utara/hos9143678/,Rumah Ready Stock di Vanesia Hil
12 - 11 - 2021,90,45,2,1,-,1,"Mapanget, Manado",SHM,1300,-,RP. 460.000.000,https://www.rumah123.com/properti/manado/hos9138218/,"PROMO 11.11 KEEP RUMAH MURAH MANADO HANYA 500rb SAJA.
Perumahan paling laris di Manado hanya 6 menit dari Bandara. Sisa 18 unit dari total 108 unit. Perumahan Bebas Banjir. One Gate System security 24jam. Perumahan dengan row jalan perumahan lebar lokasi tepi jalan umum. Hanya 2 menit dari jalan raya Manado. HARGA ALL IN sudah termasuk semua biaya kecuali biaya KPR."
11 - 11 - 2021,90,45,-,1,-,1,"Mapanget, Manado",SHM,1300,-,RP. 405.000.000,https://www.rumah123.com/properti/manado/hos9143179/,"PERUMAHAN MEWAH TERLARIS 2 MENIT DARI RS.AURI
Lokasi : Mapanget
Hubungi : Lisa Wastu

Perumahan mewah di Manado. Beli sekarang sisa 2 unit terakhir rumah mewah dekat Bandara. 2 menit dari RS. AURI. Dijual rumah cantik di Manado harga dijamin paling murah. Beli sekarang sebelum kehabisan rumah paling laris di Manado."
05 - 11 - 2021,90,45,2,1,-,1,"Mapanget, Manado",SHM,1300,-,RP. 459.000.000,https://www.rumah123.com/properti/manado/hos9111040/,"DIJUAL RUMAH MURAH DEKAT BANDARA TEPI JALAN UTAMA MANADO HARGA 400 JUTAAN

Perumahan paling laris di Manado hanya 6 menit dari Bandara. Sisa 18 unit dari total 108 unit. Perumahan Bebas Banjir.
One Gate System security 24jam."
05 - 11 - 2021,119,45,2,1,1,1,"Mapanget, Manado",HGB,1300,-,RP. 475.000.000,https://www.rumah123.com/properti/manado/hos9109909/,"RUMAH BARU PALING LARIS DI MANADO DEKAT TUGU ADIPURA

Lokasi :Mapanget, Kabupaten Minahasa Utara, Sulawesi Utara
Hubungi : Devi Wastu Property (+6287751062xxx)
https://wa.me/6287751062xxx

Perumahan paling laris di Manado hanya 6 menit dari Bandara. Sisa 18 unit dari total 108 unit. Perumahan Bebas Banjir.
One Gate System security 24jam.

Perumahan dengan row jalan perumahan lebar lokasi tepi jalan umum. Hanya 2 menit dari jalan raya Manado. HARGA ALL IN sudah termasuk semua biaya kecuali biaya KPR.

SHGB bisa langsung di SHM kan"
05 - 11 - 2021,90,45,2,1,-,1,"Mapanget, Manado",HGB,1300,-,RP. 405.000.000,https://www.rumah123.com/properti/manado/hos9108971/,"RUMAH TERLARIS ONE GATE SYSTEM TEPI JALAN UTAMA DI MANADO
Kami hadirkan rumah dengan desain modern 2 kamar tidur di tepi jalan utama, serta dekat Bandara di Manado. Rumah ini rumah paling laris dan bebas banjir, jadi nyaman serta aman untuk menghuni rumah ini. Segera survey dan langsung aja booking unitnya."
05 - 11 - 2021,90,45,2,1,-,1,"Mapanget, Manado",HGB,1300,-,RP. 405.000.000,https://www.rumah123.com/properti/manado/hos9108885/,"RUMAH TERLARIS ONE GATE SYSTEM TEPI JALAN UTAMA DI MANADO
Kami hadirkan rumah dengan desain modern 2 kamar tidur di tepi jalan utama, serta dekat Bandara di Manado. Rumah ini rumah paling laris dan bebas banjir, jadi nyaman serta aman untuk menghuni rumah ini. Segera survey dan langsung aja booking unitnya."
04 - 11 - 2021,90,48,-,1,-,1,"Mapanget, Manado",SHM,1300,-,RP. 460.000.000,https://www.rumah123.com/properti/manado/hos9106587/,"PERUMAHAN TERLARIS DI MANADO DP 10%
Lokasi : Mapanget
Hubungi : Lisa Wastu

Perumahan paling laris di Manado. Lokasi tepi jalan utama row jalan lebar 7m hanya 6 menit dari Bandara. Kawasan bebas banjir. Beli sekarang sebelum kehabisan. Harga dijamin paling murah DP 10%."
29 - 10 - 2021,90,45,2,1,-,1,"Mapanget, Manado",SHM,1300,-,RP. 405.000.000,https://www.rumah123.com/properti/manado/hos9074888/,"RUMAH CANTIK TERMURAH GRATIS SEMUA BIAYA DI MANADO
Lokasi : Mapanget
Hubungi : Lisa Wastu

Rumah cantik tepi jalan utama 6 menit dari Bamdara. Dijual rumah murah paling laris. Perumahan one gate system dengan 24 jam security. Perumahan paling laris sisa 18 unit terakhir dari total 108unit. Harga dijamin paling murah gratis semua biaya. Beli sekarang juga sebelum kehabisan unit."
29 - 10 - 2021,719,1124,7,8,7,7,"Malalayang, Manado",SHM,-,Timur,RP. 9.000.000.000,https://www.rumah123.com/properti/manado/hos9074591/,"Rumah Manado
View laut & Kota
Lokasi Strategis
Bebas banjir & Longsor"
29 - 10 - 2021,719,1124,7,8,7,7,"Malalayang, Manado",SHM,-,Timur,RP. 9.000.000.000,https://www.rumah123.com/properti/manado/hos9074575/,"Rumah Mewah View Laut & Kota Manado
Dekat universitas Kedokteran & RS.Malalayang"
29 - 10 - 2021,719,1124,7,8,7,7,"Malalayang, Manado",SHM,5500,Timur,RP. 9.000.000.000,https://www.rumah123.com/properti/manado/hos9074507/,"Rumah mewah view laut & Kota Manado
Rumah baru
Dekat RS.Malalayang, Universitas Kedokteran
Dalam Kota Manado"
29 - 10 - 2021,719,1124,7,8,7,7,"Malalayang, Manado",SHM,5500,Timur,RP. 9.000.000.000,https://www.rumah123.com/properti/manado/hos9074337/,"Rumah Mewah Manado
View Laut dan Kota"
29 - 10 - 2021,90,45,-,1,-,1,"Mapanget, Manado",SHM,1300,-,RP. 460.000.000,https://www.rumah123.com/properti/manado/hos9073531/,"RUMAH CANTIK TERMURAH ALL IN 6 MENIT DARI BANDARA.
Lokasi : Mapanget
Hubungi : Lisa Wastu

Rumah murah 6 menit dari Bandara. Rumah cantik bebas banjir. Sisa 18 unit dari total 108 unit. Beli sekarang harga sudah termasuk semua biaya. Sisa unit bagian depan. Kawasan bebas banjir."
22 - 10 - 2021,800,400,4,5,-,-,"Kalawat, Minahasa Utara",SHM,5500,Barat,RP. 3.000.000.000,https://www.rumah123.com/properti/minahasa-utara/hos9036621/,"Lokasi rumah menarik ini berada di daerah malalayang.

Sangat cocok di jadikan rumah tinggal maupun kantor."
15 - 10 - 2021,55,150,2,1,1,1,"Mapanget, Manado",HGB,2200,Barat,RP. 805.000.000,https://www.rumah123.com/properti/manado/hos9002673/,"Rumah terbaru dari Lembah Nyiur Kairagi Mas Manado.
Type Albens Anggana (LB 55 / LT 120)
"
15 - 10 - 2021,180,100,3,2,-,-,"Tikala, Manado",SHM,2200,Utara,RP. 850.000.000,https://www.rumah123.com/properti/manado/hos9002666/,"Lokasi rumah cantik dan menarik ini berada di daerah tikala.

Daerah aman dan nyaman serta bebas banjir dan tanah longsor.
"
06-06-2023,105,140,4,3,0,2,"Makassar, Makassar",SHM,2200,,"2,150,000,000.00",https://www.rumah123.com/properti/makassar/hos13732637/,"Lokasi Cendrawasih, Jalan Tanggul Patompo,
Pusat Kota Makassar - Dekat dari :
- 5 menit ke RS Bayangkara
- 5 menit ke RS Haji
- 10 menit ke Trans Studio Mall
- 10 menit ke Mall Ratu Indah"
06-06-2023,234,72,4,1,0,1,Biring Kanaya,SHM,1300,,"699,000,000.00",https://www.rumah123.com/properti/makassar/hos13882975/,"Jual Rumah Harga NJOP, Murah Sekali √¢¬Ä¬º√Ø¬∏¬è

Dijual Rumah, memiliki tanah sisanya sangat besar, strategis dekat dengan bandara dan di dalam perumahan Bumi Permata Sudiang"
06-06-2023,271,200,5,4,1,1,"Tamalate, Makassar",SHM,1300,Timur,"1,000,000,000.00",https://www.rumah123.com/properti/makassar/hos13725340/,"Satu unit rumah tinggal siap huni, terletak di perumahan gosyen residen, makassar
Aset Lelang powered by BRI"
06-06-2023,170,235,4,3,1,1,"Tamalate, Makassar",SHM,2200,Utara,"1,100,000,000.00",https://www.rumah123.com/properti/makassar/hos13568364/,"Satu Unit Rumah Tinggal di Kompleks Perumahan Taman Toraja, Kota Makassar.
Aset Lelang powered by BRI"
06-06-2023,228,300,3,2,1,1,"Tamalate, Makassar",SHM,1300,Barat,"1,350,000,000.00",https://www.rumah123.com/properti/makassar/hos13724933/,"Satu Unit Rumah dengan jumlah lantai 2 setengah sipa huni.
Aset Lelang powered by BRI"
06-06-2023,209,200,4,2,1,1,"Tallo, Makassar",SHM,1300,Timur,"1,000,000,000.00",https://www.rumah123.com/properti/makassar/hos13423248/,"Satu Unit Rumah Tinggal di Kompleks Perumahan Unhas Baraya

Aset Lelang powered by BRI"
06-06-2023,219,250,5,2,1,0,"Tallo, Makassar",SHM,1300,Barat,"1,200,000,000.00",https://www.rumah123.com/properti/makassar/hos13423184/,"Satu Unit Rumah Tinggal 2 (Dua) Lantai, Letak Strategis di kompleks perumahan Unhas Baraya, Kota Makassar

Aset Lelang powered by BRI"
06-06-2023,106,246,4,2,1,1,"Manggala, Makassar",SHM,1300,Barat,"900,000,000.00",https://www.rumah123.com/properti/makassar/hos13423138/,"Satu Unit Rumah tinggal 2 (dua) lantai di kompleks taman sari kota makassar

Aset Lelang powered by BRI"
06-06-2023,138,276,3,2,1,0,"Tamalate, Makassar",SHM,1300,,"500,000,000.00",https://www.rumah123.com/properti/makassar/hos13422128/,"Satu Unit Rumah Tinggal 2 (dua) Lantai, teretak di kompleks perumahan, Rumah siap huni

Aset Lelang powered by BRI"
06-06-2023,162,195,4,2,1,1,"Tamalate, Makassar",SHM,1300,Barat,"862,000,000.00",https://www.rumah123.com/properti/makassar/hos13329163/,"Satu unit rumah tinggal 2 lantai di kompleks perumahan hartaco
Aset Lelang powered by BRI"
06-06-2023,257,472,4,2,2,1,"Panakukkang, Makassar",SHM,1300,Selatan,"2,910,000,000.00",https://www.rumah123.com/properti/makassar/hos13328110/,"Satu Unit Rumah Tinggal 2 (dua) Lantai dekat mall Nipah Makassar
Aset Lelang powered by BRI"
06-06-2023,120,200,3,2,1,1,"Tamalate, Makassar",SHM,1300,Timur,"506,000,000.00",https://www.rumah123.com/properti/makassar/hos13327895/,"Satu unit rumah tinggal 2 lantai di kompleks perumahan Puri Tata Indah Palace
Aset Lelang powered by BRI"
06-06-2023,135,210,4,3,1,1,"Panakukkang, Makassar",SHM,1300,Utara,"850,000,000.00",https://www.rumah123.com/properti/makassar/hos13421992/,"Sebidang Tanah dan Bangunan 2 (Dua) Lantai Terletak di Kompleks Perumahan Panakukkang Mas 2

Aset Lelang powered by BRI"
06-06-2023,96,120,4,2,1,1,"Rappocini, Makassar",SHM,1300,Selatan,"700,000,000.00",https://www.rumah123.com/properti/makassar/hos13250568/,"Satu Unit Rumah Tinggal 2 (Dua) Lantai

Aset Lelang powered by BRI"
06-06-2023,144,165,4,3,1,1,"Makassar, Makassar",SHM,2200,,"2,530,000,000.00",https://www.rumah123.com/properti/makassar/hos13659737/,"Summarecon mutiara makassar
The Aeroport city of Makassar Mempersembahkan Cluster Jade Tahap 2 yang mewah dengan Rumah Moderen dan Keren dengan taman yang indah dalam rumah .
"
06-06-2023,60,37,2,1,0,1,"Makassar, Makassar",SHGB,1300,,"499,000,000.00", https://www.rumah123.com/properti/makassar/hos13878597/,"PROMO VIRGINIA PARK MAKASSAR 2023 : HARGA PERDANA | FREE BPHTB, AJB, & SURAT-SURAT

*S&K BERLAKU"
06-06-2023,120,140,3,2,0,2,"Makassar, Makassar",SHM,2200,Timur,"1,750,000,000.00",https://www.rumah123.com/properti/makassar/hos13890834/,"Tengah kota Makassar , dekat kemana saja. akses langsung dari jl kerung kerung"
06-06-2023,112,100,3,1,0,1,"Biring Kanaya, Makassar",SHM,1300,,"500,000,000.00",https://www.rumah123.com/properti/makassar/hos13471672/,"Kt 3 - Km 1
Listrik : 1300 Watt
Sumber Air Tanah
Akses Tol Kaluku Bodoa (7 KM)"
06-06-2023,200,360,5,4,2,1,"Tanjung Bunga, Makassar",SHM,7700,Timur,"3,500,000,000.00",https://www.rumah123.com/properti/makassar/hos13526471/,"Rumah 3 lantai lokasi sudut di The Elysium Tanjung bunga, ada carport untuk 2 mobil, ada taman, full furnish dan 10 ac."
06-06-2023,90,76,3,2,2,1,"Tamalanrea, Makassar",SHGB,2200,Utara,"1,270,000,000.00",https://www.rumah123.com/properti/makassar/hos11442162/,"menawarkan kualitas dan kenyamanan. Berada dalam kawasan hijau dengan kemewahan dan keindahan penataan dan perumahan dgn konsep yang disenangi konsumen. Jalan kawasan yang lapang dan dilengkapi kawasan serbaguna, Madjid, joging track, taman yang ditata dan dirawat untuk memanjakan penghuni nya. Selain itu kawasan ini dilengkapi dgn pertokoan, sekolah, dan berada di kawasan pendidikan, kuliner.
Akses bandara, pelabuhan dan ke kota Makassar bisa melalui jln arteri dan tol ir.sutami."
06-06-2023,144,200,4,3,0,1,"Tanjung Bunga, Makassar",SHM,5500,Selatan,"4,380,000,000.00",https://www.rumah123.com/properti/makassar/hos13832540/,"Lokasi rumah di Kawasan Terbaik di Tanjung Bunga, bersih, nyaman, jalan perumahan besar, bebas banjir, strategis di Makassar:
- Dekat Grand Toserba
- Dekat Trans Studio Mall
- Dekat Kini Kuliner
- Dekat Sekolah Dian Harapan, Sekolah Stella Gracia, Sekolah IPEKA CPI"
06-06-2023,92,91,4,2,0,1,"Maros, Makassar",SHM,1300,,"700,000,000.00",https://www.rumah123.com/properti/makassar/hos13491049/,"Rumah 2 Lantai Area Bukit Baruga,
-Aman 24 jam penjagaan Sekurty , Lengkap CCTV
-Nyaman Bebas Banjir, Dua Akses Jalan Utama Bukit Baruga Bugis waterpark dan moncongloe lappara nipa2, Pemukiman warga sejuk dan Hijau Pepohonan, Jalanan Bagus Beton dan Aspal Bagus, Bisa Jalan santai,Jogging Udara segar tanpa polusi, 3 Menit dari Permandian Bugis Waterpark Adventure,
-Dekat Akses jalan ke Btp,Daya dan Bandara/Dekat Akses jalan Antang,Abdesir dan Perintis
- Dijual Tanpa Perantara"
06-06-2023,115,98,1,1,0,1,"Tanjung Bunga, Makassar",SHM,2200,,"700,000,000.00",https://www.rumah123.com/properti/makassar/hos9191492/,"Jual Cepat !!!!!!
The Clove Residence
Ukuran 7X15
1Tingkat
Harga BU"
06-06-2023,84,60,2,2,0,1,"Makassar, Makassar",SHM,2200,Utara,"700,000,000.00",https://www.rumah123.com/properti/makassar/hos13884530/,"Siap huni , rumah bersih dan terawat , bebas banjir,
Aman karena depan Brimob Alauddin. dekat kemana saja"
06-06-2023,130,150,5,4,0,1,"Urip Sumaharjo, Makassar",SHM,1300,Timur,"1,300,000,000.00",https://www.rumah123.com/properti/makassar/hos10071241/,"Jual rumah strategis dalam kota Makassar (belakang rumah sakit primaya Makassar)

Luas tanah 130m2
Luas Bangunan 112M2
Kamar tidur 5
Kamar mandi 4
Ada halaman belakang
Ada halaman depan
Parkir mobil"
14-09-2023,457,212,4,3,0,1,"Kota Selatan, Gorontalo",SHM,-,-,"1,500,000,000.00",https://www.olx.co.id/item/dijual-rumah-tanpa-perantara-di-gorontalo-iid-901536337,"Rumah di Jalan HB yasin kota selatan gorontalo.
Rumah nyaman dan asri.
Tanpa perantara.
Dijual beserta beberapa isinya.
Halaman rumah luas depan dan belakang.
Silahkan Wa jika ingin bertanya.
Tidak melayani agent/pemasaran."
02-09-2023,60,48,2,1,0,1,"Biring Kanaya, Makassar, Sulawesi Selatan",-,-,-,"559,880,000.00",https://www.olx.co.id/item/perumahan-dijual-strategis-di-virginia-park-makassar-iid-895317130,"Perumahan Dijual Strategis di Virginia Park Makassar Tipe Shine Mezzanine :
- 1 menit dari Exit Tol Biringkanaya.
- 1 menit dari Bandara Sultan Hasanuddin.
- 1 menit dari Stasiun MRT Makassar - Pare-Pare (on progress).
- Terbukti BEBAS BANJIR.
- ROW Boulevard 22m.
- Sistem Modern Cluster dengan Keamanan + CCTV Aktif 24 Jam."
25-08-2023,120,60,2,2,0,1,"Samata, Gowa, Sulawesi Selatan",SHM,1300,-,"530,000,000.00",https://www.olx.co.id/item/dijual-rumah-siap-huni-tipe-60-dekat-uin-samata-iid-905397391,"Dijual Cepat!! Rumah Siap Huni. Lokasi Perumahan Mega Rezky Blok A2, Hunian Aman dan Nyaman,Rumah sudut, Sudah ada Pagar,Kanopi,Besi Pengaman,Garasi,Toilet Duduk,PDAM Lancar,Listrik 1300,free AC 2unit yang melekat di kamar, bisa take over kredit 250juta."
07-09-2023,77,45,2,1,0,1,"Barambang, Makassar, Sulawesi Selatan",SHM,-,-,"645,000,000.00",https://www.olx.co.id/item/rumah-di-sewakandijual-full-furnish-barombong-makassar-iid-896815590,"Rumah disewakan/dijual Full Furnish tanpa perantara. 5 Menit dari Kampus Pelayaran Barombong. 8 Menit dari TransStudio Mall, 10 Menit dari CPI, 5 Menit dari RS Galesong, perumahan one gate sistem. Bagi yang sudah berkeluarga, di dalam rumah masih ada banyak space untuk anak berlarian. Sangat Cocok untuk pasangan muda yang baru menikah."
04-09-2023,119,275,4,5,0,2,"Panakukkang, Makassar, Sulawesi Selatan",SHM,2200,-,"4,500,000,000.00",https://www.rumah123.com/properti/makassar/hos14400574/,"SHM-Pegang Sendiri, Akses Tol Kaluku Bodoa, Tol Parangloe, Tol Tallo Timur
Jalan masuk 2 mobil, Bebas banjir, Harga Rp. 4,500,000,000 (bisa nego)"
18-09-2023,138,132,4,4,0,2,"Rappocini, Makassar, Sulawesi Selatan",SHM,2200,Barat,"3,100,000,000.00",https://www.rumah123.com/properti/makassar/hos14820159/,"Sumber air : pdam, bebas banjir, Fasilitas dalam perumahan : Taman bermain, Tempat olahraga, dll"
28-08-2023,94,64,2,1,0,1,"Sudiang, Makassar, Sulawesi Selatan",SHM,1300,Timur,"485,000,000.00",https://www.rumah123.com/properti/makassar/hos14346801/,RUMAH PERMATA SUDIANG RAYA. SAMPING POLDA. Full Renovasi. Semi perabot. Free 1 AC. Kanopi. Sofa. Lemari Baju
14-08-2023,126,250,4,3,0,1,"Rappocini, Makassar, Sulawesi Selatan",SHM,3500,-,"3,500,000,000.00",https://www.rumah123.com/properti/makassar/hos13748885/,"Rumah 3 lantai, dng view yg sangat indah hadap family club, kolam renang, di Citraland Hertasning."
31-08-2023,105,180,4,5,1,1,"Ujung Pandang, Makassar, Sulawesi Selatan",SHM,3500,Utara,"2,000,000,000.00",https://www.rumah123.com/properti/makassar/hos14636888/,"RUMAH 2 LANTAI HARGA MURAH DI PUSAT KOTA JALAN BULUSARAUNG
Ada AC dan water heater tiap kamar, Sofa, Meja makan, Tempat tidur
Semi Furnish
SERTIFIKAT HAK MILIK"
18-09-2023,180,216,4,4,0,3,"Karuwisi, Makassar, Sulawesi Selatan",HGB,2200,Selatan/Timur,"1,220,000,000.00",https://www.rumah123.com/properti/makassar/hos7433518/,"Di Jual Cepat Rumah Pojok, Bagus, Siap Huni.
Jl. Maccini Raya Komplek Perumahan Pondok Indah Makassar Blok B / 12 B."
29-08-2023,250,175,10,4,0,1,"Mapanget, Manado",SHM,2200,,"650,000,000.00",https://www.rumah123.com/properti/manado/hos14620192/ ,Akses jalan masuk 2 mobil. Bebas banjir.
25-08-2023,231,320,20,20,2,4," Teling Atas, Manado",SHM,900,,"2,600,000,000.00",https://www.rumah123.com/properti/manado/hos14544879/,Akses tol manado-bitung. Bebas banjir. Jalan masuk 2 mobil.
18-07-2023,160,150,4,4,0,1,"Wenang, Manado",SHM,4400,,"1,100,000,000.00",https://www.rumah123.com/properti/manado/hos14262197/,Dijual rumah Citraland dalam Cluster Edenbrige di Manado
23-08-2023,120,70,3,2,0,1,"Mapanget, Manado",HGB,2200,,"1,300,000,000.00",https://www.rumah123.com/properti/manado/hos10764906/,"Rumah Dijual Manado RUMAH BARU GRAND KAWANUA INTERNATIONAL CITY, CLUSTER CASA DE VIOLA, MANADO, SULAWESI UTARA"
16-09-2023,310,300,3,2,2,1,"Wanea, Manado",HGB,3300,Barat,"3,250,000,000.00",https://www.rumah123.com/properti/manado/hos10020156/,"DIJUAL CEPAT RUMAH CANTIK DAN MENARIK DI CITRALAND MANADO, BANTING HARGA SANGAT MURAH"
02-08-2023,120,80,2,2,2,1,"Malalayang, Manado",SHM,3500,,"1,500,000,000.00",https://www.rumah123.com/properti/manado/hos14305047/,Classic Modern House Citraland Manado Full Furnished
13-08-2023,265,200,4,3,1,1,"Malalayang, Manado",HGB,2300,,"1,000,000,000.00",https://www.rumah123.com/properti/manado/hos14475955/,"DIJUAL CEPAT RUMAH MENARIK DAERAH WINANGUN, HARGA SANGAT MURAH"
29-07-2023,160,150,3,3,0,1,"Mapanget, Manado",HGB,2200,Timur,"1,990,000,000.00",https://www.rumah123.com/properti/manado/hos14355405/,Rumah mewah di royal grand kawanua harga miring
13-07-2023,1320,1000,8,8,5,3,"Malalayang, Manado",SHM,22000,Timur,"9,500,000,000.00",https://www.rumah123.com/properti/manado/hos11284976/,Dijual istana/rumah mewah di kawasan perumahan pantai indah Malalayang elite di kota Manado. View kota Manado dan BUNAKEN.
07-09-2023,863,447,3,3,2,2,"Bunaken, Manado",SHM ,5500,,"4,900,000,000.00",https://www.rumah123.com/properti/manado/hos14712570/,"DIJUAL CEPAT VILLA CANTIK DENGAN VIEW PANTAI INDAH, HARGA SANGAT MURAH
Bunaken, Manado"
13-09-2023,200,250,4,4,0,2,"The Pavillion, Tanjung Bunga Makasar",SHGB,4400,,"4,500,000,000.00",https://www.rumah.com/listing-properti/dijual-rumah-di-the-pavillion-tanjung-bunga-makassar-oleh-sonny-djajakusli-16330908,"Rumah dijual di The Pavillion Jl. Metro Tanjung Bunga - Makassar
Dekat Trans Studio Mall
Luas Tanah 200 m2 (10√ó20)
Luas Bangunan 250 m2 (2 Lantai)
KT 3+1, KM 3+1, 4400 Watt, PDAM
Keamanan 24 Jam"
03-08-2023,200,70,4,3,0,2,"Mapanget, Manado, Sulawesi Utara",SHGB,2200,Timur,"1,500,000,000.00",https://www.rumah.com/listing-properti/dijual-manado-oleh-joko-marwanto-19681971,"Grand Kawanua banting harga
Dijual rumah grand Kawanua banting harga owner BU"
12-09-2023,160,150,4,4,0,1,"Malalayang, Manado",SHM,4400,,"1,500,000,000.00",https://www.rumah.com/listing-properti/dijual-5332ef-rumah-di-daerah-malalayang-manado-sulawesi-utara-oleh-efie-21909472,"Rumah Malalayang, Manado, Sulawesi Utara Murah
(5332EF) Rumah Malalayang, Manado Murah
Dijual CEPAT, Rumah di daerah Malalayang, Manado, Sulawesi Utara, Lt.160m, Legalitas SHM, 2lt, 4+2Kt, 4+1Km, 1 Carport. Sangat cocok untuk investasi jangka panjang. Mendapatkan harga murah sekarang adalah INVESTASI tak ternilai untuk masa depan KARENA harga properti/rumah terus naik, Murah Rp.1,1M NEGO langsung dengan pemilik

NOTE:
Khusus CASH

Untuk detail hubungi sekarang:
EFIE Hp. 0*****
Mau Respon Cepat, Langsung di WA saja
Untuk Pencarian Cepat Sertakan Kode Iklan (5332EF)"
04-09-2023,1030,472,5,5,0,6,"Malalayang, Manado",SHM,5500,,"2,800,000,000.00",https://www.rumah.com/listing-properti/dijual-rumah-second-murah-tanah-luas-di-winangun-malalayang-manado-sulawesi-utara-olga-oleh-olga-vera-kaeng-16637179,"Dijual cepat dan murah rumah di winangun malalayang manado sulut
Rumah Second Tanah Luas Siap Huni View Laut Bunaken di Winangun Malalayang Manado

*Spesifikasi*
Luas tanah 1030 m2
Luas bangunan 472 m2
Kamar tidur 5
Kamar mandi 5
Lantai 2 lantai
Carport 6 mobil
Menghadap arah selatan
Listrik 5500 watt
Sumber air PAM
Semifurnished

*Legalitas SHM + IMB*

*Selling Points*
- Lokasi Strategis
- View Laut Pulau Bunaken
- Rumah Rasa Villa Banyak pohon Buah Karena tanahnya luas
- Bebas Banjir
- Ada 2 Bangunan Rumah

*Harga Rp 2.800.000.000 Nego

Berminat? Segera Hubungi 
Marketing Terpercaya Anda
Olga V Kaeng
0*****"
19-08-2023,120,70,3,2,0,1,"Mapanget, Manado, Sulawesi Utara",SHGB,2200,,"950,000,000.00",https://www.rumah.com/listing-properti/dijual-3-bedrooms-rumah-mapanget-manado-sulawesi-utara-oleh-agus-guntoro-19269402,"Jual Rumah Tipe Corsica tipe 70 perumahan casa deviola grand kawanua
"
21-07-2023,300,267,6,5,1,1,"Tamalanrea, Makassar",SHM,3500,,"7,100,000,000.00",https://www.rumah.com/listing-properti/dijual-citraland-makassar-oleh-samsul-21843357,"Dijual cepat rumah mewah dikota Makassar lengkap prabot
Bismillah"
13-09-2023,112,87,3,2,0,1,"Biring Kanaya, Makassar",-,2200,,"1,300,000,000.00",https://www.rumah.com/listing-properti/dijual-summarecon-mutiara-makassar-oleh-cece-22184286,"Dijual rumah 2lantai di Summarecon, makassar ( al)
Dijual Rumah Summarecon Mutiara
LT 7 x 12.5 m
LB 7 x 8 m
2 Lantai
Ada sekolah Islam Al Azhar
10 menit ke bandara
konsep kota mandiri dan terintegrasi
kawasan asri, tenang dan nyaman
Harga Jual Rp 1.3 M"
31-08-2023,1054,440,5,4,1,3,"Manti Kulore, Palu Kota",SHM,-,,"3,000,000,000.00",https://www.olx.co.id/item/jual-rumah-harga-terbaik-iid-905920320,"Di jual Rumah Tinggal, 2 Lantai siap huni di daerah Talise, Kota Palu

Cocok untuk anda yg sedang mencari hunian yang nyaman dan asri dengan pemandangan kota yg indah, berlokasi strategis dengab harga terbaik.

Spesifikasi :

- Bangunan 2 Lantai

- Kamar Tidur 4 + 1 kmr Pembantu

- Kamar mandi 4

- Luas Tanah 1054 m¬≤

- Luas Bangunan 440 m¬≤

- Garasi 1 Mobil

- SHM

- Pondasi Cakar Ayam

- Timbunan Soil 1.5 mtr

Berlokasi strategis dekat denfan fasilitas umum, Pusat Perbelanjaan, Perkantoran, sekolah, RSUD, tempat ibadah, SPBU, Lingkungan aman, jauh dri pinggir pantai, bangunan kokoh memiliki pondasi cakar ayam utk antisipasi gempa.

Harga 3 miliar (nego)

Tertarik denfan rumah ini?

Silahkan chat untuk info lebih lanjut"
04-09-2023,200,360,4,4,2,2,"Panakkukang, Makassar",SHM,4400,,"7,500,000,000.00",https://www.rumah.com/listing-properti/dijual-the-mutiara-makassar-oleh-adi-sungkono-21633149,"Rumah Mewah di Pettarani Makassar Dekat Nipah Mall & Panakukang
Rumah Mewah di Pettarani Makassar dekat Nipah Mall & Panakukang, lengkap dengan Perabot (Kecuali piano). Terletak di Cluster The Mutiara yang memiliki Club House yang Lengkap, Ada Kolam renang Dewasa dan kolam Renang anak, Ada gym, jogging Track, Lap basket 3 on 3.
Dekat ke Mall Nipah dan ke Mall Panakukang, dekat ke Tol pusat perkantoran, Rumah sakit dll."
05-08-2023,105,75,3,2,0,2,Hertasning Makassar,SHM,1300,,"775,000,000.00",https://www.rumah.com/listing-properti/dijual-makassar-minasa-upa-oleh-amir-21744781,"Rumah ready Minasa Upa - Hertasning Makassar
Dijual Rumah
Sangat cocok bagi Anda yg punya kesibukan tengah Kota dengan
Lingkungan Aman, Nyaman
One Gate System
Jln Minasa Upa
* dekat Dari Pasar tradisional
* dekat dri Supermarket
* 5 menit ke Kampus UNISMU MAKASSAR
* 8 menit ke Kampus UNM
* 7 Menit ke kawasan Bisnis Hertasning

* Type 75/105 (7√ó15)
3 kmr tdur 2 kmr mndi
Full Bangunan

*type 100/ 100, 2 Lantai
3 k tdur 2 k.mndi

Harga Mulai 775 juta
Cara Bayar ;
* Cash
* Cash Lunak
* KPR

Legalitas SERTIFIKAT HAK MILIK
Bonus Ac

Info Lebih Detail..!
Tlp/Wa : ‚Å∞‚Å∏‚Åµ¬≤ ¬≥‚Å∑‚Å∑¬π ‚Å∂‚Å¥¬≥‚Åπ
AMIR"
13-09-2023,200,150,4,3,0,1,"Manggala, Makassar Kota, Sulawesi Selatan",SHM,-,-,"1,600,000,000.00",https://www.olx.co.id/item/di-jual-rumah-di-makassar-sulawesi-selatan-iid-907134946,Di jual rumah di Makassar Sulawesi Selatan
24-07-2023,121,153,3,3,2,2,"Wanea, Manado",SHM,4899,Barat Laut,"1,600,000,000.00",https://www.99.co/id/properti/rumah-dijual-80jt-wanea-1001663799,"Dijual/Dikontrakkan Rumah SHM 2 Lantai 4 Kamar Tidur/Mandi
Harga Jual: 1,6M nego
2 KT/KM di dalam kamar, KT Utama dengan walk-in closet dan balkon
4 Unit AC, 3 di KT dan 1 di ruang tamu lantai 1
Tersedia Dapur/Pantry, Taman di 3 sisi rumah (depan, samping, belakang), Garasi muat 2 kendaraan roda empat, tempat cuci dan jemur pakaian di atas.
Listrik prabayar 4,900 watt, air dari perumahan bersih (78rb untuk 10 kubik pertama), keamanan & kebersihan baik - 350rb per bulan (sistem cluster dgn 1 pintu masuk terpusat, security 24 jam).
Gratis uang keamanan/kebersihan di tahun pertama.
Bebas banjir, lingkungan bersih dan asri, manajemen kebersihan dan keamanan baik.
Harga Jual: 1,6M nego
2 KT/KM di dalam kamar, KT Utama dengan walk-in closet dan balkon
4 Unit AC, 3 di KT dan 1 di ruang tamu lantai 1
Tersedia Dapur/Pantry, Taman di 3 sisi rumah (depan, samping, belakang), Garasi muat 2 kendaraan roda empat, tempat cuci dan jemur pakaian di atas.
Listrik prabayar 4,900 watt, air dari perumahan bersih (78rb untuk 10 kubik pertama), keamanan & kebersihan baik - 350rb per bulan (sistem cluster dgn 1 pintu masuk terpusat, security 24 jam).
Gratis uang keamanan/kebersihan di tahun pertama.
Bebas banjir, lingkungan bersih dan asri, manajemen kebersihan dan keamanan baik."
19-09-2023,171,322,3,4,2,2,"Tamalate, Makassar",SHM,4400,-,"3,800,000,000.00",https://www.99.co/id/properti/dijual-rumah-mewah-dekat-mall-trans-studio-dll-1002809072#mapRef,"Dijual Atau Disewakan Rumah Mewah Exclusive Pavillion Residence Tanjung Bunga Makassar Dengan Konsep Double Decker

Luas Tanah 9 x 19 m
Luas Bangunan 322 m
3 Lantai
Kamar Tidur 3 + 1
Kamar Mandi 4

Harga Jual 3,8 Miliar
Harga Sewa 90 Juta Pertahun"
19-09-2023,51,48,2,2,0,1,"Makassar, Makassar",SHM,2200,-,"600,000,000.00",https://www.99.co/id/properti/rumah-2-lantai-full-furniture-1002808661,"CLUSTER UTOPIA HUNIAN MILENIAL, TALASSACITY MAKASSAR
*INCLUDE FURNITURE* *SMARTHOME SYTEM*

PROMO MEI 2023
- DP MULAI 0%
- INCLUDE FURNITURE
- CASH BACK PULUHAN JUTA
- SUBSIDI BIAYA KPR
- SMARTHOME SYSTEM

HUNIAN MILENIAL"
18-09-2023,135,80,3,2,0,2,"Makassar, Makassar",SHM,2200,-,"1,100,000,000.00",https://www.99.co/id/properti/rumah-hertasning-aroapala-kota-makassar-1002779131,"Di Jual Rumah Mewah
Jln Hertasning Kompleks permata Hijau Lestari, Lingkungan Aman, Nyaman dan Tidak Banjir, dilengkapi Fasilitas;
* Masjid
* One Gate System + security 24 Jam
* Lapangan Olahraga

Lokasi Startegis Poros Hertasning- Aropala kota Makassar
* Beranda kawasan pendidikan dan bisnis
* 5 menit Ke PLN dan Rs Grestelina
* 7 Menit Ke Mall Panakkukang
* 7 Menit Ke Toll Pettarani

Tersedia 2 Type
* Type 80/135 (9√ó15)
3 kmr tdur 2 kmr mndi
Carpoort bisa 2 Mobil

* Type 2 Lantai 156/135 (9√ó15)
4 kmr tdur 3 kmr mndi
Carpoort 2 mobil

Cara Bayar .!
* Cash
* Cash Lunak
* KPr
Dp 20%
Angsuran 6 Jutaan/bulan

HUNIAN YANG NYAMAN DAN NILAI INVESTASI SEMAKIN TINGGI

Penawaran spesial..!
Free Biaya Ajb, Balik Nama
BHPTB, ppn
Cashback 100 Juta

Info lebih lanjut..!
Hubungi Marketing Amir
Tlp/Wa : ‚Å∞‚Å∏‚Åµ¬≤ ¬≥‚Å∑‚Å∑¬π ‚Å∂‚Å¥¬≥‚Åπ"
19-09-2023,1030,467,2,1,0,1,"Malalayang, Manado",SHM,-,Timur,"2,300,000,000.00",https://www.99.co/id/properti/rumah-dijual-2mily-malalayang-1002805453,"*RUMAH DIJUAL MELALUI LELANG !!!*

Objek : T/B Rumah Tinggal 1 Lantai
LT : 1.030 m2
LB : 467.0 m2
Lantai : 1 Lantai
Fasilitas : PLN, Telkom, PDAM
Sertifikat : SHM No. 00280
Lokasi : Jl. Temboan ‚Äì Lingkungan ‚Äì I, Kel. Winagun Dua, Kec. Malalyang, Kota Manado, Prov. Sulawesi Utara

Deskripsi :
Aset ini merupakan rumah tinggal yang terletak di kawasan area Kampus padat penduduk di pinggiran Kota, aset tersebut dengan kondisi terawat dan masih berpenghuni. Pada umumnya pemeliharaan jalan ‚Äì jalan sekitar ini cukup terpelihara dengan lebar jalan antara 8 meter sampai dengan 12 meter diaspal, dan dilengkapi dengan drainase terbuka, akses yang baik untuk kendaraan roda dua dan empat, Beberapa fasilitas umum yang terdapat di sekitar properti ini antara lain :
- Kantor Edocare Cabang Manado
- Hotel POD House Manado
- Kantor BMKG
- Tempat Ibadah, dll

Harga : Rp. 2.300.000.000,-
Note : Harga sudah termasuk seluruh biaya dan pajak yang timbul sebagai Pemenang Lelang / Pembeli sampai dengan Balik Nama Sertifikat dan serah terima kunci.

More info :
https://wa.me/628125002xxxx?text=Halo,%20salam%20kenal (Call or Wa)

Instagram :
https://www.instagram.com/baliauctionhouse/

Website :
https://www.baliauctionhouse.com/

PT. Bali Auction House
Jasa Lelang Eksekusi Maupun Non Eksekusi"
18-09-2023,96,96,2,1,0,1," Tanjung Bunga, Makassar, Sulawesi Selatan",SHM,3500,-,"675,000,000.00",https://www.rumah.com/listing-properti/dijual-rumah-amarylis-oleh-cece-22193588,"Dijual rumah siap huni di perumahan amarylis, tanjung bunga, makassar
Di jual rumah siap huni

Jl. Amaryllis Tanjung Bunga.

LT : 16 x 6 meter
LB : 96 meter.
K Tidur : 2
K Mandi : 1
Listrik : 3.500watt
Air : PAM.
Sertifikat : HAK MILIK .
Ac : 1.unit.
Sudah ada Kanopi .
Kondisi rumah terawat.
Harga jual : Rp.675.000.000 Nego"
17-09-2023,115,45,2,1,0,1,"Palu Selatan, Palu, Sulawesi Tengah",SHM,1300,-,"348,000,000.00",https://www.rumah.com/listing-properti/dijual-dijual-rumah-murah-dan-strategis-kota-palu-sulawesi-tengah-oleh-ivan-satriadi-20378879,"Jual Cepat Rumah bagus dan strategis Jl. Banteng, kota Palu
Tiara Residence Palu, Jl. Banteng 1, belakang swalayan Fitrah, Dewi Sartika.

Masuk dari jalan Dewi Sartika ke jalan banteng, 90 m belok kanan ( ada spanduk pataba kaos) kompleks sebelah kanan ada tembok putih.

Rumah yang dijual nomor 6. Kondisi rumah sudah pernah dipakai, bukan rumah baru, kondisi terawat dan bagus.

Rumah dalam cluster, aman dan nyaman. Bebas banjir.

Lokasi strategis dekat perkantoran dan sekolah.

Hanya 8 menit ke bandara.

Sertifikat SHM, listrik 1300 w.
Unfurnished. Harga Nego.

Note: masih tersewaa sampai 30 Jan 2024."
14-09-2023,102,72,2,1,0,1,"Puuwatu, Kendari. Sulawesi Tenggara",HGB,900,Utara,"175,000,000.00",https://www.99.co/id/properti/rumah-dijual-175jt-puuwatu-1002721299,"PERUMAHAN AFIKA LAND & AFIKA RESIDENCE TIPE 36ukuran tanah 8,5m x 12m
Dp mulai 2 juta
Angsuran 1juta
daerah bebas banjir
Memiliki 1700unit"
17-07-2023,127,72,2,1,0,1,"Mamuju, Sulawesi Barat",SHM,2200,-,"600,000,000.00",https://www.rumah123.com/properti/mamuju/hos14249010/,"Di jual rumah cantik di kota mamuju sulbar, dekat fasilitas komersial, dekat RSUD kab. Mamuju, pasar central, hotel Mcity, kantor dinas pendidikan, kampus stie , dekat kantor bpjs, dan sekolah."