created_at,LT,LB,KT,KM,garasi,carport,lokasi,sertifikat,listrik,hadap,harga,URL,deskripsi,
03-12-2021,75,38,2,1,1,1,Bojonggede,SHM,1300,Barat,692550000,https://rumahdijual.com/bekasi/10799791-rumah-cluster-bhumiland-strategis-bebas-banjir-di-jati-warna.html,"Dekat tol jati warna, dekat sutle busway, dekat pusat perbelanjaan",
06-12-2021,60,40,1,1,0,1,Babakan Madang,SHM,2200,,811400000,https://www.rumah123.com/perumahan-baru/properti/bogor/adhi-city-Babakan Madang/nps1964/,"Destinasi menarik di kawasan Babakan Madang; Gunung Pancar, Taman Budaya, Babakan Madang Highland, JungleLand, Stadion Pakansari, Leuwi Hejo",
06-12-2021,60,50,2,2,0,1,Babakan Madang,SHM,2200,,900500000,https://www.rumah123.com/perumahan-baru/properti/bogor/adhi-city-Babakan Madang/nps1964/,"Destinasi menarik di kawasan Babakan Madang; Gunung Pancar, Taman Budaya, Babakan Madang Highland, JungleLand, Stadion Pakansari, Leuwi Hejo",
06-12-2021,60,70,3,2,0,1,Babakan Madang,SHM,2200,,1001900000,https://www.rumah123.com/perumahan-baru/properti/bogor/adhi-city-Babakan Madang/nps1964/,"Destinasi menarik di kawasan Babakan Madang; Gunung Pancar, Taman Budaya, Babakan Madang Highland, JungleLand, Stadion Pakansari, Leuwi Hejo",
06-12-2021,90,60,3,2,0,2,Babakan Madang,SHM,2200,,1200800000,https://www.rumah123.com/perumahan-baru/properti/bogor/adhi-city-Babakan Madang/nps1964/,"Destinasi menarik di kawasan Babakan Madang; Gunung Pancar, Taman Budaya, Babakan Madang Highland, JungleLand, Stadion Pakansari, Leuwi Hejo",
06-12-2021,120,70,3,2,0,2,Babakan Madang,SHM,2200,,1538200000,https://www.rumah123.com/perumahan-baru/properti/bogor/adhi-city-Babakan Madang/nps1964/,"Destinasi menarik di kawasan Babakan Madang; Gunung Pancar, Taman Budaya, Babakan Madang Highland, JungleLand, Stadion Pakansari, Leuwi Hejo",
06-12-2021,125,125,3,2,0,2,Babakan Madang,SHM,2200,,1946600000,https://www.rumah123.com/perumahan-baru/properti/bogor/adhi-city-Babakan Madang/nps1964/,"Destinasi menarik di kawasan Babakan Madang; Gunung Pancar, Taman Budaya, Babakan Madang Highland, JungleLand, Stadion Pakansari, Leuwi Hejo",
06-12-2021,97,72,3,2,0,1,Cibinong,SHM,2200,Selatan,1230000000,https://www.rumah123.com/properti/bogor/hos9203763/,"Berada dalam kawasan Pemda,  Hanya 5menit ke CCM, Hanya 10menit dr toll sirkuit
Babakan Madang",
06-12-2021,72,33,2,1,0,1,Gunung Putri,SHM,1300,,617000000,https://www.rumah123.com/properti/bogor/hos9150454/,Terletak dilokasi yang strategis sehingga dekat dengan segala fasilitas yang akan menunjang segala kebutuhan sehari hari.,
06-12-2021,60,30,2,1,0,1,Gunung Putri,SHM,1300,,500000000,https://www.rumah123.com/properti/bogor/hos8947550/,Rumah cantik dengan konsep villa dan dengan nuansa alami di cibubur bogor,
06-12-2021,312,70,4,2,1,1,Tanah Sareal,SHM,2200,Timur,250000000,https://www.rumah123.com/properti/bogor/hos8921804/,"Dekat lapangan Tenis dan mesjid, 10 menit pintu tol Yasmin,  10 Menit Transmart, Lotte mart, Giant",
06-12-2021,105,70,3,2,0,0,Cibinong,SHM,1300,,679000000,https://www.rumah123.com/properti/bogor/hos4232661/,5 menit SPBU *5 menit ke GOR Pakansari *10 menit ke Cibinong City Mall *7 menit ke Pemkab Bogor *10 menit ke RSUD Cibinong ,
06-12-2021,112,129,3,3,0,0,Gunung Putri,SHGB,3500,Selatan,1800000000,https://www.rumah123.com/properti/bogor/hos8200442/,"Cluster Nashville ini dekat dengan beberapa fasilitas pendukungn seperti; fasilitas pendidikan (sekolah), business loft, dan dekat dengan area komersial. Selain itu di sekitar Nashville juga terdapat Fresh Market, HERO, Kampung China, Bank-bank Ternama, Sport Club dan Feeder Busway.",
06-12-2021,60,50,2,1,0,0,Babakan Madang,SHM,2200,Selatan,850000000,https://www.rumah123.com/properti/bogor/hos9226720/,"0 KM dari exit toll Babakan Madang., 5 menit GOR Pakansari, 10 menit Pemda Cibinong, 15 menit AEON, Dekat stasiun LRT Babakan Madang",
06-12-2021,162,51,2,1,0,1,Bogor Selatan,SHM,2200,,1350000000,https://www.rumah.com/listing-properti/dijual-dijual-rumah-di-rancamaya-bogor-siap-huni-oleh-romi-19330448,"Dijual Rumah Siap Huni di dalam Cluster Rancamaya Golf Estate Bogor, Rumah siap Huni, Tanah Hook, Lokasi Strategis dengan akses Tol Ciawi dan Tol Bocimi, One Gate System, Security 24 jam, Lingkungan Sejuk dan Nyaman",
06-12-2021,120,90,5,3,0,3,Bogor Barat,SHM,2200,,1000000000,https://www.rumah.com/listing-properti/dijual-rumah-harga-bawah-pasar-fasum-lengkap-kpr-bsi-dp-10-juta-akses-terjangkau-hanya-15-menit-toll-yasmin-oleh-nina-meiyanne-18971057,"Dekat Perumahan Taman Yasmin, Dekat Tol Nilai Investasi Tinggi, Rumah Menghadap Taman, SHM On Hand Dapat Cek Langsung",
06-12-2021,200,170,2,1,0,0,Parung,Lainnya,1300,,500000000,https://www.rumah.com/listing-properti/dijual-parung-bogor-oleh-titi-19394860,"1 unit rumah minimalis beserta 3 unit rumah petakan, Untuk 1 unit rumah kamar tidur 2, kamar mandi 1, Untuk 3 rumah letakan masing2 1 kamar tidur dan 1 kamar mandi",
06-12-2021,60,40,2,1,0,1,Gunung Putri,SHM,1300,,450000000,https://www.rumah.com/listing-properti/dijual-cluster-baru-paling-laris-di-cikeas-banyak-promo-oleh-budiman-19350248,"DP Mulai dari 25Juta, Anda sudah bisa mendapatkan Rumah Cluster 10 menit dari Pintu Tol Cimanggis & JORR 2 Cibubur, Akses Mudah, dekat LRT/MRT, Sangat Strategis & Berkembang!",
06-12-2021,90,79,3,2,0,1,Bogor Barat,SHM,2200,,800000000,https://www.rumah.com/listing-properti/dijual-hunian-exclusive-banyak-bonusnya-di-bogor-oleh-ahmad-19383896,"Seling point :Fasilitas Exclusive di Dalam Perumahan, Club House Seluas 1500m2, Swimming Pool, Gym, Taman Bermain Anak",
06-12-2021,60,63,2,2,0,1,Bogor Barat,SHM,2200,,593000000,https://www.rumah.com/listing-properti/dijual-cluster-modern-di-bogor-barat-oleh-ahmad-19365238,"Fasilitas Exclusive di Dalam Perumahan, Club House Seluas 1500m2, Swimming Pool, Gym, Taman Bermain Anak",
06-12-2021,60,39,2,1,0,1,Parung,SHM,2200,,671000000,https://www.rumah.com/listing-properti/dijual-grand-duta-city-bogor-oleh-erwin-19280905,promo *FREE PPN 10%* akan segera berakhir! Ambil unit SEKARANG! LANGSUNG UNTUNG PULUHAN JUTA!,
06-12-2021,75,45,2,2,0,1,Kemang,SHM,1300,,467600000,https://www.rumah.com/listing-properti/dijual-kemang-graha-insani-oleh-silva-18451100,"memiliki akses transportasi yang mudah di lalui, lokasi sangat strategis dekat dari berbagai fasilitas atau sarana umum seperti Rs, Sekolah, Pesantren, SPBU, Kantor Polisi, Supermarket, Pasar Tradisional.",
06-12-2021,50,36,2,1,0,1,Bojonggede,SHM,1300,,200000000,https://www.rumah.com/listing-properti/dijual-al-fauz-residence-4-oleh-ade-lutfi-19383612,"Dekat akses tol, Dekat jalan utama, 15menit Stasiun Depok Baru, 10menit Stasiun Citayam, 15menit Terminal utama kota Depok",
06-12-2021,78,45,2,1,0,1,Bojonggede,SHM,1300,,310000000,https://www.rumah.com/listing-properti/dijual-zein-residence-oleh-ade-lutfi-18935985,"15menit Stasiun Depok Baru, 8menit Stasiun Citayam, 15menit Terminal utama kota Depok, 3menit SPBU Pertamina, ATM,Alfamart,Indomart dll, Taman Bermain Anak dan Keluarga",
06-12-2021,72,45,2,2,0,1,Gunung Putri,SHM,2200,,820000000,https://www.rumah.com/listing-properti/dijual-askara-residence-oleh-nova-tiara-19394781,Rumah Baru Cluster Cibubur,
06-12-2021,84,36,2,1,0,1,Parung,SHM,1300,,599000000,https://www.rumah.com/listing-properti/dijual-kemang-eminence-bogor-oleh-aditya-santoso-19253196,Perumahan cluster baru di jalur utama Bogor dekat dengan tol BORR dan stasiun kereta Cliebut,
06-12-2021,1500,1200,8,6,0,8,Cileungsi,SHM,17600,,9900000000,https://www.rumah.com/listing-properti/dijual-limus-nunggal-cileungsi-bogor-oleh-sancoyo-19056000,"Akses mobil besar 40 ft bisa masuk, parkir mobil cukup luas",
06-12-2021,699,350,5,5,0,2,Babakan Madang,SHM,3500,,7300000000,https://www.rumah.com/listing-properti/dijual-rumah-bagus-plus-kolam-renang-siap-huni-Babakan Madang-city-oleh-dian-permana-saputra-18852353,"Plus kolam renang Babakan Madang, dekat dengan fasilitas Babakan Madang, dan pusat pembelanjaan, exit tol hanya 5 menit",
06-12-2021,120,70,3,3,0,2,Babakan Madang,SHGB,2200,,1538200000,https://www.rumah.com/listing-properti/dijual-rumah-di-Babakan Madang-bogor-dekat-tol-stasiun-lrt-murah-modern-minimalis-tipe-agra-deluxe-70-120-oleh-asa-pertiwi-19057208,Dekat tol dan stasiun LRT,
06-12-2021,60,50,3,2,0,1,Babakan Madang,SHGB,2200,,891500000,https://www.rumah.com/listing-properti/dijual-rumah-di-Babakan Madang-bogor-dekat-tol-stasiun-lrt-murah-modern-minimalis-tipe-aruna-deluxe-50-60-oleh-asa-pertiwi-19057144,Dekat tol dan stasiun LRT,
06-12-2021,60,40,2,1,0,1,Babakan Madang,SHGB,2200,,811400000,https://www.rumah.com/listing-properti/dijual-rumah-di-Babakan Madang-bogor-dekat-tol-stasiun-lrt-murah-modern-minimalis-tipe-aruna-40-60-oleh-asa-pertiwi-19056958,Dekat tol dan stasiun LRT,
06-12-2021,60,60,2,1,0,1,Bojonggede,SHM,900,,420000000,https://www.rumah.com/listing-properti/dijual-rumah-cantik-didalam-komplek-perumahan-oleh-james-umboh-19072727,"13 menit ke stasiun kereta, 22 menit ke Mall CCM, pintu tol citereup&Babakan Madang sirkuit",
06-12-2021,72,62,3,2,0,2,Cibinong,SHGB,2200,,800000000,https://www.rumah.com/listing-properti/dijual-emerald-city-cibinong-oleh-m-gatot-aryo-wibowo-19273403,"15 menit gerbang tol Babakan Madang dan citeureup, 5 menit cibinong city mall, Al Azhar Islamic School",
06-12-2021,60,30,2,1,0,1,Parung,SHGB,1300,,241000000,https://www.rumah.com/listing-properti/dijual-rumah-tanpa-dp-di-parung-oleh-rudy-junaedy-19181221,Rumah tanpa dp dan siap huni,
06-12-2021,66,36,2,1,0,1,Gunungsindur,SHM,1300,,390000000,https://www.rumah.com/listing-properti/dijual-alfalah-4-rawakalong-oleh-syarifuddin-arif-17454354,"Bebas banjir, dekat dengan falitas-fasilitas umum",
06-12-2021,60,36,2,1,0,1,Gunungsindur,SHM,1300,,379000000,https://www.rumah.com/listing-properti/dijual-felicia-residence-rawakalong-oleh-syarifuddin-arif-19336237,"sebelah SPBU rawa kalong, akses jalan bisa masuk 2 mobil, lintas angkot Parung-BSD",
06-12-2021,314,300,4,4,1,7,Bogor Timur,SHM,3500,,2900000000,https://www.rumah.com/listing-properti/dijual-rumah-mewah-harga-bagus-siap-huni-di-kawasan-premium-dan-strategis-di-jantung-kota-bogor-oleh-raffi-rolando-sinaga-19394698,"Taman+Gazebo, Selangkah ke Tol&Terminal Baranangsiang, Backyard",
06-12-2021,1272,500,4,5,0,2,Babakan Madang,SHM,5500,,15000000000,https://www.rumah.com/listing-properti/dijual-rumah-best-view-Babakan Madang-city-bogor-oleh-ahmad-supriyanto-15803712,Rumah best view,
06-12-2021,90,72,3,2,0,1,Bogor Barat,SHM,2200,,800000000,https://www.rumah.com/listing-properti/dijual-rumah-di-bogor-fasilitas-exclusive-oleh-yolanda-lanes-19384242,"Taman bermain anak, Ruang terbuka hijau tematik, double gate security system",
06-12-2021,90,48,2,2,0,1,Bogor Barat,SHGB,2200,,600000000,https://www.rumah.com/listing-properti/dijual-termurah-lt-90-harga-600jt-oleh-yolanda-lanes-17774065,"10 menit MCD Yasmin, rumah cantik konsep bali",
06-12-2021,338,250,4,3,0,2,Babakan Madang,SHM,3500,,3700000000,https://www.rumah.com/listing-properti/dijual-rumah-siap-huni-Babakan Madang-city-oleh-ahmad-supriyanto-16131852,"Dekat dengan view golf, dekat sekolah, beberapa menit ke gerbang toll Babakan Madang",
06-12-2021,62,43,2,1,0,1,Gunung Putri,SHM,1300,,460000000,https://www.rumah.com/listing-properti/dijual-cluster-chiara-3-harga-murah-lokasi-gunung-asih-bogor-ready-stock-siap-huni-oleh-sadrach-bagas-19394687,"20 menit dari tol Jatiasih, bebas banjir, CCTV 24 jam",
06-12-2021,60,40,2,1,0,1,Gunung Putri,SHM,2200,,880000000,https://www.rumah.com/listing-properti/dijual-the-lagoon-park-oleh-nova-tiara-19284218,"5 menit ke tol cimanggis, 10 menit ke stasiun LRT Cimanggis, 15 menit ke RS permata cibubur",
06-12-2021,196,170,3,3,1,1,Babakan Madang,SHM,2200,,2100000000,https://www.rumah.com/listing-properti/dijual-la-vanoise-village-oleh-nova-tiara-19178822,"10 menit ke AEON Mall Babakan Madang, 12 menit ke pintu Tol Babakan Madang Selatan, 30 menit ke Kebun Raya Bogor",
06-12-2021,72,47,2,1,0,1,Parung,SHGB,2200,,760000000,https://www.rumah.com/listing-properti/dijual-keila-gdc-parung-oleh-nova-tiara-19250508,"Free Canopy, Smart Door Lock, Smart Home System",
06-12-2021,120,125,3,3,2,0,Babakan Madang,SHGB,2200,,1946600000,https://www.rumah.com/listing-properti/dijual-rumah-di-Babakan Madang-bogor-dekat-tol-stasiun-lrt-murah-modern-minimalis-tipe-agra-prime-125-120-oleh-asa-pertiwi-19057296,"Dekat tol dan stasiun LRT Babakan Madang, Fasilitas lengkap, DP 0-50%",
06-12-2021,167,300,4,3,2,0,Gunung Putri,SHM,5500,"Timur, Utara",3200000000,https://www.rumah.com/listing-properti/dijual-cibubur-country-cluster-moonlake-oleh-nova-tiara-19158972,"Dekat Water Splash CIbubur Country, 10 menit ke Mal CIputra CIbubur, 12 Menit ke Gerbang Tol Jatikarya, 15 menit ke Trans Studio Cibubur",
06-12-2021,72,33,2,1,0,1,Gunung Putri,SHM,2200,,574600000,https://www.rumah.com/listing-properti/dijual-rumah-villa-murah-di-cikeas-gunung-putri-bogor-jawa-barat-oleh-dk-sari-18718726,"Lokasi strategis, one gate system, smart door lock, club house, kolam renang, CCTV 24 jam",
06-12-2021,60,70,2,2,0,1,Gunung Putri,SHM,2200,,916000000,https://www.rumah.com/listing-properti/dijual-kota-wisata-cibubur-oleh-dk-sari-18329132,"Lokasi strategis dekat TOL, one gate system, keamanan 24 jam",
06-12-2021,60,40,1,1,0,1,Babakan Madang,SHM,2200,,810000000,https://www.rumah.com/listing-properti/dijual-adhi-city-Babakan Madang-oleh-nova-tiara-19283860,"Lokasi strategis, fasilitas lengkap, keamanan 24 jam",
06-12-2021,200,202,5,5,2,2,Gunung Putri,SHM,4400,"Selatan, Utara",3128000000,https://www.rumah.com/listing-properti/dijual-cluster-miami-kota-wisata-cibubur-i-10x20-oleh-dk-sari-18289050,"One gate system, keamanan 24 jam, fasilitas lengkap",
06-12-2021,84,75,2,1,0,1,Tanah Sareal,SHM,2200,,810000000,https://www.rumah.com/listing-properti/dijual-kayu-manis-residence-oleh-nova-tiara-19265836,"Lokasi strategis, fasilitas taman, keamanan 24 jam",
06-12-2021,162,164,5,5,0,2,Gunung Putri,SHM,3500,Utara,2536000000,https://www.rumah.com/listing-properti/dijual-kota-wisata-cibubur-i-cluster-miami-lebar-8-oleh-dk-sari-18289350,"Fasilitas lengkap , dekat dengan fasilitas komersial (fresh market, starbucks, burger king, mcdonalds, dll)",
07-12-2021,72,65,3,2,0,1,Cileungsi,SHM,1300,,750000000,https://www.rumah.com/listing-properti/dijual-metland-cileungsi-cluster-anggrek-oleh-victor-17896713,Keamanan 24 jam,
07-12-2021,200,260,4,4,1,1,Gunung Putri,SHM,4400,,2975000000,https://www.rumah.com/listing-properti/dijual-rumah-cantik-siap-huni-kota-wisata-bogor-oleh-sancoyo-16817542,"Rumah siap huni, lokasi strategis",
07-12-2021,72,36,2,1,0,1,Bogor Barat,SHM,1300,,350000000,https://www.rumah.com/listing-properti/dijual-dramaga-village-oleh-praba-rini-19366917,"Keamanan 24 jam, area bermain, trek lari, lapangan terbuka, taman pribadi, pemandangan hijau",
07-12-2021,60,39,2,1,0,1,Parung,SHGB,2200,,670000000,https://www.rumah.com/listing-properti/dijual-grand-duta-city-oleh-nova-tiara-19191297,"Keamanan 24 jam, area bermain, taman pribadi, pemandangan hijau",
07-12-2021,112,169,5,5,0,2,Gunung Putri,SHM,3500,Danau,2128000000,https://www.rumah.com/listing-properti/dijual-kota-wisata-cluster-mississippi-promo-kpr-tanpa-dp-oleh-dk-sari-19258975,Fasilitas lengkap,
07-12-2021,30,25,1,1,0,1,Cibinong,SHM,1300,,130000000,https://www.rumah.com/listing-properti/dijual-cibinong-oleh-arief-priyono-19361394,"Lokasi strategis, keamanan 24 jam, arena bermain, dekat TOL, stasiun dan sekolah, terdapat klinik kesehatan",
07-12-2021,162,100,3,2,0,1,Gunung Putri,SHM,1300,,1250000000,https://www.rumah.com/listing-properti/dijual-bukit-golf-riverside-cluster-riverside-1-oleh-togi-m-siahaan-18429186,"Fasilitas kawasan hijau, lapangan golf, pertokoan, dekat dengan Tol Cimanggis",
07-12-2021,128,170,4,3,0,1,Gunung Putri,Lainnya,2200,,1450000000,https://www.rumah.com/listing-properti/dijual-kota-wisata-oleh-togi-m-siahaan-18428970,"Akses Toll JORR II, dekat rumah sakit Eka Hospital, Mall Living World, tempat ibadah, sekolah, perbelanjaan",
07-12-2021,120,200,4,3,0,1,Gunung Putri,Lainnya,2200,,1500000000,https://www.rumah.com/listing-properti/dijual-kota-wisata-oleh-togi-m-siahaan-18428937,"Akses Toll JORR II, dekat rumah sakit Eka Hospital, Mall Living World, tempat ibadah, sekolah, perbelanjaan",
07-12-2021,140,170,4,3,0,2,Gunung Putri,SHM,4400,,1850000000,https://www.rumah.com/listing-properti/dijual-rumah-siap-huni-tanah-luas-bangunan-lega-oleh-nano-18432385,"Lokasi strategis, akses bebas banjir, dekat dengan banyak pusat perbelanjaan, lokasi rumah dalam komplek",
07-12-2021,98,49,2,1,0,1,Bogor Utara,SHM,5500,,840950000,https://www.rumah.com/listing-properti/dijual-vinca-village-oleh-hizkia-nathaniel-19264795,"500 m dari pintu toll, keamanan 24 jam",
07-12-2021,120,160,5,3,0,1,Cileungsi,SHM,2200,Barat,1250000000,https://www.rumah.com/listing-properti/dijual-rumah-di-limus-pratama-regency-oleh-janni-kurniawan-18893896,"Rumah siap huni, bebas banjir, fasilitas lengkap, lokasi strategis",
07-12-2021,60,39,2,1,0,1,Parung,SHM,1300,,670000000,https://www.rumah.com/listing-properti/dijual-grand-duta-city-oleh-wina-kusniarti-19388909,"Keamanan 24 jam, 8 menit via Tol Bojong Gede",
07-12-2021,60,36,2,1,0,1,Gunung Putri,SHM,1300,,399000000,https://www.rumah.com/listing-properti/dijual-perumahan-dp-0-akad-syariah-andalusia-residence-di-tengah-kota-cibubur-oleh-sani-18746486,"Perumahan dengan akad syariah, dekat dengan Tol Cimanggis, Rumah Sakit Permata, sekolah, mall, dan pusat kuliner",
07-12-2021,70,40,2,1,0,2,Cibinong,SHM,1300,,456000000,https://www.rumah.com/listing-properti/dijual-dijual-rumah-tepi-danau-citeureup-cibinong-bogor-dekat-pintu-tol-400-jutaan-oleh-agus-razali-18979590,"Keamanan 24 jam, dekat dengan Tol Citeureup, sekolah, Rumah Sakit Annisa dan Centra Medika",
07-12-2021,60,37,2,1,0,1,Parung,SHM,1300,,397223000,https://www.rumah.com/listing-properti/dijual-arco-green-park-parung-oleh-adi-cano-18659205,"Terdapat ruang terbuka hijau, dekat dengan pasar tradisional",
07-12-2021,72,55,3,2,0,1,Parung,SHM,2200,,551834000,https://www.rumah.com/listing-properti/dijual-dijual-rumah-keren-2-lantai-500an-juta-di-arco-oleh-adi-cano-19117770,"Keamanan 24 jam, di dalam cluster terdapat mushola dan taman bermain anak",
07-12-2021,72,36,2,1,0,1,Gunung Putri,SHM,1300,,485000000,https://www.rumah.com/listing-properti/dijual-taman-darul-adnen-ciangsana-gunung-putri-bogor-oleh-muhammad-faqihuddin-19329327,"Berada di komplek TNI AL, dekat dengan pusat perbelanjaan dan rumah sakit Melia Cibubur",
07-12-2021,72,47,2,2,0,1,Parung,SHM,1300,,600000000,https://www.rumah.com/listing-properti/dijual-grand-parung-oleh-esa-husnul-19372482,"Lokasi strategis, dekat dengan tol, konsep township modern, fasilitas lengkap",
07-12-2021,60,39,2,1,0,1,Parung,SHM,1300,,600000000,https://www.rumah.com/listing-properti/dijual-metro-parung-oleh-esa-husnul-19372448,"Lokasi strategis, dekat dengan tol, konsep township modern, fasilitas lengkap",
07-12-2021,72,43,2,1,0,1,Gunungsindur,SHGB,1300,,715000000,https://www.rumah.com/listing-properti/dijual-rawakalong-gunung-sindur-bogor-oleh-fransisco-19130075,"Keamanan 24 jam, dekat dengan Rumah Sakit Hermina, Universitas Pamulang, dan Pusat Kuliner Bukit Dago",
07-12-2021,60,30,2,1,0,1,Parung Panjang,SHM,1300,,378990000,https://www.rumah.com/listing-properti/dijual-citaville-parung-panjang-bogor-oleh-fransisco-19340449,"Dekat dengan Stasiun Parung Panjang dan pusat perbelanjaan (AEON mall, Gading Serpong, Karawaci)",
07-12-2021,105,36,2,1,0,1,Jonggol,SHGB,1300,,456000000,https://www.rumah.com/listing-properti/dijual-citra-indah-oleh-agih-bia-bagus-r-19396300,"Lokasi strategis, keamanan 24 jam",
07-12-2021,60,36,2,1,0,1,Bojonggede,SHM,1300,,368000000,https://www.rumah.com/listing-properti/dijual-5-menit-rs-citama-khusus-cash-keras-diskon-100-juta-free-biaya-notaris-shm-oleh-faqih-18664161,Lokasi strategis dengan lembaga pendidikan dan stasiun,
07-12-2021,84,42,2,1,0,1,Parung,SHM,1300,,500000000,https://www.rumah.com/listing-properti/dijual-casa-green-residence-parung-oleh-lilly-andalusiana-19396271,"Keamanan 24 jam, dekat dengan lembaga pendidikan (SDN Parung, Universitas Pamulang), dekat dengan pusat perbelanjaan",
07-12-2021,84,36,2,1,0,1,Parung,SHM,1300,,599000000,https://www.rumah.com/listing-properti/dijual-kemang-eminence-bogor-oleh-aditya-santoso-19253196,"Keamanan 24 jam, dekat dengan stastiun Cilebut, pemandangan hijau",
07-12-2021,98,49,2,1,0,1,Bogor Utara,SHM,1300,,925045000,https://www.rumah.com/listing-properti/dijual-vinca-village-oleh-roni-17724382,"Keamanan 24 jam, dekat dengan Tol Babakan Madang Barat, sekolah Alam Bogor, Rumah Sakit PMI",
07-12-2021,144,72,3,1,0,1,Bogor Utara,SHM,1300,,1621400000,https://www.rumah.com/listing-properti/dijual-nusa-indah-residence-oleh-roni-17750341,"Keamanan 24 jam, dekat dengan Tol Babakan Madang Barat, sekolah Alam Bogor, Rumah Sakit PMI",
07-12-2021,91,42,2,1,0,1,Parung,SHM,1300,,488500000,https://www.rumah.com/listing-properti/dijual-siapa-cepat-dia-dapat-rumah-cantik-free-biaya-biaya-oleh-danny-eka-saputra-19372601,"Rumah siap huni, keamanan 24 jam, dekat jalan raya Parung",
07-12-2021,108,69,3,2,0,1,Gunung Putri,SHM,1300,,795000000,https://www.rumah.com/listing-properti/dijual-rumah-cluster-ciangsana-strategis-dekat-kota-wisata-gunung-putri-bogor-oleh-denny-ahmad-setiawan-19293587,Keamanan 24 jam,
07-12-2021,66,37,2,1,0,1,Ciseeng,SHM,1300,,221000000,https://www.rumah.com/listing-properti/dijual-hanya-200-jutaan-punya-rumah-megah-dan-mewah-di-griya-pesona-madani-oleh-rival-19396469,"Keamanan 24 jam, dekat dengan tempat ibadah (masjid dan gereja), dekat dengan lembaga pendidikan dan rumah sakit",
07-12-2021,62,36,2,1,0,1,Bojonggede,SHM,1300,,239999999,https://www.rumah.com/listing-properti/dijual-promo-jual-rumah-baru-kualitas-internasional-oleh-siti-maisyaroh-19234617,"Dekat dengan kantor pemerintah daerah, tempat ibadah, dan lembaga pendidikan",
07-12-2021,60,50,2,1,0,1,Bogor Timur,SHGB,1300,,205000000,https://www.rumah.com/listing-properti/dijual-rumah-nyaman-full-renovasi-strategis-di-citra-indah-city-oleh-betty-19031147,Rumah nyaman full renovasi strategis di Citra Indah City,
07-12-2021,210,150,4,2,0,2,Ciomas,SHM,2200,,1400000000,https://www.rumah.com/listing-properti/dijual-dijual-cepat-rumah-full-furnished-shm-dekat-stasiun-bogor-oleh-nina-meiyanne-19158830,Rumah full furnished SHM dekat Stasiun Bogor BU,
07-12-2021,156,72,4,3,0,1,Ciampea,SHM,1300,,650000000,https://www.rumah.com/listing-properti/dijual-jual-cepat-rumah-kampung-3-lantai-bu-siap-huni-non-kpr-dekat-ipb-oleh-nina-meiyanne-19252052,Rumah 3 lantai siap huni dekat kampus IPB,
07-12-2021,255,219,6,5,0,2,Bogor Utara,SHM,2200,,2500000000,https://www.rumah.com/listing-properti/dijual-jual-rumah-hanya-500m-dari-pintu-toll-tanah-baru-plus-full-furnished-oleh-nina-meiyanne-19296396,"Full furnish, dekat pintu tol tanah baru di perumahan nurul ikhwan bogor",
07-12-2021,60,39,2,1,0,1,Parung,SHGB,2200,,633150000,https://www.rumah.com/listing-properti/dijual-grand-duta-city-south-of-jakarta-oleh-agus-susanto-19227288,"Rumah modern dikawasan hijau, dekat 3 tol",
07-12-2021,66,60,3,2,0,2,Cibinong,SHM,2200,,550000000,https://www.rumah.com/listing-properti/dijual-samarra-regency-kota-cibinong-bogor-oleh-padil-19396998,Dekat pintu tol Babakan Madang sirkuit-bogor,
07-12-2021,66,36,2,1,0,1,Tajurhalang,SHM,1300,,377684362,https://www.rumah.com/listing-properti/dijual-tajur-halang-bogor-oleh-zainal-arifin-19273857,"15 menit ke stasiun bojong gede, Dekat SMAN 1 Tajur halang, Dekat SMKN 1 Tajur halang, 200m kantor kecamatan tajur halang, Dekat wisata alam danau tonjong & danau kemuning",
07-12-2021,270,150,5,4,0,1,Bogor Timur,SHM,2200,,1850000000,https://www.rumah.com/listing-properti/dijual-perumahan-baranangsiang-bogor-oleh-rufi-yenuartik-18988176,"Dekat mall, dekat terminal",
02-12-2021,240,358,4,2,0,1,Babakan Madang,SHM,2200,,4500000000,https://www.rumah123.com/properti/bogor/hos9271580/,Lokasi strategis,
02-12-2021,90,80,3,1,0,1,Jonggol,SHM,1300,,418000000,https://www.rumah123.com/properti/bogor/hos9271650/,"Rumah siap huni, lokasi strategis dekat tol",
02-12-2021,72,65,2,1,0,1,Jonggol,SHGB,1300,Utara,325000000,https://www.rumah123.com/properti/bogor/hos9271641/,"Rumah siap huni, Lokasi strategis",
02-12-2021,60,72,2,1,0,1,Jonggol,SHGB,1300,Timur,215000000,https://www.rumah123.com/properti/bogor/hos9271649/,"Fasilitas masjid, taman, jogging track, keamanan",
02-12-2021,60,72,2,1,0,1,Cileungsi,SHGB,1300,Timur,215000000,https://www.rumah123.com/properti/bogor/hos9271640/,"Fasilitas masjid, taman, jogging track, keamanan",
02-12-2021,72,65,2,2,0,1,Jonggol,SHGB,1300,,295000000,https://www.rumah123.com/properti/bogor/hos9271619/,"Lokasi strategis, Fasilitas lengkap",
02-12-2021,72,65,2,1,0,1,Jonggol,SHM,1300,,295000000,https://www.rumah123.com/properti/bogor/hos9271605/,"Lokasi strategis, Fasilitas lengkap",
02-12-2021,800,400,6,6,2,2,Babakan Madang,SHM,5500,,7000000000,https://www.rumah123.com/properti/bogor/hos9268097/,"Lokasi strategis, view bagus, aman (one gate system, keamanan 24 jam)",
02-12-2021,280,120,3,3,0,2,Cipanas,SHM,5500,,900000000,https://www.rumah123.com/properti/bogor/hos9263253/,Rumah siap huni,
02-12-2021,276,500,4,3,0,0,Gunung Putri,SHM,4400,,3300000000,https://www.rumah123.com/properti/bogor/hos9270234/,Lokasi strategis,
02-12-2021,437,340,5,5,2,2,Megamendung,SHGB,5500,,5500000000,https://www.rumah123.com/properti/bogor/hos9269863/,"Lokasi strategis, ada kolam renang",
02-12-2021,106,54,3,2,0,2,Ciomas,SHGB,1300,Timur,909000000,https://www.rumah123.com/properti/bogor/hos9271502/,Lokasi strategis,
02-12-2021,72,36,2,1,1,1,Bojonggede,SHGB,1300,Timur,400000000,https://www.rumah123.com/properti/bogor/hos9271476/,"Lokasi strategis dekat stasiun, angsuran 1 jutaan dan dapat uang tunai 20 juta",
02-12-2021,72,55,2,1,0,1,Cileungsi,SHGB,1300,Selatan,295000000,https://www.rumah123.com/properti/bogor/hos9271458/,"Fasilitas masjid, taman, jogging track, keamanan",
02-12-2021,180,130,3,1,0,1,Babakan Madang,SHM,1300,,1700000000,https://www.rumah123.com/properti/bogor/hos9225726/,"Lokasi strategis, Fasilitas lengkap",
02-12-2021,867,650,5,6,2,4,Babakan Madang,SHM,5500,,16500000000,https://www.rumah123.com/properti/bogor/hos9271396/,"Perumahan eksklusif, lokasi strategis, gfasilitas lengkap",
02-12-2021,696,400,3,3,1,1,Babakan Madang,SHM,5500,,8500000000,https://www.rumah123.com/properti/bogor/hos9271453/,"Ada kolam renang, taman, dan keamanan",
02-12-2021,62,45,2,1,1,1,Cibinong,SHM,1300,Utara,420000000,https://www.rumah123.com/properti/bogor/hos9270198/,"Rumah siap huni, Cukup 5jt gratis semua biaya2 sampe huni, Rumah murah surat shm 10 menit ke stasiun bojong gede",
02-12-2021,698,350,4,4,2,2,Babakan Madang,SHM,5500,Selatan,6850000000,https://www.rumah123.com/properti/bogor/hos9271202/,"Lokasi strategis, Fasilitas lengkap",
02-12-2021,72,55,2,1,1,1,Cileungsi,SHGB,1300,Barat,295000000,https://www.rumah123.com/properti/bogor/hos9271106/,"Fasilitas masjid, taman, jogging track, keamanan",
01-12-2021,81,36,2,1,0,1,Tajurhalang,SHGB,1300,,222750000,https://www.rumah.com/listing-properti/dijual-samasta-citayam-2-oleh-mukhlis-kurniawan-wicaksono-19280078,"TV, AC
Potongan cicilan 2juta per bulan (1Tahun pertama)
Free Biaya2 awal (Notaris, BPHTB, KPR, dll)",
01-12-2021,65,32,2,1,0,1,Ciseeng,SHM,1300,,270000000,https://www.rumah.com/listing-properti/dijual-bogor-oleh-diqi-19360806,"15 menit ke Pasar Ciseeng, 5 menit ke Sekolah SD, SMP dan SMA Negeri, 5 menit ke Pom Bensin, 20 menit RS Dhuafa dan Citra Insani",
01-12-2021,72,36,2,1,0,1,Bogor Selatan,SHM,2200,,670000000,https://www.rumah.com/listing-properti/dijual-pesona-taman-dhika-bogor-oleh-stefanus-18220888,"5 menit Bogor Mini Zoo, 8 menit Lippo Mall Ekalokasari, 12 menit Botani Square Mall, 12 menit Terminal Bus Baranang Siang",
01-12-2021,72,72,2,1,0,1,Megamendung,SHGB,2200,,650000000,https://www.rumah.com/listing-properti/dijual-depok-bogor-jawa-barat-oleh-imam-19359219,"1 Lantai
PAM
LT : 72 m2
LB : 32 m2
K.Tidur : 2
K.Mandi : 1",
01-12-2021,60,63,3,2,0,1,Gunungsindur,SHM,2200,,598000000,https://www.rumah.com/listing-properti/dijual-perumahan-green-arka-bogor-oleh-galih-pamungkas-18402592,"Menempel dengan puspiptek
10-15 menit ke BSD city dan ke toll BSD",
01-12-2021,66,70,2,1,0,1,Bogor Utara,SHM,1300,,550000000,https://www.rumah.com/listing-properti/dijual-vila-bogor-indah-oleh-lukas-angelo-16193405,rumah 2 lantai siap huni carport pam PLN 1300 lingkungan aman nyaman dekat kolam renang dekat kawasan kuliner Villa Bogor Indah sertifikat SHM bisa KPR dibantu,
01-12-2021,98,38,2,1,0,1,Tanah Sareal,SHM,1300,,525096000,https://www.rumah.com/listing-properti/dijual-villa-bogor-1-oleh-den-febri-18713271,"- 5 Menit Ke Pintu tol Caringin
- 7 Menit Ke Stasiun KA Maseng
- Akses Angkutan kota Caringin - Bogor",
01-12-2021,220,213,3,3,1,2,Gunung Putri,SHM,3500,,1350000000,https://www.rumah.com/listing-properti/dijual-bojongkulur-cibubur-oleh-budi-setiawan-19218776,"Akses Tol Jatikarya cububur dan Tol Jatiasih, Dekat Kota Wisata Cibubur, Jatiasih, Narogong, Bebas Banjir, Akses Mudah",
01-12-2021,60,30,2,1,0,1,Bogor Timur,SHM,1300,,168000000,https://www.rumah.com/listing-properti/dijual-rumah-subsidi-bogor-oleh-abdulhakam-19265015,rumah subsidi tanpa perlu merenovasi lagi kamar mandi karena sudah berada di belakang.,
01-12-2021,72,36,2,1,0,1,Ciampea,SHM,1300,,189000000,https://www.rumah.com/listing-properti/dijual-cluster-edelweis-bogor-oleh-dessy-tri-astanti-nainggolan-19067758,"Danau Buatan, Jogging Trek, Taman bunga, Main Garden, Thibbun Nabawi",
01-12-2021,66,24,1,1,0,1,Tenjo,SHM,1300,,168000000,https://www.rumah.com/listing-properti/dijual-sentra-hills-tenjo-tenjo-bogor-oleh-eky-19242586,"Paling dekat ke stasiun dari pada perumahan-perumahan lain. Hanya 200meter bisa jalan kaki ke stasiun.
Recomended banget buat yang kerja di jakarta biasa beraktifitas dengan kereta KRL",
01-12-2021,93,36,2,1,0,1,Bogor Barat,SHGB,1300,,65000000,https://www.rumah.com/listing-properti/dijual-rumah-over-kredit-murah-di-bogor-oleh-neneng-wahyudi-19076078,"Lokasi super strategis, akses jalan tembus ke Terminal Laladon dan IPB Dramaga
",
01-12-2021,60,36,2,1,0,1,Bojonggede,SHM,1300,,70000000,https://www.rumah.com/listing-properti/dijual-rumah-takeover-dekat-stasiun-cilebut-bogor-oleh-agus-razali-19269369,"-15 Mnt dari stasiun cilebut dan bojong gede -10 mnt ke toll kedung halang kota bogor
-10 mnt dari pemda cibinong bogor
-10 mnt ke stadion pakansari cibinong bogor -10 mnt dari mall cibinong city
-15 mnt ke pusat kota bogor -20 mnt ke kebun raya dan istana bogor",
01-12-2021,38,21,1,1,0,1,Bogor Barat,SHM,1300,,200000000,https://www.rumah.com/listing-properti/dijual-dramaga-bogor-oleh-eli-novitasari-19055958,"- Dekat RS. Medika
- Dekat RS. Karya Bhakti Pertiwi
- SMA N 1 Dramaga
- SMP N 2 Dramga",
01-12-2021,102,69,3,2,0,1,Bogor Barat,SHM,2200,,739600000,https://www.rumah.com/listing-properti/dijual-bogor-oleh-winky-19027594,"Dekat Stasiun Bogor
Dekat Tol BORR
Dekat Pusat Perbelanjaan
Dekat Sekolah & Universitas",
01-12-2021,108,108,4,2,0,1,Cibinong,SHM,1300,,770000000,https://www.rumah.com/listing-properti/dijual-rukam-cibinong-bogor-oleh-wahyu-nurbaya-kusuma-16967603,"Terletak berada dikawasaan pemda cibinong yang menghubungkan jarak antara cibinong dengan :
- ke sekitar 10 Menit ke stasiun bojonggede atau tol Babakan Madang jakarta.
- ke bogor kota 20 Menit
- ke mall CCM 10 Menit
- ke mall BOTANI 20 Menit",
01-12-2021,175,50,3,1,0,3,Ciomas,SHM,900,,425000000,https://www.rumah.com/listing-properti/dijual-tamansari-ciapus-bogor-oleh-eko-ahmad-19349297,"Dekat kelurahan
Dekat kolam renang
Dekat tempat ibadah
Dekat area pemancingan
Dekat puskesmas
Dekat sekolah",
01-12-2021,72,45,2,1,0,1,Parung,SHM,1300,,450000000,https://www.rumah.com/listing-properti/dijual-cluster-panorama-bali-ciseeng-bogor-oleh-akbar-masngud-19326065,"5 menit ke tempat wisata lembah cisadane
20-30 menit BSD
",
01-12-2021,120,38,2,1,0,1,Jonggol,SHM,1300,,420000000,https://www.rumah.com/listing-properti/dijual-rumah-citra-indah-city-bogor-oleh-rossy-19198228,"- feeder busway jurusan Citra Indah City - Grogol, UKI, Cawang, Kompak, BlokM, Kel
apa Gading
- mall Citra Indah Square 1 dan 2
- Sekolah Cikal Harapan
- Pasar Segar/Citra Indah Fresh Market",
01-12-2021,60,30,2,1,0,1,Parung,SHM,1300,,400000000,https://www.rumah.com/listing-properti/dijual-parung-bogor-rumah-400jutaan-dalam-cluster-oleh-rossy-19154305,"Fasilitas :
One gate System
CCTV lingkungan 24 Jam
Area Komersil
Joggingtrack",
04-12-2021,60,36,2,1,0,1,Gunungsindur,SHM,1300,,300000000,https://www.rumah.com/listing-properti/dijual-rumah-murah-type-36-60-free-biaya-tanpa-dp-oleh-erica-camilla-19359644,Free biaya notaris,
04-12-2021,100,72,3,2,0,2,Gunung Putri,SHM,2200,,1300000000,https://www.rumah.com/listing-properti/dijual-promo-murah-cluster-missiissippi-kota-wisata-cibubur-oleh-rahadiyanuar-zaini-19353497,Hanya 5 menit ke pintu tol dan Mall,
04-12-2021,65,32,2,1,0,1,Bogor Tengah,SHM,1300,,270000000,https://www.rumah.com/listing-properti/dijual-bogor-oleh-diqi-19386347,Perumahan yang lagi viral di ciseeng,
04-12-2021,90,36,2,1,0,1,Cileungsi,SHM,1300,,498000000,https://www.rumah.com/listing-properti/dijual-bogor-oleh-saeful-anwar-18333102,Strategis di akses utama Cibubur-Cileungsi,
04-12-2021,50,32,2,1,0,1,Bogor Barat,SHM,1300,,299000000,https://www.rumah.com/listing-properti/dijual-dramaga-bogor-oleh-eli-novitasari-18583283,Bisa untuk kost/kontrakan,
04-12-2021,119,36,2,1,0,1,Sukaraja,SHM,1300,,65000000,https://www.rumah.com/listing-properti/dijual-permata-bogor-oleh-yossy-19321094,Take over rumah permata cilebut,
04-12-2021,84,36,2,1,0,1,Bojonggede,SHGB,1300,,487800000,https://www.rumah.com/listing-properti/dijual-green-tajur-bogor-oleh-nova-tiara-19265607,Green tajur village,
04-12-2021,128,68,2,1,0,1,Rumpin,Lainnya,1300,,825000000,https://www.rumah.com/listing-properti/dijual-baletirtawarna-rumpin-bogor-oleh-thea-sutanta-18363057,"Jual cepat, siap huni",
04-12-2021,90,55,2,1,0,1,Rumpin,SHM,2200,,475000000,https://www.rumah.com/listing-properti/dijual-bale-tirtana-bogor-oleh-thesa-18916547,Rumah murah di bale tirtana bogor,
04-12-2021,188,240,5,3,0,2,Bogor Utara,SHM,2200,,2200000000,https://www.rumah.com/listing-properti/dijual-villa-bogor-indah-oleh-hilmi-mulyadi-19356937,"Villa bogor indah, beli rumah bonus warung",
04-12-2021,78,60,3,2,0,2,Bogor Utara,SHM,2200,,925100000,https://www.rumah.com/listing-properti/dijual-villa-bogor-indah-oleh-amel-16807304,Villa bogor indah 6,
04-12-2021,84,36,2,1,0,2,Bogor Utara,SHM,2200,,765050000,https://www.rumah.com/listing-properti/dijual-villa-bogor-indah-oleh-amel-17034684,Villa bogor indah 6,
04-12-2021,470,260,4,2,0,4,Bogor Selatan,SHM,2200,,4350000000,https://www.rumah.com/listing-properti/dijual-boulevard-bogor-nirwana-residence-oleh-amri-18457715,Lokasi strategis dan unik,
04-12-2021,60,40,2,1,0,1,Ciomas,SHM,1300,,369000000,https://www.rumah.com/listing-properti/dijual-rumah-syariah-ciomas-bogor-oleh-fajar-al-qorni-19386928,"Konsep rumah villa, dengan transaksi bebas riba insyaallah",
04-12-2021,70,66,2,1,0,1,Tajurhalang,SHM,1300,,260000000,https://www.rumah.com/listing-properti/dijual-jual-rumah-citayam-bogor-oleh-regi-maulana-musfiq-18692282,"Belakang masjid, akses jalan muat mobil",
04-12-2021,150,70,3,2,0,2,Bogor Utara,SHM,2200,,1403050000,https://www.rumah.com/listing-properti/dijual-vila-bogor-indah-6-oleh-amel-17293060,Villa bogor indah 6,
04-12-2021,84,89,2,1,0,1,Bogor Selatan,SHM,2200,,1318000000,https://www.rumah.com/listing-properti/dijual-spring-of-pakuan-bogor-oleh-tika-yusmita-19298538,Rumah dengan 2 lantai di central kota bogor,
04-12-2021,195,100,2,2,0,2,Bogor Barat,SHM,2200,,1750000000,https://www.rumah.com/listing-properti/dijual-bukit-cimanggu-city-bogor-oleh-prihantoro-18829796,Rumah siap huni bukit cimanggu city bogor,
04-12-2021,84,36,2,1,0,1,Dramaga,SHM,1300,,65000000,https://www.rumah.com/listing-properti/dijual-over-kredit-rumah-bogor-oleh-ghia-anggi-19008750,"Rumah hooked, take over murah",
04-12-2021,142,80,2,1,0,1,Bogor Selatan,SHM,1300,,950000000,https://www.rumah.com/listing-properti/dijual-rancamaya-clust-bogor-balcony-grande-oleh-raffi-rolando-sinaga-19192330,"Rumah hoek termurah, bangunan cantik baru renov, siap huni di rancamaya",
05-12-2021,72,36,2,1,0,1,Parung,SHGB,1300,,201600000,https://www.rumah.com/listing-properti/dijual-rumah-murah-daerah-parung-bogor-oleh-muldani-19123085,"Keamanan 24 jam, CCTV, terdapat taman bermain di komplek",
05-12-2021,66,45,2,1,1,1,Bogor Barat,SHGB,2200,,632000000,https://www.rumah.com/listing-properti/dijual-greenland-forest-hill-residence-oleh-fardiansyah-19298927,"Terdapat security system, smart home, taman",
05-12-2021,60,30,2,1,0,1,Ranca Bungur,SHGB,1300,,168000000,https://www.rumah.com/listing-properti/dijual-panorama-bogor-oleh-retno-yulianti-18781345,Perumahan disubsidi pemerintah mudah murah flat 10 tahun,
05-12-2021,89,69,3,2,0,1,Bogor Barat,SHM,2200,,623000000,https://www.rumah.com/listing-properti/dijual-bubulak-bogor-oleh-hilman-hidayat-19247177,"Rumah 2 lantai, nuansa hijau Gunung Salak",
05-12-2021,78,36,2,1,0,1,Cibinong,SHM,2200,,663000000,https://www.rumah.com/listing-properti/dijual-vila-bogor-indah-6-oleh-aep-nurbaeni-19089724,"Dekat dengan Pemda Cibinong, terdapat jogging track di area perumahan",
05-12-2021,313,200,3,2,0,2,Bogor Barat,SHM,1300,,1400000000,https://www.rumah.com/listing-properti/dijual-rumah-dengan-halaman-besar-bu-jual-murah-samping-perum-yasmin-bogor-oleh-dian-hanafiah-18744964,"Dekat dengan lembaga pendidikan (SD, SMP, dan SMAN 5 Bogor), dilalui angkutan umum",
05-12-2021,131,90,2,2,0,1,Babakan Madang,Lainnya,2200,,1150000000,https://www.rumah.com/listing-properti/dijual-rumah-di-Babakan Madang-city-rumah-1-lantai-lokasi-di-cluster-favorit-oleh-priscil-19208615,Rumah siap huni di Cluster Favorit Babakan Madang,
05-12-2021,97,58,2,1,0,1,Sukaraja,SHM,1300,,915000000,https://www.rumah.com/listing-properti/dijual-cilebut-residence-oleh-aditya-santoso-19294795,"Rumah siap huni, dekat dengan Stasiun Cilebut dan Tol Borr",
05-12-2021,80,36,2,1,0,1,Ciomas,SHM,1300,,377900000,https://www.rumah.com/listing-properti/dijual-rumah-ready-stock-di-puri-indah-ciapus-tamansari-bogor-oleh-yanna-nuansa-19389958,"Kemanan 24 jam, pemandangan Gunung Salak",
05-12-2021,79,90,3,2,0,2,Cibinong,SHM,2200,,845811000,https://www.rumah.com/listing-properti/dijual-pabuaran-cibinong-bogor-oleh-anjani-19330057,"Hunian 2 lantai, dekat dengan alun-alun Kota Depok",
05-12-2021,81,90,3,2,0,2,Cibinong,SHM,2200,,860211000,https://www.rumah.com/listing-properti/dijual-cibinong-bogor-oleh-anjani-19330071,"Hunian 2 lantai, dekat dengan Stasiun Cibinong",
05-12-2021,72,36,2,1,0,1,Ciomas,SHM,1300,,363200000,https://www.rumah.com/listing-properti/dijual-rumah-minimalis-puri-indah-ciapus-dkt-stasiun-bogor-oleh-yanna-nuansa-17435435,"Dekat dengan pusat perbelanjaan dan rumah sakit, pemandangan Gunung Salak",
05-12-2021,66,32,2,1,0,1,Cileungsi,SHGB,1300,,316800000,https://www.rumah.com/listing-properti/dijual-harvest-city-dario-oleh-nahwani-19389709,"Bebas banjir, terdapat taman pribadi",
05-12-2021,60,36,2,1,0,1,Parung,SHM,1300,,395000000,https://www.rumah.com/listing-properti/dijual-griya-rika-utama-kalisuren-bogor-oleh-herman-19141794,"Lokasi strategis, dekat Statisun Bojonggede",
05-12-2021,90,69,2,2,0,1,Cileungsi,SHM,2200,,678700000,https://www.rumah.com/listing-properti/dijual-grand-nusa-indah-boulevard-oleh-diprianto-18852742,"Rumah 2 lantai, dekat dengan pasar",
05-12-2021,345,287,5,4,0,2,Babakan Madang,SHM,6600,,3800000000,https://www.rumah.com/listing-properti/dijual-dijual-rumah-di-Babakan Madang-city-oleh-priscil-19129836,Rumah 2 lantai dan terdapat kolam renang,
05-12-2021,206,100,4,2,0,1,Bogor Barat,SHM,2200,,1600000000,https://www.rumah.com/listing-properti/dijual-nego-rumah-hook-baru-renov-lokasi-sangat-premium-oleh-olly-edy-s-17935859,"Rumah baru di renovasi, taman luas",
05-12-2021,75,80,3,2,0,1,Cileungsi,SHM,2200,,950000000,https://www.rumah.com/listing-properti/dijual-mau-punya-rumah-tanpa-riba-oleh-sani-17782923,"Dilalui angkutan umum, dekat dengan rumah sakit",
05-12-2021,105,70,3,2,0,1,Tanah Sareal,SHM,1300,,795000000,https://www.rumah.com/listing-properti/dijual-graha-bukit-pesona-oleh-dian-hanafiah-19163725,Ramah baru selesai di renovasi dan terletak di hook,
05-12-2021,72,70,3,3,0,2,Parung Panjang,SHM,3500,,890000000,https://www.rumah.com/listing-properti/dijual-millenium-city-serpong-oleh-agus-18238527,"Rumah millenium 2 lantai, perumahan one gate system",
03-12-2021,320,90,3,3,0,3,Tanah Sareal,SHM,1300,,1800000000,https://www.rumah.com/listing-properti/dijual-budi-agung-oleh-kachi-sulastri-18708003,Dekat mall dan toll,
03-12-2021,1058,283,6,6,3,5,Bogor Tengah,SHM,1300,,8500000000,https://www.rumah.com/listing-properti/dijual-perumahan-bogor-baru-oleh-kachi-sulastri-18667547,Rumah di pinggir jalan,
03-12-2021,60,32,2,1,0,1,Ciseeng,SHGB,1300,,318000000,https://www.rumah.com/listing-properti/dijual-rumah-minimalis-murah-300-jutaan-di-bogor-oleh-wahyudi-handoko-18976018,"Free taman depan, CCTV area",
03-12-2021,78,198,6,3,0,2,Tanah Sareal,SHM,2200,,1100000000,https://www.rumah.com/listing-properti/dijual-rumah-3-lantai-6-kamar-tidur-3-kamar-mandi-dengan-fasilitas-lengkap-di-lokasi-terbaik-kota-bogor-oleh-yanna-nuansa-18210507,"Sport center, Marcopolo waterpark",
03-12-2021,105,126,3,2,0,1,Bogor Utara,SHM,2200,,1100000000,https://www.rumah.com/listing-properti/dijual-jual-rumah-murah-di-perumahan-bukit-bogor-raya-lakeside-oleh-josephine-18858798,"Deka mall Botani Square, dekat RS.Siloam, dekat stasiun kereta api",
03-12-2021,168,200,5,2,0,1,Bogor Utara,SHM,1300,,1399000000,https://www.rumah.com/listing-properti/dijual-jual-rumah-baru-renovasi-di-tengah-kota-di-perumahan-bantarjati-oleh-josephine-19356231,"Dekat pintu tol, dekat RS.siloam, dekat kebun raya bogor",
03-12-2021,66,60,2,1,0,1,Bojonggede,SHM,1300,,390000000,https://www.rumah.com/listing-properti/dijual-rumah-cantik-dekat-stasiun-bojong-gede-bogor-oleh-fathur-19133468,"8 menit ke stasiun bojong gede, 7 menit ke pasar inkopad, 15 menit ke Mall The Park Sawangan",
03-12-2021,67,45,2,1,0,1,Gunungsindur,SHM,1300,,385000000,https://www.rumah.com/listing-properti/dijual-bukit-dago-oleh-irvan-fatur-19381397,"20 menit ke stasiun rawabuntu, 20 menit dari exit toll bsd, 20 menit ke pasar parung bogor",
03-12-2021,313,200,3,2,0,2,Bogor Barat,SHM,1300,,1500000000,https://www.rumah.com/listing-properti/dijual-dijual-cepat-rumah-dekat-taman-yasmin-bogor-oleh-idah-rosidah-19168065,"Dekat RS Hermina, dekat transmart, dekat pintu tol",
03-12-2021,74,45,2,1,0,1,Bojonggede,SHM,1300,,375000000,https://www.rumah.com/listing-properti/dijual-griya-astrini-rumah-strategis-dekat-dengan-stasiun-bojonggede-oleh-beni-dewanto-14858237,"Dekat dengan SDN Cimanggis 01, dekat dengan Puskesmas Kemuning, dekat RS Hermina Bogor",
03-12-2021,120,70,3,2,0,2,Babakan Madang,SHM,2200,,1500000000,https://www.rumah.com/listing-properti/dijual-lrt-adhi-city-Babakan Madang-vian-0896-2657-7325-oleh-vian-19051027,"Dekat LRT Babakan Madang (bisa jalan kaki), 5 menit ke Cibinong City mall, 10 menit ke RSUD Cibinong",
03-12-2021,84,36,2,1,0,2,Tajurhalang,SHM,1300,,390200000,https://www.rumah.com/listing-properti/dijual-grand-dahlia-cluster-tajurhalang-oleh-amir-wahyudi-18919719,"One Gate System, Free taman depan, Playground",
03-12-2021,100,72,3,2,0,2,Gunung Putri,SHM,2200,,1300000000,https://www.rumah.com/listing-properti/dijual-hunian-cluster-missiissippi-kota-wisata-cibubur-oleh-rahadiyanuar-zaini-19353385,"Pusat pendidikan, Gate toll Kota wisata cibubur",
03-12-2021,72,36,2,1,0,1,Bojonggede,SHGB,1300,,400000000,https://www.rumah.com/listing-properti/dijual-promo-booking-2-juta-cicilan-1-jutaan-oleh-sungkar-hata-19383059,"5 menit ke stasiun Bojong Gede, 10 menit dari akses toll, 15 menit ke Cibinong City Mall",
03-12-2021,72,36,2,1,0,1,Parung,SHM,1300,,419530000,https://www.rumah.com/listing-properti/dijual-green-parung-indah-oleh-gina-lolita-18295645,"Taman, Children Playground",
03-12-2021,90,36,2,1,0,1,Gunung Putri,SHM,1300,,440550000,https://www.rumah.com/listing-properti/dijual-permata-nusa-indah-situsari-cileungsi-bogor-oleh-agus-rohman-17221797,"Dekat taman buah mekarsari, dekat rumah sakit",
03-12-2021,107,31,2,1,0,1,Sukaraja,SHM,1300,,408650000,https://www.rumah.com/listing-properti/dijual-rumah-dijual-di-cileungsi-350-jtan-dekat-jalan-utama-deket-jalan-toll-dan-terminal-oleh-agus-rohman-17218552,Rumah siap huni,
03-12-2021,210,150,4,2,1,1,Bogor Selatan,SHM,2200,,1200000000,https://www.rumah.com/listing-properti/dijual-dijual-bu-rumah-2-lantai-siap-huni-di-kota-bogor-oleh-yeni-19214934,Cuma 10 menit ke kota,
03-12-2021,90,36,2,1,0,1,Cileungsi,SHM,1300,,440550000,https://www.rumah.com/listing-properti/dijual-permata-nusa-indah-situsari-cileungsi-bogor-oleh-agus-rohman-17221797,"Dekat rumah sakit, dekat pasar",
03-12-2021,72,90,3,2,1,1,Cibinong,SHM,2200,,900000000,https://www.rumah.com/listing-properti/dijual-jln-pondok-rajeg-cibinong-bogor-oleh-adi-19349870,"Nyaman, aman, swimming pool",
07-06-2023,138,84,2,2,0,1,Cibinong,HGB,1300,Timur Laut,984000000,https://www.rumah123.com/properti/bogor/hos12922421/,"Hunian nyaman dan aman, strategis, bebas banjir, harga all in (termasuk biaya KPR, notaris, BPHTB), terima beres!",
07-06-2023,153,200,4,4,0,0,Kota Wisata,SHM,2200,,2950000000,https://www.rumah123.com/properti/bogor/hos13929824/,"Dijual rumah bagus siap huni di Kota Wisata dengan suasana komplek yang aman, nyaman, dan bebas banjir. Fasilitas umum sangat lengkap.",
07-06-2023,135,154,4,3,0,2,Kemang,SHM,2200,Timur,2100000000,https://www.rumah123.com/properti/bogor/hos12503288/,"RUMAH PREMIUM dengan konsep modern township l. Lokasi dekat akses jalan tol. Free DP, Free BPHTB, Subsidi Biaya Akad.",
07-06-2023,115,54,2,1,0,1,Gunung Putri,HGB,1300,Barat Daya,1010000000,https://www.rumah123.com/properti/bogor/hos12993050/,"Hunian nyaman dan aman, strategis, bebas banjir, harga all in (termasuk biaya KPR, notaris, BPHTB), terima beres!

Taman Kenari Nusantara
Nagrak, Gunung Putri, Bogor",
07-06-2023,90,110,3,2,1,0,Babakan Madang,SHM,2200,,1220000000,https://www.rumah123.com/properti/bogor/hos10612548/,"Rumah siap huni di daerah yang dirancang sebagai perkotaan hijau alami. Lokasi strategis dekat dengan fasilitas pendidikan, kesehatan, pusat perbelanjaan, dan akses transportasi umum. Harga all in (termasuk biaya BPHTB, notaris, dan KPR), terima beres!",
07-06-2023,84,60,3,2,0,2,Cibinong,SHM,2200,,825000000,https://www.rumah123.com/properti/bogor/hos13939752/,"Dilengkapi dengan smart lock door dan CCTV tiap rumah. View lingkungan yang masih hijau, bikin serasa di Villa setiap hari. Pokoknya nyaman banget deh dan yang terpenting akses mudah juga terjangkau ke pusat kota.",
07-06-2023,89,110,3,2,0,1,Cileungsi,SHM,2200,Tenggara,1010000000,https://www.rumah123.com/properti/bogor/hos13663316/,"Hunian nyaman dan aman, strategis, bebas banjir, harga all in (termasuk biaya KPR, notaris, BPHTB)!
Perumahan Cibubur Country Cluster Moon Lake 1.",
07-06-2023,90,90,3,2,1,1,Kota Wisata,SHM,2200,,995000000,https://www.rumah123.com/properti/bogor/hos10586147/,"Cluster Villa Noor Blok C No 7 Jalan Raya Bojongkulur RT 01 RW 05 Kel.bojongkulur, Kec.gunung putri. Bojong Kulur, Gunung Putri Kabupaten Bogor.",
07-06-2023,84,38,2,1,0,1,Cibubur,SHM,1300,Barat Daya,700000000,https://www.rumah123.com/properti/bogor/hos12980197/,"Hunian nyaman dan aman, strategis, bebas banjir, harga all in (termasuk biaya KPR, notaris, BPHTB). Perumahan Metland Cileungsi Cluster Ayana.",
07-06-2023,91,52,2,1,0,1,Gunung Sindur,SHM,1300,Barat,810000000,https://www.rumah123.com/properti/bogor/hos13234689/,"Hunian nyaman dan aman, strategis, bebas banjir, harga all in (termasuk biaya KPR, notaris, BPHTB), terima beres! Perumahan Bali Resort.",
07-06-2023,200,158,3,2,0,1,Bogor Barat,HGB,2200,Timur,2350000000,https://www.rumah123.com/properti/bogor/hos13605672/,"Hunian nyaman dan aman, strategis, bebas banjir, harga all in (termasuk biaya KPR, notaris, BPHTB)! Kebun Raya Residence.",
07-06-2023,84,39,2,1,1,0,Gunung Sindur,SHM,1300,,930000000,https://www.rumah123.com/properti/bogor/hos10260295/,"Hunian nyaman dan aman, strategis, bebas banjir, harga all in (termasuk biaya KPR, notaris, BPHTB), terima beres! Natura City Cluster Cataleya.",
07-06-2023,160,200,3,3,0,1,Sentul City,SHM,4400,Selatan,1560000000,https://www.rumah123.com/properti/bogor/hos12596795/,"Hunian nyaman dan aman, strategis, bebas banjir, harga all in (termasuk biaya KPR, notaris, BPHTB), terima beres! Perum Bumi Sentosa.",
07-06-2023,60,38,2,1,1,0,Sentul City,HGB,1300,,700000000,https://www.rumah123.com/properti/bogor/hos13936524/,"Berdekatan dengan fasilitas pendidikan: SPH, BPK penabur, Univ Trisakti, Sekolah fajar Hidayah, Sekolah Rema en cara.",
07-06-2023,81,51,3,2,0,1,Gunung Sindur,SHM,2200,Utara,1070000000,https://www.rumah123.com/properti/bogor/hos13097750/,"Hunian nyaman dan aman, strategis, bebas banjir, harga all in (termasuk biaya KPR, notaris, BPHTB), terima beres! Natura Cattleya Pengasinan, Gunung Sindur, Bogor.",
07-06-2023,153,120,2,2,1,1,Tanah Sareal,SHM,2200,,1280000000,https://www.rumah123.com/properti/bogor/hos10258508/,"Rumah idaman luas yang nyaman dan aman untuk keluarga, lokasi strategis dekat dengan fasilitas umum yang mudah di akses, bebas banjir, siap huni, bisa KPR, biaya all in termasuk pajak dan biaya notaris, terima beres! Taman Cimanggu Selatan Kedungwaringin, Tanah Sareal.",
07-06-2023,108,135,5,3,1,1,Bogor Selatan,SHM,2200,,1050000000,https://www.rumah123.com/properti/bogor/hos10058728/,"Rumah seken terawat 2 lantai, siap KPR siap huni, lokasi strategis yang nyaman dan aman untuk keluarga, sirkulasi udara baik, DP Ringan! Pamoyanan Hijau blok H Bogor Selatan, Kota Bogor.",
07-06-2023,60,50,2,2,0,1,Cibinong,SHM,1300,Barat,575000000,https://www.rumah123.com/properti/bogor/hos12790212/,"Hunian nyaman dan aman, strategis, bebas banjir, harga all in (termasuk biaya KPR, notaris, BPHTB), terima beres! Acropolis De Wijaya Cibinong.",
07-06-2023,83,39,2,1,0,1,Parung,SHM,1300,Barat Daya,600000000,https://www.rumah123.com/properti/bogor/hos12089135/,"Hunian nyaman dan aman, strategis, bebas banjir, harga all in (termasuk biaya KPR, notaris, BPHTB), terima beres! Felicity Madani.",
07-06-2023,81,51,3,2,0,1,Gunung Sindur,SHM,2200,,960000000,https://www.rumah123.com/properti/bogor/hos11034986/,"Harga All in (termasuk biaya KPR, BPHTB, notaris), terima beres! Serpong Natura Cluster Cattleya.",
07-06-2023,90,200,3,2,0,1,Cibinong,SHM,2200,Utara,780000000,https://www.rumah123.com/properti/bogor/hos10993881/,"Hunian nyaman dan aman, strategis, bebas banjir, harga all in (termasuk biaya KPR, notaris, BPHTB), terima beres! Perumahan Cibinong Griya Asri Sukahati, Cibinong, Bogor.",
07-06-2023,126,180,4,3,0,1,Curug,SHM,1300,,1440000000,https://www.rumah123.com/properti/bogor/hos10977738/,"Dijual rumah seken terawat, bebas banjir, lokasi strategis, harga all in (biaya termasuk pajak, notaris, dan BPHTB). Bogor Raya Permai.",
07-06-2023,84,84,3,2,1,0,Cibinong,SHM,2200,,1080000000,https://www.rumah123.com/properti/bogor/hos10612772/,"Rumah siap huni di kawasan pengembangan di daerah Cibinong. Lokasi strategis dekat dengan fasilitas pendidikan, kesehatan, pusat perbelanjaan, dan akses transportasi umum.. Harga All in (termasuk biaya KPR, BPHTB, notaris), terima beres!",
07-06-2023,81,45,2,1,1,0,Gunung Sindur,SHM,1300,,900000000,https://www.rumah123.com/properti/bogor/hos10260094/,"Hunian nyaman dan aman, strategis, bebas banjir, harga all in (termasuk biaya KPR, notaris, BPHTB), terima beres! Serpong Natura City - Acacia.",
07-06-2023,87,80,2,2,0,1,Sukaraja,SHM,1300,Selatan,550000000,https://www.rumah123.com/properti/bogor/hos13747253/,"Hunian nyaman dan aman, strategis, bebas banjir! Perumahan Nuasa Alam Cilebut Asri Cilebut Barat, Sukaraja, Bogor.",
06-06-2023,98,144,3,2,0,1,Cibinong,SHM,1300,Utara,1190000000,Rumah Siap Huni Dekat Puskesmas Bojong Gede Harga All In Siap Kpr | Rumah123.com,"Hunian nyaman dan aman, strategis, bebas banjir, harga all in (termasuk biaya KPR, notaris, BPHTB), terima beres!",
06-06-2023,102,83,4,3,0,1,Cileungsi,SHM,1300,,900000000,Rumah Nyaman Strategis di Cileungsi | Rumah123.com,"Rumah nyaman strategies diCileungsi. Dekat tol GT Kota wisata, masuk mobil, bebas banjir.",
06-06-2023,240,250,3,3,1,1,Kota wisata,SHM,4400,Barat,3700000000,Rumah Mewah Dekat Pintu Tol Nagrak Kota Wisata | Rumah123.com,"Dijual rumah siap huni, harga siap nego sampai deal. Lokasi sangat strategis, suasana aman dan nyaman.",
06-06-2023,186,110,3,2,0,1,Gunung putri,SHM,1300,Barat Daya,1530000000,Rumah Seken Unik di Legenda Wisata Zona Vivaldi Cibubur Siap Kpr | Rumah123.com,"Legenda wisata zona vivaldi wanaherang, Gunung putri.",
06-06-2023,76,45,2,1,1,1,Cibinong,SHM,1300,,497000000,Dijual Rumah Murah Bebas Banjir Dekat Cibinong Siap KPR DP Ringan | Rumah123.com,"Rumah nyaman dan aman untuk keluarga, sirkulasi udara baik, lokasi strategis dekat dengan Pusat Pemerintahan Kab. Bogor di Cibinong. DP Ringan, Biaya All In termasuk pajak dan biaya notaris, terima beres",
06-06-2023,119,64,3,2,0,1,Cibinong,SHM,2200,,1320000000,Dijual Rumah Seken Strategis Grand Cimandala Residence DP Ringan | Rumah123.com,"Rumah Dengan Srikulasi Udara Bagus, Siap Huni, Bisa KPR, Biaya All In (KPR, Biaya Notaris, BPHTB) Terima Beres. Grand Cimandala Residence",
06-06-2023,170,70,2,1,0,1,Kota wisata,SHM,1300,Timur,1240000000,Rumah Siap Huni Dekat Kotwis di Villa Nusa Indah Tanah Luas Harga Nego Bisa Kpr | Rumah123.com,"Hunian nyaman dan aman, strategis, bebas banjir! Vila Nusa Indah 5 Cluster Kasuari",
06-06-2023,105,70,2,1,0,1,Cileungsi,SHM,2200,Timur Laut,1200000000,Rumah Strategis di Cluster Ontario Kota Wisata Harga All In | Rumah123.com,"Hunian nyaman dan aman, strategis, bebas banjir, harga all in (termasuk biaya KPR, notaris, BPHTB)!",
06-06-2023,75,52,3,2,0,1,Cileungsi,SHM,2200,Utara,604000000,"Jl Raya Narogong Cileungsi Bogor - Cibubur -Jakarta - Bekasi, Jl Raya Narogong Cileungsi Bogor - Cibubur, Cileungsi, Jawa Barat, 3 Kamar Tidur, 52 m, B SALE, Oleh Ade Rasyid, 19758679 (rumah.com)","Rumah Murah 2 Lantai Strategis Jl Raya Narogong Cileungsi. Bebas banjir, desain minimalis modern, dekat dengan lembaga pendidikan",
06-06-2023,128,88,3,3,0,1,Kota wisata,SHM,2200,,1500000000,Rumah rapi dan menarik siap huni di Kota wisata cibubur | Rumah123.com,"Fasilitas perumahan sangat lengkap : Rumah ibadah, sekolahan, bank, market city, fresh market, dll.",
06-06-2023,136,200,3,3,0,1,Kota wisata,SHM,2200,,1850000000,Rumah Bagus 2 Lantai Rapi Siap Huni di Cluster Favorite | Rumah123.com,"Akses exit Tol Cibubur, Exit Tol Cibitung Cimanggis",
06-06-2023,240,300,5,5,3,2,Kota wisata,SHGB,4400,,2500000000,Rumah murah minimalis siap huni | Rumah123.com,"Dijual melalui lelang, tidak bergerak, tanah berikut bangunan",
06-06-2023,171,250,2,3,3,2,Kota wisata,SHM,3500,Utara,5700000000,"Rumah dijual,Bu dekat tol Cimanggis ,Cibubur ,dekat rumah sakit , | Rumah123.com","Rumah dijual dengan harga kompetitif,,butuh uang,dekat tol Cimanggis ,cibiubur,dekat rumah sakit eka",
06-06-2023,200,200,4,4,1,1,Kota wisata,SHM,4400,,2400000000,Rumah 2 Lantai dijual di Perumahan Kota Wisata Cibubur | Rumah123.com,"Perumahan yang strategis lengkap fasilitas umum gerbang tol langsung masuk komplek, nyaman dan asri keamanan 24 jam bebas dari banjir, Harga bersaing.",
06-06-2023,180,220,4,4,0,1,Kota wisata,SHGB,2200,,2200000000,Dijual rumah 2 lantai dekat akses toll nagrak kota wisata | Rumah123.com,Rumah 2 Lantai Cluster depan Kota Wisata Cibubur di Jual,
06-06-2023,105,60,2,1,0,1,Kota wisata,SHM,1300,,990000000,Rumah Murah Full Renovasi Di Kota Wisata P3.115 23 | Rumah123.com,Exit Tol Cimaci (Cimanggis Cibitung) sekitar 500 m,
06-06-2023,135,270,3,4,0,2,Gunung putri,SHM,3500,Tenggara,1980000000,Rumah Siap Kpr Harga Nego di Griya Bukit Jaya Dekat Pasar Bodas | Rumah123.com,"Hunian nyaman dan aman, strategis, bebas banjir! Griya Bukit Jaya",
06-06-2023,300,400,4,3,1,1,Kota wisata,SHM,4400,,3100000000,Rumah Mewah Kota Wisata Cibubur di JUAL Cepat | Rumah123.com,"Rumah Mewah 2 Lantai Kota Wisata Cibubur di Jual, (Rumah sedang direnovasi)",
06-06-2023,84,45,2,1,0,1,Kota wisata,SHM,3500,,1150000000,Rumah Modern Dengan Akses Langsung Tol Jagorawi Aeon Mall Sentul | Rumah123.com,akses langsung Tol Jagorawi dan exit Tol Sentul Selatan,
30-05-2023,140,200,4,3,0,2,Kota wisata,SHM,2200,Selatan,1950000000,Rumah bagus 2 lantai di cibubur Kotawisata di cluster nyaman | Rumah123.com,Rumah sdh direnovasi dan pemakaian ruang sangat efisien. Dalam Cluster Florence yg nyaman tidak jauh dari gerbang tol kota wisata.,
30-05-2023,72,72,2,1,0,1,Cibinong,SHGB,1300,Selatan,660000000,Rumah Siap Kpr Dekat Stasiun Ka Cibinong Harga All In Bisa Nego | Rumah123.com,"Hunian nyaman dan aman, strategis, bebas banjir, harga all in (termasuk biaya KPR, notaris, BPHTB), terima beres!",
30-05-2023,300,275,4,3,0,1,Sukaraja,SHM,16500,Utara,5400000000,Rumah Strategis Dekat Sentul di Bogor Lake Side Harga All In Kpr | Rumah123.com,"Hunian nyaman dan aman, strategis, bebas banjir, harga all in (termasuk biaya KPR, notaris, BPHTB)!",
30-05-2023,72,60,2,2,0,1,Cibinong,SHM,1300,Utara,720000000,Rumah Asri Dekat Sentul di Perum Taman Cibinong Harga All In Kpr | Rumah123.com,"Hunian nyaman dan aman, strategis, bebas banjir, harga all in (termasuk biaya KPR, notaris, BPHTB)!",
30-05-2023,72,120,2,2,0,1,Tanah Sareal,SHGB,1300,Selatan,1200000000,Rumah Asri 2 Lantai di Bogor 3 Menit Ke Puskesmas Mekar Wangi Harga All In | Rumah123.com,"Hunian nyaman dan aman, strategis, bebas banjir, harga all in (termasuk biaya KPR, notaris, BPHTB)!",
30-05-2023,144,102,3,3,0,2,Wanaherang,SHGB,2200,Timur,1500000000,Rumah Unik Modern Dekat Mall Ciputra Cibubur di Legenda Wisata | Rumah123.com,"Hunian nyaman dan aman, strategis, bebas banjir, harga all in (termasuk biaya KPR, notaris, BPHTB)!",
30-05-2023,72,36,2,1,0,1,Kota wisata,SHM,1300,Timur,372000000,Rumah Murah Tanpa DP Free Biaya Cicilan 2jt an | Rumah123.com,"Cluster murah lokasi strategis, 5 menit menuju Tol Cimanggis - Cibitun",
30-05-2023,180,175,3,3,0,2,Kota wisata,SHM,4400,,3000000000,Rumah Murah Full Renovasi Di Kota Wisata P3.116 23 | Rumah123.com,"Exit Tol Cibubur sekitar 7 km, transportasi umum feeder busway Kotawaisata Sudirman",
30-05-2023,88,65,2,1,0,1,Tanah Sareal,SHM,1300,Timur,850000000,Rumah Seken Terawat di Bukit Cimanggu City Bogor Harga All In Kpr | Rumah123.com,"Dekat dengan berbagai fasilitas pendidikan, kesehatan, gerbang tol, dan perbelanjaan",
30-05-2023,84,72,3,2,1,1,Cibinong,SHGB,1300,,1140000000,Rumah Dekat Sentul City di Wartawangsa Residence Harga All In Siap Kpr | Rumah123.com,"Rumah siap huni terletak di pusat Cibinong dilengkapi dengan fasilitas keamanan yang baik dengan 24 hour one gate system. Lokasi strategis, harga all in (termasuk biaya BPHTB, notaris, dan KPR), terima beres!",
06-06-2023,129,99,3,3,0,1,Gunung putri,SHM,1300,Selatan,1320000000,https://www.rumah123.com/properti/bogor/hos12599843/,"Hunian nyaman dan aman, strategis, bebas banjir, harga all in (termasuk biaya KPR, notaris, BPHTB), terima beres!",
06-06-2023,105,59,2,1,1,1,Kota wisata,SHGB,2200,,1000000000,"Hunian MURAH Dekat Mall & Akses Tol, Kota Wisata Cibubur | Rumah123.com","Hunian MURAH Dekat Mall & Akses Tol, Kota Wisata Cibubur dengan suasana Asri, nyaman dan aman bebas banjir.",
06-06-2023,84,38,2,1,0,1,Cileungsi,SHM,1300,Barat Daya,700000000,Rumah Harga All In 7 Menit Ke Puskesmas Klapanunggal Bisa Kpr | Rumah123.com,"Hunian nyaman dan aman, strategis, bebas banjir, harga all in (termasuk biaya KPR, notaris, BPHTB), terima beres! Perumahan Metland Cileungsi Cluster Ayana, menggunakan sumber air tanah.",
06-06-2023,69,105,3,2,0,1,Cileungsi,SHGB,2200,Timur,1200000000,Rumah 2 Lantai Dekat Kota Wisata Harga Nego Siap Kpr | Rumah123.com,"Hunian nyaman dan aman, strategis, bebas banjir, harga all in (termasuk biaya KPR, notaris, BPHTB), terima beres! Dekat dengan berbagai fasilitas",
06-06-2023,350,148,3,3,0,1,Tanah Sareal,SHM,1300,Timur,2940000000,Rumah Luas Strategis di Bogor Bebas Banjir Siap Huni Bisa Kpr | Rumah123.com,"Sumber PDAM, dekat dengan transmat Yasmin Bogor, Pasar Cilendek Indah Plaza",
06-06-2023,90,45,2,1,0,1,Tanah Sareal,SHGB,1300,Barat,890000000,Rumah Minimalis Dekat Bogor Square Harga All In Siap Kpr | Rumah123.com,"Hunian nyaman dan aman, strategis, bebas banjir, harga all in (termasuk biaya KPR, notaris, BPHTB), terima beres!",
06-06-2023,240,325,4,4,1,2,Kota wisata,SHM,4400,Selatan,4500000000,Di Jual RUMAH BAGUS di KOTA WISATA CIBUBUR | Rumah123.com,"Di Jual RUMAH BAGUS di KOTA WISATA CIBUBUR, dlm Cluster, suasana tenang, SEMI FURNISH, Lantai GRANITE 80 x 80, Row Jalan 15 mtr, fasilitas Perumahan lengkap, dekat Tol",
06-06-2023,300,450,8,4,1,2,Kota wisata,SHM,4400,Timur,3000000000,RUMAH BAGUS CIBUBUR DEN HAAG HARGA MIRING DI KOTA WISATA NEGO SAMPAI DEAL! | Rumah123.com,Rumah yang sangat cocok untuk yang sedang mencari rumah dengan banyak ruang dan minim renovasi karena rumah ini sangat terawat hingga kini,
06-06-2023,128,150,2,2,0,2,Kota wisata,SHGB,2200,,1650000000,Rumah 2 Lantai Bagus SHGB di Kota Wisata | Rumah123.com,"Sumber air PAM, akses pintu tol Nagrak, bebas banjir, jalan masuk 2 mobil",
13-09-2023,72,63,2,1,0,1,Cibinong,SHM,1300,,515000000,https://www.rumah123.com/properti/bogor/hos14763127/,"Harga Rp. 515.000.xxx sudah include biaya pajak dan notaris. Sangat dekat ke pusat pemerintahan dan ke Jalan raya bogor,10 menit ke stasiun kereta, 7 menit Cibinong City, 20 menit pintu tol Citereup, dekat pusat kuliner Pakansari, sekolah & Rumah sakit, alternatif hiburan ke sentul.",
07-09-2023,65,55,2,1,0,1,Cibinong,SHM,1300,,710000000,https://www.rumah123.com/properti/bogor/hos13104311/,"Hunian nyaman dan aman, strategis, bebas banjir, harga all in (termasuk biaya KPR, notaris, BPHTB), terima beres!",
07-09-2023,84,84,3,2,0,1,Cibinong,SHM,2200,,1080000000,https://www.rumah123.com/properti/bogor/hos10612772/#,"Rumah siap huni di kawasan pengembangan di daerah Cibinong. Lokasi strategis dekat dengan fasilitas pendidikan, kesehatan, pusat perbelanjaan, dan akses transportasi umum.",
16-07-2023,64,82,2,2,0,1,Bogor Barat,SHM,1300,,590000000,https://www.rumah.com/listing-properti/dijual-bogor-barat-oleh-syams-arrad-21812676,"Fasum sekitar akses Tol Lingkar Luar Bogor  Sentul  Jagorawi (3km/12mnt), Stasiun Bogor (5,3km/18mnt) serta Radius 1-3km: TipTop, Hypermart, Houbi Club, Transmart, KFC, Lotte Grosir, RS Hermina, SPBU Shell, Pertamina, BP, Pusat jajanan Teras Yasmin, 2 akses jalan via Cilendek & Yasmin",
14-09-2023,100,100,4,3,0,1,Bogor Barat,SHM,2200,,1851300000,https://www.rumah.com/listing-properti/dijual-cimanggu-bogor-barat-oleh-alia-nurfallah-22133590,"Lokasi yang strategis dan berada di pusat kota akan membuat aktifitas serta kenyamanan tersendri. dekat tol Borr, dekat akses KAI, dekat akses pendidikan, sarana ibadah, pusat perbelanjaan, pemkot bogor dll",
17-07-2023,165,165,5,3,0,1, Bogor Barat,SHM,2200,,1650000000,https://www.rumah.com/listing-properti/dijual-taman-yasmin-bogor-barat-oleh-josephine-15866997,"Dekat dengan tol ke Jakarta lewat Borr. Dekat stasiun kereta api dan terminal bus serta mudah mendapatkan transportasi umum. Hanya 5 menit ke RS. Hermina, RS Umum Daerah dan Rumah Sakit besar lain seperti Marzuki Mahdi dan Karya Bhakti. Hanya 10 menit ke IPB Dramaga dan Cifor. Dekat dengan sekolah, kantor, bank, kuliner, pusat berbelanja seperti Giant dan Lotte serta Transmart",
08-08-2023,72,41,2,1,0,1,Bojonggede,SHM,1300,Utara,610000000,https://www.rumah.com/listing-properti/dijual-jual-cepat-rumah-seken-siap-huni-dekat-bojonggede-bogor-harga-all-in-bisa-kpr-j-15243-oleh-astried-21493801,"Dijual rumah seken terawat, bebas banjir, lokasi hunian yang aman dan nyaman untuk keluarga Anda, lokasi strategis dekat dengan berbagai fasilitas publik.",
20-09-2023,109,109,3,4,1,0,Bojonggede,Lainnya,1300,Selatan,500000000,https://www.rumah.com/listing-properti/dijual-dijual-rumah-murah-seken-di-bojong-gede-bogor-bisa-kpr-dp-ringan-j-15994-oleh-sarah-maghfiratan-warahmah-21746463,"Dijual rumah seken terawat, bebas banjir, lokasi hunian yang aman dan nyaman untuk keluarga Anda, lokasi strategis dekat dengan berbagai fasilitas publik.",
20-09-2023,96,92,2,1,1,0,Bojonggede,SHM,1300,,3570000000,https://www.rumah.com/listing-properti/dijual-jual-cepat-rumah-di-graha-kartika-bojong-gede-bogor-siap-huni-bisa-kpr-j-17230-oleh-yonathan-mouses-22146868,"Menyediakan full furniture (sesuai permintaan customer). Harga Nego biaya all in (termasuk BPHTB, biaya KPR, dan biaya notaris). Pembayaran bisa Cash/KPR, proses KPR akan kami bantu. Terima Beres!",
19-09-2023,137,56,2,1,1,0,Bojonggede,SHM,3500,Timur Laut,890000000,https://www.rumah.com/listing-properti/dijual-rumah-dijual-di-griya-permata-2-bojong-gede-bogor-siap-huni-bisa-kpr-j-16418-oleh-yonathan-mouses-22177638,"Rumah siap huni lokasi strategis, dekat dengan fasilitas pendidikan, kesehatan, pusat perbelanjaan, dan akses transportasi.",
19-09-2023,97,50,3,2,1,0,Bojonggede,SHBG,2200,,827200000,https://www.rumah.com/listing-properti/dijual-salmanda-village-oleh-yakub-22117380,Hunian terbaik harga terbaik,
14-09-2023,90,63,3,2,0,2,Bojonggede,SHM,2200,,923910000,https://www.rumah.com/listing-properti/dijual-rumah-baru-dlm-cluster-di-bojong-gede-oleh-rinny-n-chairini-18831642,"Rumah dijual Baru Nyaman di Bojong Gede, Bogor. Miliki Hunian Nyaman & Asri Smart Home System, Bojong Gede, Bogor Bebas Banjir",
16-09-2023,192,200,5,3,3,0,Bojonggede,SHM,3500,Selatan,1300000000,https://www.rumah.com/listing-properti/dijual-rumah-cantik-siap-huni-di-billabong-permai-oleh-aii-dyana-19624903,Rumah Cantik Siap Huni Di Billabong Permai Bogor,
20-09-2023,105,102,2,2,1,0,Gunung Putri,SHM,2200,Barat,1417500000,https://www.rumah.com/listing-properti/dijual-rumah-dijual-di-kota-wisata-bogor-siap-huni-bisa-kpr-j-10834-oleh-astried-22133029,"Dijual rumah seken terawat, bebas banjir, lokasi hunian yang aman dan nyaman untuk keluarga Anda, lokasi strategis dekat dengan berbagai fasilitas publik.",
20-09-2023,150,150,5,2,1,0,Gunung Putri,SHM,2200,Barat,2160000000,https://www.rumah.com/listing-properti/dijual-rumah-siap-huni-bebas-banjir-harga-all-in-di-gunung-putri-bogor-bisa-kpr-j-15860-oleh-astried-21804998,"Dijual rumah seken terawat, bebas banjir, lokasi hunian yang aman dan nyaman untuk keluarga Anda, lokasi strategis dekat dengan berbagai fasilitas publik.",
20-09-2023,90,54,2,1,1,0,Gunung Putri,SHM,1300,Timur Laut,890000000,https://www.rumah.com/listing-properti/dijual-rumah-dijual-strategis-dekat-gunung-putri-bogor-minimalis-harga-all-in-bisa-kpr-j-11890-oleh-astried-22132502,"Dijual cepat rumah cluster yang dibangun oleh developer berpengalaman di Depok, Ateraland Group, lokasi bebas banjir, nyaman dan aman, dekat Taman Alexandria dan Masjid Al Ittihad memudahkan untuk beribadah, lokasi strategis hanya selangkah ke RSUD ASA (Anugerah Sehat Afiat), harga all in (termasuk biaya KPR, notaris, BPHTB), terima beres!",
20-09-2023,280,200,4,2,2,0,Gunung Putri,SHM,2200,,2300000000,https://www.rumah.com/listing-properti/dijual-rumah-bagus-4-kamar-di-hook-sakura-regency-2-dekat-pintu-tol-jatiasih-oleh-henri-20442601,Rumah Bagus 4 Kamar di Hook Sakura Regency 2 Dekat Pintu Tol Jatiasih,
20-09-2023,1200,300,3,2,0,2,Puncak,SHM,2200,,3100000000,https://www.rumah.com/listing-properti/dijual-cisarua-oleh-boy-rizal-17206388,"Harga Miring, Villa Bagus, Terawat, dekat Hotel Grand Ussu, Cisaru",
16-09-2023,112,133,4,3,1,0,Puncak,SHM,2200,,1025000000,https://www.rumah.com/listing-properti/dijual-3-km-istana-cipanas-dan-12-km-puncak-pass-villa-mewah-hawa-sejuk-bisa-kpr-p3-oleh-reza-aggregate-m-y-i-21403308,Villa Mewah Strategis Lingkungan Aman & Nyaman Fasilitas Kolam Renang.,
07-09-2023,91,64,2,1,0,1,Puncak,SHM,1300,,580000000,https://www.rumah.com/listing-properti/dijual-rumah-mewah-harga-terjangkau-dekat-istana-presiden-di-puncak-oleh-andika-bagus-putra-21226419,Dekat istana negara dekat pln Cipanas dekat pasar tradisional dekat rs,
19-09-2023,200,202,5,5,0,2,Kota wisata,SHM,3500,,4200000000,https://www.rumah.com/listing-properti/dijual-kotawisata-oleh-lusia-20777547,"Dijual Rumah Baru siap Huni di kotawisata Cibubur Fasilitas : Lingkungan nyaman, aman, sejuk, bersih, bebas banjir & bebas polisi udara. Keamanan 24 Jam. Dengan Fasilitas : Pembangunan MALL LIVING WORLD & COMMERCIAL USINESS DISTRICT RS EKA HOSPITAL CIBUBUR, dll", 
18-09-2023,105,102,3,2,0,2,Kota wisata,SHM,2200,Barat,1550000000,https://www.rumah.com/listing-properti/dijual-rumah-2-lantai-termurah-di-kota-wisata-cibubur-free-biaya-baliknama-oleh-muhamad-fiqri-ananda-22151969,"Free biaya jual beli, balik nama, notaris dan biaya KPR. Kota Wisata Cluster Vienna (J-10834)  CIANGSANA, GUNUNG PUTRI, KABUPATEN BOGOR", 
16-09-2023,220,185,4,4,1,0,Kota wisata,SHM,2200,,3950000000,https://www.rumah.com/listing-properti/dijual-dijual-rumah-kota-wisata-oleh-indra-surya-21303534,"Rumah Dengan Konsep Klasik. Rumah Dengan Kitchen Set, Boulevard, dan Keamanan 24 Jam Jangan Sampai Kelewatan Konsep Hunian Masa Kini Dengan Segudang Keuntungan Yang menjanjikan.", 
18-09-2023,264,240,5,4,1,1,Kota wisata,SHM,3500,,4750000000,https://www.rumah.com/listing-properti/dijual-jual-rumah-kota-wisata-oleh-indra-surya-22191625,Rumah Siap Huni. Rumah yang sangat cocok untuk keluarga dengan keamanan 24 jam dang berbagai keuntungan lainnya., 
16-09-2023,153,220,4,4,1,1,Kota wisata,SHM,3500,,3500000000,https://www.rumah.com/listing-properti/dijual-jual-rumah-kota-wisata-oleh-indra-surya-21248004,Rumah Siap Huni.Rumah Semi Furnish Dengan Keamanan 24 Jam Jangan Sampai Kehabisan Dengan Segudang Keuntungan Yang menjanjikan Dimasa Depan., 
05-09-2023,114,37,1,1,0,1,Jonggol,HGB,1300,,325000000,https://www.rumah123.com/properti/bogor/hos14689102/,"Rumah Minimalis Siap Huni di Citra Indah City, Jonggol, Bogor",
13-09-2023,330,550,4,5,2,2,Kota wisata,SHM,6600,Selatan,6000000000,https://www.rumah.com/listing-properti/dijual-rumah-cantik-asri-terawat-siap-huni-di-perumahan-kota-wisata-cibubur-gunung-putri-bogor-oleh-jonter-samosir-22185879,Rumah cantik asri terawat siap huni di perumahan kota wisata Cibubur Gunung Putri Bogor, 
23-08-2023,72,60,2,2,1,1,Jonggol,HGB,1300,Selatan,365000000,https://www.rumah123.com/properti/bogor/hos14550737/,Ciputra Rumah Taman Estetik Siap huni Luas 72m,
28-08-2023,110,200,4,2,0,1,Jonggol,SHM,2200,Barat,920000000,https://www.rumah123.com/properti/bogor/hos14600570/,Rumah Hanya Selangkah Ke Rumah Sakit Permata Jonggol J16992,
28-08-2023,200,150,4,4,0,1,Jonggol,SHM,3500,,2200000000,https://www.rumah123.com/properti/bogor/hos14089556/,"Rumah Luas Dan Nyaman di Citra Indah City, Cluster Bukit Rosemary, Bogor",
10-09-2023,72,95,3,2,1,0,Jonggol,HGB,1300,Timur,470000000,https://www.rumah123.com/properti/bogor/hos14734833/,Rumah Murah 2 Lantai Ciputra,
02-09-2023,72,65,3,2,0,1,Jonggol,HGB,1300,Selatan,365000000,https://www.rumah123.com/properti/bogor/hos14667168/,Ciputra Rumah 3 kamar siap huni,
16-09-2023,120,54,2,1,0,1,Cihampar,SHM,1300,Timur,600000000,https://www.rumah123.com/properti/bogor/hos14764883/,"RUMAH READY Luas Tanah 120 m Lebar Muka 8m, Asri dan Sejuk di KOTA BOGOR. Terbaik!",
02-09-2023,250,120,3,3,1,1,Cihampar,SHM,3500,Selatan,3700000000,https://www.rumah123.com/properti/bogor/hos13920455/,"More Info Ray White Central Padjajaran
Santo 0821-12376633

Rumah Jual di Perum Danau Bogor Raya Cimahpar Bogor Utara 004906",
16-08-2023,60,45,2,1,0,1,Cihampar,SHGB,1300,,350000000,https://www.rumah123.com/properti/bogor/hos14502523/,Rumah Di Perumahan Griya Soka 1,
07-06-2023,89,50,2,1,0,1,Cihampar,SHM,2200,,699000000,https://www.rumah123.com/properti/bogor/hos13937123/,Cluster ini merupakan Perumahan Ekslusif di Kota Bogor dengan konsep hunian minimalis modern.,
17-05-2023,120,100,3,2,0,2,Cihampar,SHM,1300,Timur,1350000000,https://www.rumah123.com/properti/bogor/hos13729442/,"Rumah Siap Huni di Bukit Bogor Raya Blok I 20 dengan kondisi bangunan yang cukup siap huni, dengan Luas Tanah 120m dan Luas Bangunan 100m 1 1/2 lantai.",
16-09-2023,85,60,3,2,0,1,Cihampar,SHM,1300,Timur,530000000,https://www.rumah123.com/properti/bogor/hos13103817/,Perumahan di Tamansari hill akses masuk mobil dan motor mudah,
03-09-2023,90,45,2,1,0,1,Cihampar,SHM,2200,Timur,700000000,https://www.rumah123.com/properti/bogor/hos12929366/,"Dijual hunian 1 lantai bergaya Minimalis di dalam Komplek Perumahan Bogor Raya Residence, Cihampar, Bogor",