Created_at,LT(mÂ²),LB(mÂ²),KT,KM,garasi,carport,lokasi,sertifikat,listrik,hadap,harga,URL,Deskripsi
06-12-2021,135,140,4,3,,,Sambikerep,SHGB,3500,selatan,2300000000,https://onlist.id/detil/dijual-rumah-citraland-pelican-hill-288828,"DIJUAL RUMAH CITRALAND PELICAN HILL
Spesifikasi :
LB/LT 140/135 (9x15), K.Tidur 3 + 1 pembantu, K Mandi 2 + 1 pembantu, lisrik (watt) 3500, air pdam,hgb,imb ada,hadap selatan,harga 2,350 M turun jadi 2,3 M nego"
29-11-2021,50,52,3,2,,1,Wiyung,SHM,1300,,1120000000,https://www.rumah.com/listing-properti/dijual-2-lantai-smart-home-mansion-free-ppn-free-bphtb-siap-huni-oleh-kendrew-giovanni-19347842,"NEW Mansion Nine Residence - Wiyung
Rumah Ready Stock Bisa Serah Terima
On frame : Type Kingston
Luas 6x12 = 72m2, Luas bangunan 80m2, 3 Bedroom, 2 Bathroom, Carport 1 Sampai 2 Mobil*, Listrik 2200w, Taman Depan-Belakang"
04-12-2021,47,75,2,2,1,,Tenggilis Mejoyo,,1300,,815000000,https://www.rumah.com/listing-properti/dijual-cluster-eksklusif-kutisari-selatan-800-jutaan-2-lantai-dekat-petra-rsi-jemursari-rs-royal-rungkut-oleh-tyo-rohman-19265569,"â€¢ Mini Cluster Tengah Kota Surabaya Selatan . â€¢ Lokasi Strategis 250 Meter ke Jalan Raya Kutisari â€¢ Harga Dibawah 1 M â€¢ Design Minimalis â€¢ Sertifikat SHM â€¢ Bebas Banjir â€¢ Unit Terbatas Hanya 10 Unit Saja !

- Luas tanah : 5 x 9 dan 4,7 x 10 - Luas bangunan 75 - Hadap Utara dan Hadap Selatan - 2 kamar tidur - 2 kamar mandi - Bangunan 2 Lantai - Row Cluster 5 Meter - Row Utama 7 Meter - Indent 6 bulan ( STU tepat Waktu) - Tandon bawah - Bata Ringan - Pondasi Batu Umpak - finishing cat - Atap Galvalum"
15-11-2021,130,130,2,2,,,Sawahan,SHM,2200,selatan,2750000000,https://www.rumah.com/listing-properti/dijual-ciputra-world-oleh-ferry-19158877,"Premium Superblock in the heart of West Surabaya
Mall phase 2 on progress
Luas 130m2, Type 3 BR (modified to 2BR), KT : 2, KM : 2, Dapur. Ruang Makan, Ruang Gudang, Ruang Kantor, Ruang Keluarga, Furnished mewah interior design plus elektronik, AC : 4 Unit, Hadap selatan, View City .Tower Vue lantai 32

Harga IDR 2,75 M nego"
03-12-2021,107,110,3,3,,,Tandes,SHM,5500,timur,1800000000,https://www.rumah.com/listing-properti/dijual-rumah-mewah-darmo-harapan-indah-hook-oleh-tan-putra-19376793,"Rumah mewah Darmo Harapan Indah hook
NEW GRESS! Rumah Darmo Harapan Indah hook

Luas tanah 107m2 (8x14), Luas bangunan 110m2, 2 lantai, Kamar tidur 3, Kamar mandi 3, Hadap timur - utara, Hook, Listrik 5500 watt, PDAM, FREE tandon atas + bawah, canopy, pompa air, Instalasi air panas tiap kamar mandi, SHM, IMB, PBB
Harga 1,8M nego"
03-12-2021,122,186,4,3,2,,Rungkut,SHM,4400,,2300000000,https://www.rumah.com/listing-properti/dijual-jual-rumah-baru-bagus-minimalis-nirwana-ex-blok-cc-dekat-indomaret-alfamart-oleh-daniel-sugondo-19133588,"Dekat indomaret alfamart

Hadap utara, LT 7x17.5 (122.5), LB 186, KT 3 +1 KM 2+1, Perabot sebagin ditinggal, Listrik 4400watt, Selling point Pintu duma, toto
Jual cepat 2.3m nego"
15-12-2021,200,280,6,5,,,Mulyorejo,SHGB,,selatan,5500000000,https://www.rumah.com/listing-properti/dijual-pakuwon-city-casa-tobago-termurah-di-grand-island-minimalis-full-furnish-oleh-junaidy-18826803,"Pakuwon City Casa Tobago
Minimalis Full Furnish
LT 10x20=200 | LB 280 | 2 lantai
KT 4+2 | KM 4+1 (3KM dalam)
HGB | Hadap Selatan
5.5M nego tipis"
09-12-2021,428,450,5,4,2,2,Wiyung,SHM,11000,utara,12500000000,https://www.rumah.com/listing-properti/dijual-jual-cepat-rumah-siap-huni-graha-famili-blok-n-oleh-tan-putra-19332241,"Lokasi strategis dekat gate masuk utama
Dekat club house ROCCA, Monopole, The Rosebay

Luas tanah 428m2 (15x28,5), Luas bangunan +-450m2, 2 lantai, Kamar tidur 4+1 (master bedroom ada di lantai 1 dan lantai 2), Kamar mandi 3+1, Hadap utara, Carport 2 mobil, Garasi 2 mobil, Row jalan 3 mobil, Taman depan, taman belakang letter L. Listrik 11.300 watt, PDAM, Sertifikat HGB murni (bisa dinaikkan SHM),  Harga Rp 12,5 Miliar nego tipis, (Last bid 11M)
"
06-11-2021,40,51,3,2,,1,Gubeng,SHM,2200,selatan,1050000000,https://www.rumah.com/listing-properti/dijual-rumah-dijual-di-dharmahusada-surabaya-timur-lokasi-strategis-cocok-untuk-investasi-oleh-dian-19223319,"CCTV lingkungan 24 jam dan CCTV depan rumah
One gate system with access card
Cyber park
Smart home system
Free electric door lock"
03-12-2021,78,88,3,2,,1,Gunung Anyar,SHM,2200,timur,1265000000,https://www.rumah.com/listing-properti/dijual-central-park-merr-3-bedroom-by-griyo-mapan-sentosa-oleh-kendrew-giovanni-19217164,"Manfaatkan Momen Akhir Tahun 2021
- FREE PPN 10%
- FREE BPHTB 5%
Senilai RATUSAN JUTA RUPIAH"
04-12-2021,65,61,3,2,,1,Kenjeran,SHM,2200,,900000000,https://www.rumah.com/listing-properti/dijual-surabaya-oleh-priantona-19266429,"Rumah murah Surabaya, rumah 2 lantai Surabaya, rumah 2 lantai 900 jutaan"
29-11-2021,60,33,2,1,,1,Lakarsantri,SHGB,1300,,595000000,https://www.rumah.com/listing-properti/dijual-surabaya-oleh-suharmadi-19119158,"NOL JALAN RAYA :
- 5 MENIT DARI PAKUWON MALL
- 5 MENIT DARI NATIONAL HOSPITAL
- 15 MENIT DARI GATE TOLL GUNUNGSARI / SATELITE"
22-11-2021,252,375,5,4,2,,Sukolilo,SHM,2200,timur,4350000000,https://www.rumah.com/listing-properti/dijual-surabaya-oleh-miski-19330799,"RUMAH MINIMALIS DI PURI GALAXY
-Cluster Paling Depan
-Row Jalan Lebar
-Dekat Dharmahusada, Kertajaya, Galaxy Mall, Ir Soekarno Merr"
06-11-2021,75,36,2,1,1,,Buduran,SHGB,1300,,199000000,https://www.rumah.com/listing-properti/dijual-surabaya-oleh-wiwik-dwi-19148391,Terbatas hanya 5 Unit saja
06-10-2021,160,380,4,3,1,,Tambaksari,SHM,4400,barat,2750000000,https://www.rumah.com/listing-properti/dijual-surabaya-oleh-andy-19113692,
06-10-2021,100,50,2,1,1,,Rungkut,SHM,1300,,775000000,https://www.rumah.com/listing-properti/dijual-surabaya-oleh-eva-17293507,"Dijual rumah Baru gress daerah medokan ayu :
LT 5x20,LB 50,KT 2,KM 1,PLN 1300,PDAM
FREE PAGAR, CANOPY DAN TANDON!!!"
06-10-2021,60,100,2,2,1,,Rungkut,SHM,1300,timur,600000000,https://www.rumah.com/listing-properti/dijual-surabaya-oleh-eva-17295200,"DIJUAL RUMAH BARU GRESS 2 LANTAI, LOKASI MEDAYU, SURABAYA TIMUR. HARGA Rp 600jt."
06-10-2021,90,110,3,2,1,,Sambikerep,SPPJB,2200,utara,1800000000,https://www.rumah.com/listing-properti/dijual-surabaya-oleh-ani-aryani-18910563,"Hanya selangkah dari Fresh Market ,Bonus 3 AC,Siap Huni,Kondisi Sangat Terawat"
06-09-2021,325,500,5,4,2,,Wonokromo,SHM,2200,utara,3450000000,https://www.rumah.com/listing-properti/dijual-surabaya-oleh-miski-18973201,"Rumah Modern Minimalis ,<5 menit ke Pintu Tol Satelit,Selangkah ke Raya Hr Muhammad, Mayjend Sungkono, Gunungsari,Banyak Kuliner & Minimarket
"
06-12-2021,100,40,2,1,,1,Rungkut,SHM,1300,timur,675000000,https://onlist.id/detil/hunian-rumah-idaman-anda-di-medokan-sawah-281320,"SPESIFIKASI RUMAH :

- Desaign ruangan bebas bisa request - Cat rumah bisa sesuai keinginan - Terdapat 2 kamar tidur - Dan 1 kamar mandi - Carport - Taman"
06-12-2021,116,200,5,3,1,,Gunung Anyar,SHM,,timur,2000000000,https://onlist.id/detil/rumah-dijual-puri-jimbaran-regency-289014,Rumah Dijual Puri Jimbaran Regency
06-12-2021,180,130,3,2,,,Wiyung,SHM,2200,selatan,1900000000,https://onlist.id/detil/rumah-terawat-babatan-pratama-288676,
06-11-2021,142,255,4,4,1,1,Mulyorejo,,,,4000000000,https://www.lamudi.co.id/rumah-dijual-surabaya-super-mewah-surabaya-timur-grand-kenjeran-rasa-villa.html,"Fasilitas:
Row jalan lebar,Danau, taman, lahan hijau,Komersial area,Sangat dekat dengan Superindo,Dekat pom bensin

"
06-12-2021,50,57,2,1,,1,Gunung Anyar,SHM,,,886540000,https://onlist.id/detil/dijual-rumah-baru-tipe-sora-amesta-living-surabaya-timur-288739,"Dijual Rumah Baru Tipe Sora Amesta Living Surabaya Timur

Perumahan di 0 Jalan Raya OERR dikembangkan oleh PT. Graha Abdael Sukses (Kolaborasi Intiland & Abdael Nusa). Berdiri di lahan seluas 60 hektar dengan konsep Mix Used terpadu di Surabaya Timur"
06-12-2021,90,70,3,2,,,Sukolilo,SHM,2200,selatan,1100000000,https://onlist.id/detil/dijual-rumah-perum-sukolilo-dian-regency-1-surabaya-timur-288705,Dijual Rumah Perum Sukolilo Dian Regency 1 Surabaya Timur
06-12-2021,135,180,4,3,,,Mulyorejo,SHM,2200,selatan,3450000000,https://www.rumah123.com/properti/surabaya/hos9291609/,"Rumah New Gress design Minimalis di Wisma Permai, Siap Huni, dekat Galaxy Mall

LT : 135 m2, Dimensi 9x15, LB : +/- 180 m2, 2 lantai, KT : 4+1, KM : 3+1 (3 Km Dalam), Gudang, Dapur, Jemuran lantai 2, Carport + Canopy. Granit tile 80x80, Galvalum, SHM, PLN 2200 watt, Hadap selatan
Harga 3,45 M nego sampe deal"
06-12-2021,225,225,3,3,,,Tenggilis Mejoyo,SHM,5500,utara,3900000000,https://www.rumah123.com/properti/surabaya/hos9291620/,"DIJUAL RUMAH KENDANGSARI
STRATEGIS
_50meter dari Raya Kendangsari_
_200meter dari Raya Jemursari_
LT 325mÂ² (13x25), LB 250mÂ², KT 4+1 //KM 3, Gudang, Garasi 2mbl, SHM
Harga : 3.9M ( Nego )"
06-12-2021,132,132,3,3,,,Kenjeran,SHM,,,1720000000,https://www.rumah123.com/properti/surabaya/hos9291531/,"DIJUAL CEPAT , JUAL RUGI _Rumah Minimalis Kalijudan Asri_
- LT 132 (6x22), LB 2lt - 3+1 kt & 3+1 km - SHM - ROW 3mbl & 3mnt dari MERR - Kondisi sangat bagus - Cocok utk rumah & kantor
_Hrg 1,725 M ( nego )"
06-12-2021,123,45,2,1,,1,Benowo,SHM,1300,timur,550000000,https://www.rumah123.com/properti/surabaya/hos9291506/,"*Paling Termurah Dijual Rumah Griya Citra Asri Benowo Citraland Surabaya Barat* * Developer Citraland *Paling Termurah Sa komplek * Butuh Cepat Laku
Luas tanah 123, Luas bangunan 45, Dimensi 7 X 17.5, Kamar tidur 2, Kamar mandi 1, *Harga Rp 550 Juta Nego* Surat SHM, Hadap Timur.
"
06-12-2021,220,350,4,4,1,2,Sukolilo,SHM,4400,utara,3500000000,https://www.rumah123.com/properti/surabaya/hos9291444/,"Rumah dijual SbyTmr Panjang Jiwo Permai Blok C no.5
LT10x22m 220m, LBÂ±350m 2Lantai, 4KT+2 5KM+1, Carport 2mbl, Garasi 1mobil, PLN 4400w/PAM, AC, Water heater, TandonAtas, Keamanan One Gate sistem, Sertifikat SHM
Hrg Rp3,5M Negotiable"
06-12-2021,72,110,3,2,,2,Mulyorejo,SHGB,2200,selatan,2100000000,https://www.rumah123.com/properti/surabaya/hos9291443/,"Dijual Rumah 2lantai
*BARU GRESS PAKUWON CITY*
*Grand Island Cluster Zimbali Costa*
LT: 6 x 15 {72mÂ²}, LB : 110mÂ², KT : 3 + 1, KM : 2 + 1, Carport 2 mbl, Granite Tile : 60 x 60, Pln : 2200 watt, Sertifikat : HGB, Hadap : Selatan, Pondasi Tiang Pancang 26m (bkn plat lajur), Sanitari Toto, Kusen alminium alexsido, Tampak depan pakai granit travertin
"
06-12-2021,240,300,4,4,1,1,Mulyorejo,SHM,5500,selatan,4800000000,https://www.rumah123.com/properti/surabaya/hos9291372/,"Rumah Dijual, Taman Mutiara, Pakuwon City, Surabaya Timur
Lt 240, Lb 300, KT 4+1, KM 4+1, SHM, Full Furnished
Harga Rp 4.8M Nego"
06-12-2021,240,300,4,4,1,2,Mulyorejo,SHM,4400,timur,4700000000,https://www.rumah123.com/properti/surabaya/hos9291329/,"Rumah Dijual Surabaya JUAL RUMAH CLASSIC PAKUWON CITY
LT. 240MÂ² (15X16), LB. 300MÂ² ( SPLIT LEVEL)
KT. 4+1, KM. 4+1 (2 KM DALAM), *SHM*, HOOK TIMUR SELATAN, (PINTU UTAMA HADAP TIMUR), LISTRIK 4400W, CARPORT 2GARASI 1
*ROW JALAN 3 MOBIL* HARGA JUAL *4.7M NEGO*"
06-12-2021,210,350,4,3,1,1,Sambikerep,SHM,3300,selatan,2900000000,https://www.rumah123.com/properti/surabaya/hos9291279/,"Citra Land Int. Village, ( Modern - Mediterania)
Dimensi 10 x 21, LT 210 mÂ², LB Â±350mÂ², KT 4+1, KM 3+1, SHM, Hadap Selatan, Garasi 1 Mobil, Carport 1 Mobil, ROW Jalan 3,5 MOBIL
Harga Rp 2,9M"
06-12-2021,85,165,4,4,,,Tenggilis Mejoyo,SHM,,timur,1575000000,https://www.rumah123.com/properti/surabaya/hos9291141/,"Rumah Tenggilis Mejoyo Selatan
NEW GRESS MINIMALIS, STRATEGIS SIAP HUNI, MODERN ISTIMEWA
LT: 5.3x16 (85), LB: 165, 2 LANTAI, 4 KT , 4 KM, Hadap: timur, SHM
Harga: 1.575M"
06-12-2021,167,225,5,3,,2,Wiyung,SHM,,selatan,2900000000,https://www.rumah123.com/properti/surabaya/hos9291260/,
06-12-2021,113,150,3,3,,1,Mulyorejo,SHM,2200,utara,950000000,https://www.rumah123.com/properti/surabaya/hos9291241/,"Rumah Dijual Surabaya MULYOSARI I TERMURAH
( MODERN MEDITERANIA)

DIMENSI 7 X 16,2, LT 113 MÂ², LB Â±150 MÂ², 2 LANTAI, KT 3 +1, KM 3 +1, HADAP UTARA, SHM, CARPORT 1 MOBIL, ROW JALAN 2 MOBIL LONGGAR
HARGA RP 950JT"
06-12-2021,240,400,4,3,,2,Wiyung,SHGB,4400,selatan,6900000000,https://www.rumah123.com/properti/surabaya/hos9291224/,"*Rumah WISATA BUKIT MAS 2 Raya Boulevard , Wiyung Surabaya Barat*
Lt : 240 (12x20), Lb : 400, 2 Lantai, Kt : 4+1, Km : 3+1, Hadap : Selatan, Surat : HGB Perorangan, Listrik : 4400 watt
- Furnish lux baru - 5 AC - Full renov - 30 mtr dpn Club House
*Harga : 6,9 M nego*"
06-12-2021,360,450,3,4,2,2,Wiyung,SHGB,5500,utara,16000000000,https://www.rumah123.com/properti/surabaya/hos9292126/,"Graha famili minimalis modern
Dimensi (15*24), Split level (2.5 lantai), Luas Tanah 360m2, Luas Bangunan 450m2, KT : 3+1, KM : 4+1, Swimming Pool & BBQ area, sertifikat , hadap utara, Garasi 2 mobil, Carport 2 mobil
spek : Sanitary : hansgrohe & kohler, Lantai Granit Tile & Lantai kamar tidur parkeet kayu merbau & jati, Kusen aluminium : Eterno
Harga 16M nego"
06-12-2021,616,300,3,3,,,Sukolilo,SHM,4400,,7500000000,https://www.rumah123.com/properti/surabaya/hos9291229/,"Rumah Dijual Surabaya LOKASI SANGAT STRATEGIS, MUDAH DI AKSES.
LOKASI STRATEGIS UNTUK USAHA APAPUN, DEKAT UBAYA NGAGLE, DEKAT RUKO RMI, POSISI HOOK, PARKIRAN SANGAT LUAS"
06-12-2021,260,260,3,2,,,Dukuh Pakis,SHM,,,5000000000,https://www.rumah123.com/properti/surabaya/hos9292147/,"Dijual Cepat Rumah Di Jalan Darmo Permai Timur , Surabaya
SHM
Bangunan 1 Lantai, Luas Bangunan FULL, Luas Tanah 260 m2, Dimensi 10x26, 3 Kamar Tidur, 2 Kamar Mandi
Harga 5 M/N"
06-12-2021,375,450,4,4,,,Wiyung,SHGB,10000,utara,8700000000,https://www.rumah123.com/properti/surabaya/hos9292167/,"Di jual Rumah Dian Istana Klasik Modern
Lt 15 X25 = 375, Lb 450, Kt 4+1, Km 4 +1, Listrik 10000, Hadap Utara, Lantai Marmer Semi Furnish, Surat SHGB
Harga : 8.7 M nego"
06-12-2021,450,600,4,3,1,2,Sambikerep,SHM,15000,,16000000000,https://www.rumah123.com/properti/surabaya/hos9292198/,"Full Spesifikasi Bangunan
* Luas Tanah 450 m2 * Dimensi 15 x 30 *Luas Bangunan 600 m2 * Bangunan 2 lantai * Lantai Full Marmer * Kamar Tidur 4+1 (2 Kamar Utama) * Kamar Mandi 3+1 * PLN 15000 W * Swimming Pool * Garasi 1 mobil * Carport 2 mobil * Hadap Selatan * Surat SHM
* Harga 16 M/Nego"
06-12-2021,288,400,4,3,1,2,Sambikerep,SHGB,10000,utara,5950000000,https://www.rumah123.com/properti/surabaya/hos9292214/,"*DIJUAL RUMAH SIAP HUNI, FULL FURNISHED!!! TINGGAL BAWA KOPER AJA!!!*
Lokasi: *Raffles Garden, Citraland*
Dimensi 12x24, 2 Lantai, LT 288 LB +- 400, KT 4+1 KM 3+1, HGB murni, Hadap Utara 10.000W, Carport 2 mobil, Garasi 1 Mobil, Row 2,5 Mobil, *Full Furnished all include!!*, Dapur Sudah Anti Rayap
Harga: 6,5M >> *5,95M NEGO SAMPAI DEAL!!!*"
06-12-2021,368,390,4,3,,,Sambikerep,SHM,2200,timur - selatan,8500000000,https://www.rumah123.com/properti/surabaya/hos9134432/,"Rumah Dijual Surabaya *RUMAH DIAMOND HILL CITRALAND*
BANGUNAN PROVEST

LT.368MÂ² / 16X23
LB.390MÂ² / 2LT
HOOK TIMUR - SELATAN"
06-12-2021,60,100,3,2,,1,Tambaksari,SHM,2200,timur,950000000,https://www.rumah123.com/properti/surabaya/hos9291742/,"Rumah Minimalis Lebak Jaya, 10 menit ke Galaxy Mall, 12 menit ke East Coast Mall
LT : 60 m2, Dimensi 5 x 12, LB : 2 lantai, SHM
KT : 3 (2 atas, 1 bawah), KM : 2 (1 atas, 1 bawah), Dapur, Carport, Teras depan
PLN 2200 watt, Hadap timur
Harga 950jt nego tipis"
26-11-2021,264,425,6,7,,,Sambikerep,SPPJB,5500,,6500000000,https://www.rumah123.com/properti/surabaya/hos9021507/,"Rumah Dijual Surabaya
DIJUAL RUMAH WATERFRONT CITRALAND BARU GRES MEWAH dekat Citraland CBD, Universitas Ciputra, area komersial.
Citraland Waterfront
LT 264 m2 (12x22), LB 425 m2 (2.5 lantai), Hadap Selatan, PPJB (bisa KPR), KT 5+1 (semua KM dalam), KM 6+1 ,PDAM + Listrik 5500W
Detail :
Smart home system, Granite tile 100x100, Pintu kayu Merbabu, Fasad Travertine Gold, Anti rayap Premise (Jerman), Pipa anti rayap bawah, Pondasi tiang pancang"
24-11-2021,450,630,5,6,,,Mulyorejo,SHM,,timur,10500000000,https://www.rumah123.com/properti/surabaya/hos9019027/,"LT 450 mÂ² (15x30) // LB Â± 630 mÂ², KT 4+1/KM 5+1 / Storage room 2, Surat SHM, hadap Timur, ROW jalan 12 mtr, Taman depan & belakang, Sirkulasi udara & pencahayaan bagus, Akses pembantu terpisah, Pondasi tiang pancang .Granite tile mewah 120x240 Monalisa Tiles, Kusen YKK finished goods, Sanitary TOTO, Pintu kayu Merbau Nippo Tech, Plafon panel sheet tahan rayap & api, tinggi 3,5 mtr
*Harga Rp 10,5M nego*"
30-11-2021,165,95,4,3,,,Tenggilis Mejoyo,SHM,2200,utara - barat,1850000000,https://www.rumah123.com/properti/surabaya/hos8259847/,"*MURAH* Rumah Siap Huni Terawat 
Kutisari Indah Dekat Univ Petra, Dekat Juanda, Dekat RS Royal 
Lt 165m (12*13,75) , Lb 95m 2 lantai Kt 3+1 : Km 2+1, Hadap Utara Barat (hoek) , PLN 2200w SHM 
Harga 2,4M turun 1,850M nego sampai deal "
30-09-2021,166,400,5,5,,,Sambikerep,SHM,6600,timur - selatan,1900000000,https://www.rumah123.com/properti/surabaya/hos9236448/,"*Rumah 2 Lantai Istimewa Siap Huni @ Sambikerep*
Surabaya Barat , Bebas Banjir, One Gate System
*Spesifikasi :*
 LT166mÂ² (12x13,5),  LB400mÂ² (2,5 Lantai), Posisi Hook Selatan/Timur, KT5 KM5 / Kitchen Set,  Space Gudang 24mÂ²,  Space Toko 72mÂ², Listrik 6600W, SHM I IMB I PBB Siap, Row Jalan 3 Mobil
* Harga 1,9M Nego *"
06-12-2021,60,100,3,2,,1,Tambaksari,SHM,2200,timur,950000000,https://rumahdijual.com/surabaya/11762023-minimalis-lebak-jaya-10-menit-ke-galaxy-mall.html,"Rumah Minimalis Lebak Jaya, 10 menit ke Galaxy Mall, 12 menit ke East Coast Mall
LT : 60 m2, Dimensi 5 x 12, LB : 2 lantai, SHM, KT : 3 (2 atas, 1 bawah), KM : 2 (1 atas, 1 bawah), Dapur, Carport, Teras depan, PLN 2200 watt, Hadap timur
Harga 950jt nego tipis
Kami juga bisa membantu menguruskan KPR (FREE)"
06-12-2021,350,300,4,2,,,Tambaksari,SHM,13200,barat,2650000000,https://rumahdijual.com/surabaya/11761413-rumah-dijual-disewakan-jl-ploso-timur.html,"*PLOSO TIMUR RUMAH DIJUAL / DISEWAKAN*                 Luas tanah: 350 mÂ²
Ukuran : 10 x 35 m, Luas bangunan : 300 mÂ², Panjang:
Rumah depan - 15 m, Gudang belakang - 20 m, Sertifikat: SHM, IMB: ada, Kamar tidur: 3+1, Kamar mandi: 1+1, Hadap: barat, Listrik: 13.200 Watt, Air ,PDAM - ada, Sumur - ada, AC: satu, Telpon: ada
Perabot yang ditinggal: Pompa air
Harga:*Sewa - 60 jt/thn* *Jual - 2.65M* Nego"
06-12-2021,98,80,2,1,,,Lakarsantri,SHM,1300,selatan,1300000000,https://rumahdijual.com/surabaya/5284877-jual-cepat-rumah-murah-permata-safira-strategis-siap-huni.html,"Dijual cepat murah rumah Permata Safira strategis siap huni tinggal bawa koper
lt 98 lb 80, dimensi 7 * 14, kt 2 km 1, hadap Selatan, SHM, Full Furnish
Jual 1,3 M/Nego"
06-12-2021,105,70,3,1,,,Dukuh Pakis,SHM,1300,,1700000000,https://rumahdijual.com/surabaya/7878916-rumah-hokky-harga-dibawah-2-m-simpang-darmo-permai.html,"Sertifikat Hak Milik, Kamar tidur: 2, Kamar mandi: 1, Kamar pembantu: 1, Luas tanah: 105, Luas bangunan: 70, Listrik: 1300 watt, Sumber air: PDAM, Apakah mobil masuk? bisa masuk, Bebas banjir? bebas banjir"
06-12-2021,125,130,2,2,,,Rungkut,SHM,2200,,1500000000,https://rumahdijual.com/surabaya/7302279-rumah-murah-harga-dibawah-2-m-baruk-barat-surabaya.html,"Dijual cepat murah rumah harga dibawah 2 M Baruk Barat strategis siap huni
lt 125, lb 130, dimensi 8 * 15,6, kt 2 km 2, 3 ruangan optional, SHM, Listrik 2200 watt
Jual 1,5 M"
06-12-2021,108,49,2,1,,,Karangpilang,SHGB,2200,utara,1300000000,https://rumahdijual.com/surabaya/5614570-rumah-grand-harvest-baru-gress-murah-strategis-siap-huni.html,"Dijual cepat murah rumah Grand Harvest baru gress strategis siap huni
lt 108 lb 49, dimensi 6 * 18, kt 2 km 1, hadap Utara, HGB, Jual 1,3 M/nego"
06-12-2021,135,180,5,4,,1,Mulyorejo,SHM,2200,selatan,3450000000,https://rumahdijual.com/surabaya/11762001-rumah-new-gress-design-minimalis-di-wisma-permai-siap.html,"Rumah New Gress design Minimalis di Wisma Permai, Siap Huni, dekat Galaxy Mall
LT : 135 m2, Dimensi 9x15, LB : +/- 180 m2, 2 lantai, KT : 4+1, KM : 3+1 (3 Km Dalam), Gudang, Dapur, Jemuran lantai 2, Carport + Canopy, Granit tile 80x80, Galvalum, SHM, PLN 2200 watt, Hadap selatan, Harga 3,45 M nego sampe deal, Kami juga bisa membantu menguruskan KPR (FREE)"
06-12-2021,166.5,225,6,4,,2,Wiyung,SHM,,selatan,2900000000,https://rumahdijual.com/surabaya/11761853-dijual-rumah-royal-residence-scandinavian-style-furnish.html,"*ðŸ”¥ðŸ”¥ROYAL RESIDENCE UNDER 3MðŸ”¥ðŸ”¥*
*Dijual Rumah Royal Residence* *Full Interior design Scandinavian Style* *Siap huni tinggal bawa koper ajaðŸ’“*
-Full furniture n aksesoris -Sirkulasi udara dan pencahayaan ciamik -Ada taman depan dan belakang -Include AC 6 unit -Water Heater 2 unit -Lt 166,5 (9x18,5)/Lb 225 -KT 5+1/KM 3+1 -Hadap Selatan -SHM -Lantai tangga kayu merbau -Carport 2 mobil -Canopy rangka baja
Harga 2.9M nego tipis"
06-12-2021,210,350,5,4,1,1,Sambikerep,SHM,,selatan,2900000000,https://rumahdijual.com/surabaya/11761847-rumah-modern-mediterania-international-village-citraland.html,"Citra Land Int. Village ( Modern - Mediterania)
Dimensi 10 x 21, LT 210 mÂ², LB Â±350mÂ², KT 4+1, KM 3+1 SHM, Hadap Selatan, Garasi 1 Mobil, Carport 1 Mobil, ROW Jalan 3,5 MOBIL
Harga Rp 2,9M"
06-12-2021,65,90,4,4,,,Sukolilo,SHM,2200,selatan,1400000000,https://rumahdijual.com/surabaya/11761844-rumah-baru-2-lantai-nginden-intan-dekat-untag-indomaret.html,"NEW MINIMALIS NGINDEN 1M an ROW LEBAR STRATEGISðŸŒ¿ðŸŒ¿ðŸŒ¿ðŸŒ¿ðŸŒ¿
UNIT D, LT 65 (5Ã—13), LB 90 (2 lantai), 3KT+1, 3KM+1, SELATAN, SHM
Harga 1.4M nego"
06-12-2021,1500,1140,4,3,,,Gubeng,SHM,5500,barat,40000000000,https://rumahdijual.com/surabaya/11761754-dijual-rumah-ciamik-lokasi-surabaya-timur.html,"DIJUAL RUMAH CIAMIK LOKASI SURABAYA TIMUR
Dharmahusada Indah Timur
- LT 1.500 m2- LB 1.140 m2, 2 lt -KT 2+2 KM 3 =Listrik 5.500 watt -SHM - Hadap Barat - SELLING POINT: - Kolam Renang dan Gym - PDAM
Harga Jual Rp 40M"
06-12-2021,120,125,4,3,,,Kenjeran,SHM,2200,utara,1400000000,https://rumahdijual.com/surabaya/11761753-rumah-villa-kalijudan-indah-layak-huni-butuh-renovasi.html,"DIJUAL RUMAH VILLA KALIJUDAN INDAH
Layak huni butuh renovasi, Dimensi 8x15, 2 lantai, LT 120, LB 125 .KT 3
KM 2+1, SHM, Listrik 2200watt, PDAM, Hadap utara, Row jalan 4 mobil, Depan taman kecil
HARGA JUAL 1,4M"
06-12-2021,247,379,7,4,,,Kenjeran,SHM,4400,timur,2975000000,https://rumahdijual.com/surabaya/11761749-rumah-lebak-indah-utara-hadap-timur.html,"DIJUAL RUMAH 2 LANTAI LEBAK INDAH UTARA
Dimensi 10x25, LT. 247, LB 379, KT 6 + 1, KM 3 + 1, SHM, Tandon atas / bawah, Lantai Marmer, Listrik. 4400, Hadap Timur, Row 3 mobil
Harga Jual 2.975M"
06-12-2021,98,135,4,4,,1,Rungkut,SHM,2200,selatan,1700000000,https://rumahdijual.com/surabaya/11761743-rumah-rungkut-menanggal-free-tandon-atas-pompa.html,"Dijual rumah rungkut menanggal
LT 5,5x17,75 (98) LB Â±135mÂ², KT 3+1 KM 3+1, SHM, IMB Lengkap, Galvalum ; Kusen aluminum, TOTO, PLN 2200w, Carport 2 mobil, Hadap Selatan, FREE Tandon, Atas+Pompa, Harga 1,7 M
serah terima Jan'22"
06-12-2021,100,120,4,4,,,Kenjeran,SHM,2200,barat,1800000000,https://rumahdijual.com/surabaya/11761740-rumah-lebak-indah-utara-new-minimalis.html,"Jual rumah Lebak indah utara
NEW, MINIMALIS
Row 3,5 mbl, LT 5Ã—20(100mÂ²), LB Â±120mÂ², 2lantai, Hadap barat, KT 3+1, KM 3+1 (atas KM dalam semua), SHM, IMB Lengkap, Galvalum ; Kusen aluminum. Granit tile 60Ã—60, PLN 2200w, PDAM
Harga : 1,8 M nego"
06-12-2021,50,100,2,1,,,Gunung Anyar,SHM,,utara - selatan,700000000,https://rumahdijual.com/surabaya/11761731-rumah-gunung-anyar-mas-new-minimalis-proses-bangun-2-a.html,"Dijual 4 Rumah Gunung Anyar Mas New Minimalis Proses bangun
Dimensi 5x10, LT: 50mÂ², LB: 100mÂ², 2 lantai, KT 2, KM 1, Hadap utara (2 unit), hadap selatan (2unit), SHM
Harga 700jt"
06-12-2021,207,155,4,3,,,Mulyorejo,SHGB,,utara,2550000000,https://rumahdijual.com/surabaya/11761724-rumah-mulyosari-tengah-minimalis-terawat-hadap-utara.html,"rumah timur jual 3m
Rumah Mulyosari Tengah
MINIMALIS, TERAWAT
Dimensi: 9x23, LT: 207, LB: 155, Tingkat: 1, KT: 3+1, KM: 3, Hadap: utara, Sertifikat: hgb
Harga: 2.55m"
06-12-2021,84,84,4,4,,,Tenggilis Mejoyo,SHM,,timur,1575000000,https://rumahdijual.com/surabaya/11761721-rumah-tenggilis-mejoyo-selatan-siap-huni-hadap-timur.html,"Rumah Tenggilis Mejoyo Selatan SIAP HUNI
Dimensi: 5.3x16, LT: 84.8, LB: 84, Tingkat: 2, KT: 4, KM: 4, Hadap: timur, Sertifikat: shm
Harga: 1.575m"
06-12-2021,113,150,4,4,,1,Mulyorejo,SHM,,utara,950000000,https://rumahdijual.com/surabaya/11761719-rumah-murah-mulyosari.html,"MULYOSARI I TERMURAH ( Modern Mediterania)
Dimensi 7 x 16,2 ,LT 113 mÂ², LB Â±150 mÂ², 2 Lantai, KT 3 +1, KM 3 +1, Hadap Utara, SHM, Carport 1 Mobil, Row Jalan 2 mobil longgar
Harga Rp 950jt"
06-12-2021,120,180,5,4,,,Mulyorejo,SHM,,selatan,2450000000,https://rumahdijual.com/surabaya/11761716-rumah-sutorejo-utara-baru-gress-hadap-selatan.html,"Rumah Sutorejo Utara BARU GRESS
Dimensi: 8x15, LT: 120, LB: 180, Tingkat: 2, KT: 4+1, KM: 3+1, Hadap: selatan, Sertifikat: shm
Harga: 2.45m"
06-12-2021,240,400,5,4,,,Wiyung,SHGB,4400,selatan,6900000000,https://rumahdijual.com/surabaya/11761714-rumah-wisata-bukit-mas-2-raya-boulevard-wiyung-surabaya.html,"*Rumah WISATA BUKIT MAS 2 Raya Boulevard , Wiyung Surabaya Barat*
Lt : 240 (12x20), Lb : 400, 2 Lantai, Kt : 4+1, Km : 3+1, Hadap : Selatan, Surat : HGB Perorangan, Listrik : 4400 watt - Furnish lux baru - 5 AC - Full renov - 30 mtr dpn Club House
*Harga : 6,9 M nego*"
06-12-2021,200,150,3,1,1,,Rungkut,SHM,2200,barat,1600000000,https://rumahdijual.com/surabaya/11761671-hitung-tanah-jual-cepat-rumah-rusak-rungkut-barata-surabaya.html,"HITUNG TANAH BUTUH UANG SANGAT
Rumah Rusak Rungktu Barata Surabaya Timur
Surat SHM, IMB Lengkap, LT 200m2 ( Dim 12 x 16.75 ), LB 150m2 Bangunan Rusak, Hadap Barat, Dekat Masjid & Sekolah Dasar, Jalan Paving Lebar 7m, BEBAS BANJIR, INVESTOR WELCOME, Cocok Dibangun Rumah, Minimalis 2 lantai 6x16.5, PENAWARAN BERAPAPUN DIPERTIMBANGKAN, Harga Rp 1.600.000.000 Nego, SUPER BU Tawar saja sampai Deal"
06-12-2021,414,400,7,4,1,2,Mulyorejo,SHM,,timur,7500000000,https://rumahdijual.com/surabaya/10077038-rumah-dharmahusada-siap-huni-nego-sampai-deal.html,"(PRA)Dharmahusada mas
LT 414 m2 tanah ngantong
LB +-400 m2
Shm
Hadap timur
Carport 2 garasi 1
KT 6+1
Km 3+1
Akses pembantu sendiri
Harga 7.5M nego
Prawira Xmarks Merr
082140646594
Info lengkap: https://rumahdijual.com/surabaya/10077038-rumah-dharmahusada-siap-huni-nego-sampai-deal.html
Follow us: @rumahdijual on Twitter - RumahDijual.com on Facebook"
06-12-2021,240,500,6,7,,,Sambikerep,SPPJB,,utara,6500000000,https://rumahdijual.com/surabaya/9427227-rumah-citraland-2-5-lantai-minimalis.html,"(STY)Waterfront
Lt 240 m2 (12x20), Lb 500 m2, Split level 2,5 lantai, Hadap utara, Kt 5+1, Km 5+2, Ppjb split, Lantai marmer
Harga 6,5 M"
06-12-2021,264,350,5,5,,,Sambikerep,SHGB,,selatan,6250000000,https://rumahdijual.com/surabaya/9965863-rumah-minimalis-nego-sampai-deal-citraland.html,"(STY)East emerald mansion citraland
Lt 264(12x22), Lb 350 m2, Kt 4+1, Km 4+1, Hadap selatan, SHGB
Harga 6,25M nego"
06-12-2021,488,530,3,3,,1,Sambikerep,SHM,,,7380000000,https://www.olx.co.id/item/rumah-taman-golf-1511-jtm-citraland-teluk-selat-bukit-1-iid-849348392,"Dijual
Rumahâ€“ Taman Golf Citraland
LT 488 (10x33) / LB 530 / 2lt
Harga Rp 7,38Milyar (15.11jt/m)
Kode listing : JSJ-0653-JB
Foto adalah gambar ilustrasi"
06-12-2021,72,38,2,1,,1,Rungkut,SHM,1300,utara,700000000,https://www.olx.co.id/item/baru-green-samanggi-mangrove-surabaya-timur-iid-849348079,"Jual Rumah Baru Gress Belum Pernah Dihuni GREEN SEMANGGI Mangrove Rungkut
Luas tanah : 72mÂ² (6x12), Luas bangunan : 38mÂ², Kamar tidur 2, Kamar mandi 1, 1 Lantai, Hadap : Utara, Listrik : 1300 mÂ², SHGB, Carport : 1 mobil, Baru Gress Belum Pernah dihuni
Harga : 700 juta
Hubungi : Msaragi, Xmec"
06-12-2021,72,103,3,3,,,Tambaksari,SHM,,timur,1450000000,https://www.olx.co.id/item/baru-gress-rumah-lebak-jaya-selangkah-dari-raya-kenjeran-iid-849347971,"BARU GRESS Rumah Lebak Jaya selangkah dr Raya Kenjeran
Bangunan on progress, spek terbaik di kelasnya
Very Limited Unit Only 5 units
Kualitas Granite Tile , TOTO
LT 72 (6x12), LB 103(2LT), KT 3 KM 3, SHM, Hadap Timur, Harga 1.450 M
Temmy Ivana Xmarks Mulyosari
MTA"
06-12-2021,68,62,3,2,,1,Mulyorejo,SHM,1300,,750000000,https://www.olx.co.id/item/kalijudan-ploso-dkt-merr-kenjeran-mulyosari-manyar-kertajaya-klampis-iid-849347936,"Rumah Baru Gress...
Kalijudan - Surabaya Timur
Dekat Ploso + Kenjeran + Mulyosari + Mojoklangru + Dharmahusada
Luas 4m x 17m x 2lt, Luas Bangunan 62m, Kamar Tidur = 3, Kamar Mandi = 2, 1300 Watt - PDAM, Row Jalan 2 Mobil
Harga 750jt Nett

"
06-12-2021,222,390,3,3,,1,Sambikerep,Lainnya,,,5550000000,https://www.olx.co.id/item/rumah-eastwood-25-jtm-citraland-woodland-alam-hijau-tpr-1-iid-849347855,"Dijual
Rumahâ€“ Eastwood Citraland
LT 222 (10.5x21) / LB 390 / 2lt
Harga Rp 5.55Milyar NEGOO (25jt/m)
Kode listing : JSJ-0285-JB
Foto adalah gambar ilustrasi"
06-12-2021,150,113,3,2,1,,Tenggilis Mejoyo,SHM,2200,,1000000000,https://www.olx.co.id/item/6-jt-anmtr-rumah-pondok-tjandra-termurah-iid-849347528,"Hanya 6 jt-an/mtr Dijual rumah Pondok Tjandra Indah, Wadungasri Sidoarjo, akses lokasi strategis
- One gate sistem + security - 10menit ke RS Mitra Keluarga - 15menit ke Airport - Perumahan 10mnt dekat akses langsung jalan toll ke Surabaya Barat, Toll luar kota Jawa Timur & Toll arah Jakarta - Banyak resto/depot makanan kuliner
- Luas tanah : 10x15 (150 mÂ²) - Luas bangunan : 115 mÂ² - Kamar tidur : 3  - Kamar mandi : 2 - AC : 3 - - Listrik : 2.200 watt - Sumber air : PDAM & Sumur Bor - - Fasilitas : Tandon air atas & bawah, Ruang jemur & mesin cuci - SHM & IMB - - Garasi : 1 mobil Row jalan 2 Mobil longgar
Turun Harga 1 M (Cash Only)
Hanya 6 jt-an/mtr
Temmy Ivana Xmarks Epicentrum"
06-12-2021,120,180,5,4,,2,Mulyorejo,SHM,,selatan,2450000000,https://www.olx.co.id/item/dijual-rumah-baru-minimalis-iid-849347389,"Dijual Rumah Baru Gress *Lokasi sutorejo utara*
LT : 8 x 15 {120mÂ²}, LB : 180mÂ², KT : 4 + 1, KM : 3 + 1, Carport 2 mobil, Sertifikat : SHM, Hadap : Selatan
Harga : 2,450M"
06-12-2021,136,200,5,3,,1,Gayungan,SHM,2200,barat,2200000000,https://www.olx.co.id/item/uin-surabaya-petrars-mata-rsal-rs-royal-royal-plaza-plaza-marina-iid-849352809,"Graha Indah Injoko Gayungsari SURABAYA (sampingnya persis SD Al Hikmah SBY)
Lt 136m2 (8 x 18), Lb 200m2, KT 4+1, KM 3, 2 Lantai, Free Perabot : kitchen set, sofa, bedset, TV, Kulkas, AC, mesin Cuci, Hadap Barat, Listrik 2200 watt, SHM atas nama TITO, Carpot 1 mobil, Row Jalan 8 Meter (3 mobil), PDAM dg Tandon, Ada Satpam, Bebas Banjir, Atap 4 meter shg tidak panas, 100m ke Taman Pelangi Ayani, PAPILIO, 15 menit ke UIN SURABAYA, PETRA,RS Mata, RSAL, RS Royal, Royal Plaza, Plaza Marina, Tol Waru, 30 menit ke BANDARA, Cocok untuk hunian yg tenang, eksklusif   dll
2.5M turun jadi 2.2M"
06-12-2021,180,300,4,4,,3,Tenggilis Mejoyo,SHM,2200,utara - barat,2990000000,https://www.olx.co.id/item/dijual-cepat-rumah-di-panjang-jiwo-permai-murahh-iid-849352531,"*Rumah hook istimewa di perumahan elite Panjang Jiwo Permai*Tatanan loss, banyak bukaan jendela, Sirkulasi udara maksimal, Akses pembantu terpisah, Luas tanah 180m2 (9x20), Luas bangunan 300m2, 2 lantai, Kamar tidur 3+1, Kamar mandi 3+1, Listrik 2200 watt, Posisi hook, Hadap utara - barat, Carport 3 mobil, Row jalan 2,5 mobil, SHM
Harga *Rp 2,99 Miliar nego*
Survey hub Luis Xmarks Mulyosari"
06-12-2021,42,42,3,2,,1,Sukolilo,SHM + IMB,,,850000000,https://www.olx.co.id/item/jaminan-murah-rumah-dalam-perumahan-bumi-marina-mas-keputih-iid-849352517,"JAMINAN MURAH RUMAH DALAM PERUMAHAN BUMI MARINA MAS KEPUTIH DEKAT UNIVERSITAS ITS HANG TUAH RAYA MERR GALAXY MALL.. DIJAMIN STRATEGIS..
HARUS CASH 850JT NET DP 50% SISA TERMIN SESUAI PROGRES RUMAH.
SPESIFIKASI : UK 6X7, SHM DAN IMB, CARPORT MOBIL, R TAMU, R KELUARGA, KT 3, KM 2, DAPUR"
03-12-2021,165,95,4,3,,1,Tenggilis Mejoyo,SHM,2200,utara - barat,1850000000,https://www.99.co/id/properti/rumah-kutisari-siap-huni-harga-termurah-75116674706,"*MuRAH* Rumah Siap Huni Terawat Kutisari Indah Dekat Univ Petra, Dekat Juanda, Dekat RS Royal Lt 165m (12*13,75) Lb 95m 2 lantai Kt 3+1 : Km 2+1 Hadap Utara Barat (hoek) PLN 2200w SHM Harga 2,4M turun 1,850M nego sampai deal "
06-12-2021,61,122,4,2,,,Kenjeran,SHM,1200,,800000000,https://www.olx.co.id/item/dijual-rumah-murah-2-lantai-surabaya-timur-iid-849352503,"- Rumah Minimalis 2 Lantai
- SHM - 1200 va - 2 Tandon air PDAM ( Tandon tanam & Tandon atas) - 1 petak Gerai/ Kios ( 2x2.5m) - Harga : 800 Jt Nego"
06-12-2021,42,60,2,2,1,1,Sukolilo,SHM,,,775000000,https://www.olx.co.id/item/langkah-rumah-2lt-bumi-marina-mas-pusat-kota-surabaya-its-kalmpis-mojo-iid-849352216,LANGSUNG DIAMANKAN UNITNYA 
05-12-2021,64,83,3,3,1,,Gunung Anyar,SHM,2200,timur,999000000,https://onlist.id/detil/for-sale-rumah-perum-royal-paka-i-262784,"DP 50% Bisa Diangsur
Cicilan Inhouse FLAT"
04-12-2021,72,36,2,1,1,,Gunung Anyar,SHM,,,500000000,https://www.99.co/id/properti/rumah-lokasi-strategis-nol-jalan-oerr-dengan-fasilitas-lengkap-di-alana-tambak-oso-surabaya-89997942260,"Rumah 500 Jutaan + Special Discount
Very Limited Stock
Alana Regency Tambak Oso Developed By Pt Tumerus Jaya Propertindo
Harga Kpr Start 500Jtan
1.3 Km Dari Surabaya, 3 Menit Dari Merr, 300 Meter Dari Oerr
Fasilitas :
Kolam Renang, Mushola, Lap Basket, Kids Playground, One Gate System & 24-Hour Security
Free : Ppn, Bphtb, Ajb, Bbn, Shm, Pagar, Tandon Bawah & Pengalihan 1X Utj 10 Juta"
02-12-2021,264,425,6,7,2,,Sambikerep,SPPJB,5500,selatan,6500000000,https://www.99.co/id/properti/rumah-waterfront-citraland-baru-gres-mewah-dekat-citraland-cbd-universitas-ciputra-area-komersial-13003221292,"Rumah Dijual Surabaya
DIJUAL RUMAH WATERFRONT CITRALAND BARU GRES MEWAH dekat Citraland CBD, Universitas Ciputra, area komersial.
Citraland Waterfront
LT 264 m2 (12x22), LB 425 m2 (2.5 lantai), Hadap Selatan, PPJB (bisa KPR), KT 5+1 (semua KM dalam), KM 6+1, PDAM + Listrik 5500W
Detail :
Smart home system, Granite tile 100x100, Pintu kayu Merbabu, Fasad Travertine Gold, Anti rayap Premise (Jerman), Pipa anti rayap bawah, Pondasi tiang pancang
Rp 6.5M (nego)"
01-12-2021,600,670,7,5,2,,Wonocolo,SHM,,barat,6500000000,https://www.99.co/id/properti/rumah-nol-jalan-raya-sidosermo-sebelah-plasa-marina-25921553716,"JUAL CEPATTT Â Rumah NOL JALAN RAYA Sidosermo (Sebelah Plasa Marina) 
LT 600 (15x40), LB 670 (2 lantai), KT 5+2, KM 4+1 (KM dalam 2), Gudang 1, Hadap Barat, SHM on hand
 HANYA 8M >> 6,9M >> 6.5M NEGO SAK LAKUE Ã¢Â
(Penawaran Berapapun Dipertimbangkan)"
02-12-2021,280,440,4,4,1,,Sambikerep,SHM,6600,utara,7600000000,https://www.lamudi.co.id/rumah-international-village-citraland-baru-gres-furnished-dekat-gwalk-komersial.html,"DIJUAL RUMAH INTERNATIONAL VILLAGE CITRALAND BARU GRES MEWAH dekat Gwalk, area komersial.
Citraland International Village
LT 280 m2 (14x20), LB 440 m2 (2 lantai), Hadap Utara, SHM (bisa KPR), KT 4+1, KM 4+1, PDAM + Listrik 6600W
Details : Smart home system (lampu, gorden), Pintu + Kusen full kayu Jati tua, Jendela Aluminium YKK, Atap galvalum, Genteng Aspal Tamko (USA), Granite Tile 120x120, Tangga Marmer Nero Marquina, Sanitary Toto & Kohler, Full Interior (AC, Water heater, Gorden, Mebel, Kitchen set, CCTV, dll)
Rp 7.6M (nego)"
30-11-2021,450,630,4,5,,,Mulyorejo,SHM,,timur,10500000000,https://www.99.co/id/properti/villa-westwood-pkwn-city-new-mewah-64952432637,"LT 450 mÂ² (15x30) // LB Â± 630 mÂ², KT 4+1/KM 5+1 / Storage room 2, Surat SHM, hadap Timur, ROW jalan 12 mtr, Taman depan & belakang, Sirkulasi udara & pencahayaan bagus, Akses pembantu terpisah, Pondasi tiang pancang. Granite tile mewah 120x240 Monalisa Tiles, Kusen YKK finished goods, Sanitary TOTO, Pintu kayu, Merbau Nippo Tech, Plafon panel sheet tahan rayap & api, tinggi 3,5 mtr
*Harga Rp 10,5M nego*"
06-12-2021,90,40,2,1,,1,Sidoarjo,SHGB,,,450000000,https://www.olx.co.id/item/perumahan-sidoarjo-cash-kpr-iid-849351885,"Ready stok
Tinggal masuk bawa koper, Lokasi dekat fasilitas umun
Harga 450 jt
Jalan lebar, Sudah padat penduduk, Keamanan 24 jam
Tanya2 silah kan"
06-12-2021,80,125,3,3,,1,Rungkut,SHM + IMB,,utara,1600000000,https://www.olx.co.id/item/paling-dicari-rumah-mewah-2-lantai-di-rungkut-asri-dekat-merr-iid-849351726,"Fast Sale !!
Miliki hunian syariah, desain modern 2 Lantai Di Komplek Rungkut Asri, MERR, surabaya timur. Berada di lokasi padat penduduk, dekat akses jalan raya MERR. Lebar jalan 7 meter. Akses mudah menuju lokasi, lingkungan sangat mendukung sekali bagi perkembangan buah hati anda, tenang dan nyaman.
Keuntungan :â€¢ Akses one gate system â€¢ Dekat MERR â€¢ Sekitar 3 menit menuju Tol Tambak Sumur â€¢ Dekat Pusat Perbelanjaan, Swalayan, Pasar, Minimarket dsb.
Spesifikasi : - 2 Lantai - Luas tanah 5x16 meter (80 mÂ²) - Luas bangunan 125 mÂ² - Lantai granit 60x60 - Kamar Tidur 3- Kamar Mandi 3 - Dapur - Carpot - Atap Galvalum - Rangka Almini - Tandon Bawah - Dinding bata ringan - Kusen Aluminium - Row jln 7 mtr - Hadap utara, Hanya 1 unit saja
Harga 1,6 M
SHM, IMB"
06-12-2021,100,150,5,4,,2,Sukolilo,SHM,2200,,2000000000,https://www.olx.co.id/item/wisma-mukti-klampis-dkt-semolo-manyar-kertajaya-pucang-barata-merr-iid-849350602,"# Rumah Baru Gress # Wisma Mukti - Surabaya Timur
Dekat Manyar + Klampis + Araya + Ngagel + Kertajaya + Darmahusada + Merr, Luas = 5m x 20m x 2lt, Luas Bangunan = 150m, Kamar Tidur = 4+1, Kamar Mandi = 3+1, Sertifikat = Hak Milik, Carport = 2 Mobil, Row Jalan = 3 Mobil, PDAM - Listrik 2200w
- One Gate System -
Harga Indent = 2M Saja...
# Dp Bisa Di Inhouse #"
06-12-2021,60,105,3,2,,1,Mulyorejo,SHM + IMB,2200,timur,1390000000,https://www.olx.co.id/item/rumah-sutorejo-utara-cocok-buat-keluarga-kecil-iid-849350570,SHM + IMB
11-11-2021,80,80,3,2,1,1,Tenggilis Mejoyo,SHM,,,790000000,https://www.olx.co.id/item/rumah-baru-dijual-cepat-murah-surabaya-kutisari-rungkut-wonocolo-iid-824342820,"Rumah baru gress 2lantai 3kt 2km
Dijual bagus mewah murah
Lokasinya sangat strategis
Jamin lihat pasti suka
Info minat langsung hubungi kami"
20-11-2021,51,60,2,1,,1,Bulak,SHGB,1300,,565000000,https://www.olx.co.id/item/perumahan-gading-indah-regency-surabaya-iid-755603613,"**PERUMAHAN GADING INDAH REGENCY**

Lokasi hunian yang sudah terbentuk dan sangat nyaman, dengan harga yang sangat terjangkau di kawasan Kota Metropolitan Surabaya.

Lokasi berdekatan dengan pusat perdagangan seperti daerah Kapasan, Kapas Krampung, Mulyosari, Raya Kenjeran, Kedung Cowek, dll.

Ditambah lokasinya yang sangat berdekatan dengan kawasan wisata yaitu Kenjeran Park dan Jembatan Suramadu yang mana sekarang sedang dikembangkan oleh Pemerintah Kota Surabaya.

Fasilitas yang kami berikan adalah sbb :

- Air PDAM

- Keamanan 24 jam

- One gate sistem

- Listrik 1300 W

- Surat SHGB yang sudah split

- Row 2 mobil

Kami menawarkan rumah baru siap huni, harga mulai 500 jutaan dengan beberapa type rumah Sbb :

1. Type 60/51

(2 Lantai dengan 2 kamar tidur + 1 kamar mandi, dapur)

2. Type 45/82.5

(1 Lantai dengan 2 kamar tidur + 1 kamar mandi + ruang keluarga yang luas dan area untuk taman di dalam)

3. Type 60/77

(2 Lantai dengan 2 kamar tidur diatas, kamar mandi dibawah, dapur, sisa tanah dibelakang)

4. Type 75/96

(2 Lantai dengan 2 kamar tidur diatas + 1 kamar mandi diatas, 1 Kamar tidur dibawah + 1 kamar mandi dibawah, dapur, sisa tanah dibelakang yang bisa dimanfatkan untuk konsep rumah tumbuh).

Cara Pembayaran sbb :

Dengan sistem pembayaran yang mudah baik bisa pembelian secara tunai maupun KPR di semua bank dengan uang muka yang ringan bisa diangsur 4x.

Harga promo 500 jutaan berlaku sampai Bulan 15 Desember 2021
Untuk lebih jelasnya bisa hubungi :
Denny"
30-11-2021,364,450,6,5,1,,Wiyung,SHM,7700,selatan,9500000000,99.co/id/properti/graha-family-furnished-dekat-citraland-pakuwon-indah-59678119374,"Termurah di cluster favorit
*Rumah Graha Family terawat *
lt 364 (14x26), lb 450m, KT 5+1, KM 4+1, Selatan, SHM, Listrik 7700 , Bonus Furnish
*Harga 9.5M Nego*"
29-11-2021,198,300,5,4,1,1,Mulyorejo,SHGB,3500,utara,4200000000,https://www.99.co/id/properti/2p-dijual-rumah-2-lantai-11x18-198m-di-san-diego-pakuwon-city-42m-93122933612,"Dijual rumah 2 lantai 11x18=198m di san diego pakuwon city 4,2M
Jarang Ada ini!!
*Dijual Rumah Pakuwon City*
Lt: 11 x 18 = 198 m2, Lb: +- 300 m2 / 2 lantai, KT 4 + 1, KM 3 + 1, Garasi 1 mobil, carport 1 mobil, Listrik meteran: 3500 watt, Pdam, Water heater sentral, Tandon atas, SHGB, Hadap utara
Harga: 4.2M nego
FOTO dan informasi lebih lanjut tolong hubungi nomer telpon yang ada di bawah ini atau yang ada di deretan foto foto iklan ini
081 - 938  0441XX
081 - 21 650 3650"
06-12-2021,51,40,2,1,1,1,Rungkut,SHM,,,450000000,https://www.olx.co.id/item/langkah-murah-rumah-450jt-cash-dekat-upn-gunung-anyar-medokan-sawah-iid-849354794,LANGSUNG HUBUNGI KAMI
06-12-2021,288,400,5,4,1,2,Sambikerep,SHGB,10000,utara,5950000000,https://www.99.co/id/properti/rumah-langka-di-cluster-favorit-rafles-garden-full-furnish-murah-17113636249,"_*TURUN 550 JUTAA!!!! VENDOR PINGIN CEPAT LAKU!!!*_
*DIJUAL RUMAH SIAP HUNI, FULL FURNISHED!!! TINGGAL BAWA KOPER AJA!!!*
Lokasi: *Raffles Garden, Citraland*
Dimensi 12x24, 2 Lantai, LT 288 LB +- 400, KT 4+1 KM 3+1, HGB murni, Hadap Utara, 10.000W, Carport 2 mobil, Garasi 1 Mobil, Row 2,5 Mobil, *Full Furnished all include!!*, Dapur Sudah Anti Rayap
Harga: 6,5M >> *5,95M NEGO SAMPAI DEAL!!!* Brn db"
06-12-2021,180,180,4,2,,1,Wonocolo,SHM,1300,selatan - barat,1800000000,https://www.99.co/id/properti/rumah-siap-huni-bendul-merisi-surabaya-97397409411,"DIJUAL Rumah Siap Huni Bendul Merisi Surabaya
LT 180, LB 180 | Hook, KT 4, KM 2, Listrik 1300 watt, SHM, Carpot mobil, Hadap Selatan & Barat
Rp. 1.8M / Nego"
06-12-2021,60,77,2,2,,2,Wiyung,SHGB,2200,,1000000000,https://www.99.co/id/properti/free-ppn-bphtb-grand-harvest-tipe-daphne-area-wiyung-kebraon-91146292330,"Brand New Grand Harvest Tipe Daphne area Wiyung Kebraon
Spesifikasi : LT : 60 (5x12), LB : 77 (2 Lantai), KT 2, KM 2, Legalitas SHGB, Listrik: 2200 Watt, Carport 2 Mobil, Row Jalan: 10m (3 mobil)
Price 1 M
Free PPN & BPHTB + Cashback
More Info Hub
Hanif Ramly Ray White Royal Residence  0812XXXXXXXX Ada WA"
06-12-2021,135,123,4,4,,2,Sambikerep,SHGB,,selatan,2690000000,https://www.99.co/id/properti/brand-new-citraland-cluster-stamford-place-tipe-constantine-67736499439,"Brand New Citraland Cluster Stamford Place Tipe Constantine

Spesifikasi : LT 135 m2 (9x15), LB 123 m2 (2 Lantai), KT 3+1, KM 3+1, KT Utama ada KM Dalam, Legalitas SHGB, Hdp Selatan, Carport : 2 Mobil, Row 3 Mobil
Price ~2,82 Man~ Turun jd 2,69 Man (Program Subsidi PPN)
More Info Hub
Hanif Ramly Ray White Royal Residence  0812XXXXXXXX Ada WA"
05-12-2021,144,154,4,4,,2,Lakarsanti,SHM,4400,selatan,2499000000,https://www.99.co/id/properti/rumah-bagus-dan-nyaman-di-wisata-bukit-mas-53154298117,"For Sale
Tata Ruang Bagus Nyaman Siap Huni
Wisata Bukit MasDimensi : 9 X 16, Luas Tanah : 144 MÂ²,Luas Bangunan : Â±154 MÂ², Bangunan 2 Lantai, Kamar Tidur : 3+1, Kamar Mandi : 3+1, Carport : 2 Mobil, Hadap : Selatan Vaforite, Sertifikat : Shm, Listrik : 4400
Spesifikasi Teknis : Standart Wisata Bangunan Bagus Terawat, Ada Canopi, Ada Gudang, One Gate System, Row Jalan Lebar
Harga 2.499M Nego Sampai Deal
"
05-12-2021,1260,600,5,4,,,Genteng,SHGB,6600,selatan,38000000000,https://www.99.co/id/properti/rumah-pusat-kota-surabaya-embong-tanjung-dyt-37-74831858424,*RUMAH SURABAYA PUSAT NOL JALAN EMBONG TANJUNG SURABAYA* - LT : 1.260M - LB : 600M - KM: 3+1 - KT : 4+1 - LISTRIK : 6.600WATT - HADAP : SELATAN - SERTIFIKAT : SHGB - *HARGA* : 38M NEGO*
28-10-2021,300,500,5,5,1,1,Gayungan,SHM + IMB,,,7000000000,https://www.lamudi.co.id/rumah-modern-klasik-full-furnished-smarthome-dan-private-pool-termurah-di-srbya.html,timur
06-06-2023,162,216,4,4,0,1,Pakuwon Indah,SHM,4400,Selatan,4600000000,https://www.rumah123.com/properti/surabaya/hos13934524/,NEW Dekat Taman Riz Embassy Pakuwon Indah
06-06-2023,240,340,4,5,1,1,Mayjen Sungkono,SHM,3500,Selatan,5500000000,https://www.rumah123.com/properti/surabaya/hos12394825/,VILLA BUKIT MAS
06-06-2023,300,525,6,6,2,1,Citraland,SHGB,3300,Utara,11500000000,https://www.rumah123.com/properti/surabaya/hos13842510/,"Dijual Rumah Baru Mewah Split Level Design 2,5 Lantai, Taman Golf Citraland"
06-06-2023,135,320,3,3,2,2,Citraland,SHGB,5500,Utara,4500000000,https://www.rumah123.com/properti/surabaya/hos11439458/,DIJUAL RUMAH CITRALAND CLUSTER TAMAN PUSPA RAYA BANGUNAN 3 LANTAI
06-06-2023,191,220,4,3,1,1,Sukomanunggal,SHM,2200,Utara,750000000,https://www.rumah123.com/properti/surabaya/hos12913439/,Aset Lelang powered by BRI
06-06-2023,260,200,3,2,2,1,Tambaksari,SHM,2200,Selatan,2200000000,https://www.rumah123.com/properti/surabaya/hos12912033/,Aset Lelang powered by BRI
06-06-2023,162,324,4,2,2,1,Mulyorejo,SHGB,2200,Barat,3700000000,https://www.rumah123.com/properti/surabaya/hos12907519/,Aset Lelang powered by BRI
06-06-2023,472,350,4,2,3,3,Lakarsantri,SHM,2200,Timur,3700000000,https://www.rumah123.com/properti/surabaya/hos12965964/,Aset Lelang powered by BRI
06-06-2023,202,214,2,1,2,1,Gununganyar,SHM,1300,Utara,1750000000,https://www.rumah123.com/properti/surabaya/hos12983961/,Rumah terawat 15 menit dari pusat kota.
06-06-2023,166,300,4,2,1,1,Jambangan,SHGB,2200,Utara,1100000000,"Rumah Lelang Bri, Jambangan, Surabaya | Rumah123.com",Rumah bagus di Jambangan.
06-06-2023,300,726,7,8,2,2,Citraland,SHM,3500,Utara,8250000000,https://www.rumah123.com/properti/surabaya/hos12431234/,Citraland Bukit Golf Internasional (BGI)
06-06-2023,90,90,2,2,0,1,Gununganyar,SHM,1300,,1100000000,https://www.rumah123.com/properti/surabaya/hos13790921/,Akses tol arah waru
06-06-2023,177,300,7,3,0,2,Rungkut,SHM,3300,Timur,1820000000,https://www.rumah123.com/properti/surabaya/hos13850543/,"Di jual rumah mewah siap huni, kamar banyak cocok buat kost2an, bangunan kokoh, row 3 mobil"
06-06-2023,160,320,3,3,0,1,Citraland,SHM,5500,Utara,3300000000,Rumah Siap Huni Citraland Dekat Gwalk | Rumah123.com,RUMAH SIAP HUNI CITRALAND DEKAT GWALK
06-06-2023,264,294,4,3,1,2,Citraland,SHM,2200,Selatan,4890000000,Termurah Rumah Minimalis 2 Lt Siap Pakai Mewah Citraland Gwalk | Rumah123.com,DIJUAL RUMAH MODERN MINIMALIS 2 LTP
06-06-2023,135,140,3,4,0,2,Citraland,SHGB,5500,Selatan,3020000000,https://www.rumah123.com/properti/surabaya/hos13682440/,Minimalis Baru Gress
06-06-2023,120,160,3,3,0,1,Citraland,SHM,3300,Utara,2400000000,https://www.rumah123.com/properti/surabaya/hos13834327/,Rumah Minimalis Full Furnish Cantikk Alam Hijau Citraland
06-06-2023,210,300,4,4,1,1,Graha,SHM,5500,Barat,4750000000,https://www.rumah123.com/properti/surabaya/hos13754743/,Satu-Satunya RUMAH GRRAHA FAMILY
06-06-2023,84,131,3,3,0,2,Graha,SHM,3500,Selatan,2100000000,https://www.rumah123.com/properti/surabaya/hos13754813/,Perumahan Eksklusif DIAN ISTANA
06-06-2023,135,128,4,2,0,2,Pakal,SHGB,2200,Utara,1490000000,https://www.rumah123.com/properti/surabaya/hos12929850/,EX rumah contoh Citraland
06-06-2023,165,93,2,1,0,1,Rungkut,SHM,2200,Selatan,1800000000,Dijual Cepat Rumah Pojok di Taman Rivera Regency Rungkut Dekat Merr | Rumah123.com,3 Menit Dari Kampus UPN
06-06-2023,264,354,4,4,2,2,Citraland,SHM,3500,Selatan,6990000000,https://www.rumah123.com/properti/surabaya/hos13827389/,Premium Cluster Citraland W Vertical Garden Mewah Grade A
06-06-2023,180,189,4,3,0,2,Citraland,SHM,3500,Selatan,3160000000,https://www.rumah123.com/properti/surabaya/hos12515418/,Resort Design Citraland Dp Subsidi 5 Free Biaya Kpr Cbd Gwalk
06-06-2023,80,103,3,2,0,1,Graha,PPJB,3500,Timur,1900000000,https://www.rumah123.com/properti/surabaya/hos13205130/,Brand New Minimalis House Graha Natura Surabaya Barat
06-06-2023,136,180,4,3,0,2,Wiyung,SHM,4400,Selatan,2300000000,https://www.rumah123.com/properti/surabaya/hos11693428/,Dijual Rumah Royal Residence
06-06-2023,300,450,5,5,1,1,Citraland,SHM,3500,Utara,5500000000,https://www.rumah123.com/properti/surabaya/hos9617777/,Minimalis semi furnish
07-06-2023,177,300,7,3,0,2,Rungkut,SHM,3300,Timur,1820000000,https://www.rumah123.com/properti/surabaya/hos13850543/,"Di jual rumah mewah siap huni, kamar banyak cocok buat kost2an, bangunan kokoh, row 3 mobil, lingkungan nyaman dekat dg merr , tol, bandara, dan rungkut industri.. Daerah komersil poll, harga nego tipis."
07-06-2023,197,192,3,2,1,0,Pakal,SHM,1300,,1000000000,https://www.rumah123.com/properti/surabaya/hos13965537/,"Sumber Air PDAM
Carport 1
SHM-Pegang Sendiri
Akses Toll Margorejo, Stasiun Benowo
Bebas banjir
Jalan masuk 2 mobil"
07-06-2023,72,91,3,2,0,1,Wiyung,SHM,Lainnya,,1150000000,https://www.rumah123.com/properti/surabaya/hos11563044/,"Jual Rumah Baru @ Pondok Maritim area Wiyung Surabaya
Modern Minimalis
15 Menit Ke Pakuwon Mall"
07-06-2023,135,128,4,2,0,2,Pakal,HGB,2200,Utara,1490000000,https://www.rumah123.com/properti/surabaya/hos12929850/,"dekat North West
Citraland Utara
dekat Sekolah Citra Berkat
TK SD SMP SMA
dekat Univ Ciputra
dekat RS BDH
dekat Fresh Market Citraland
dekat Pasar tradisionil Kendung
Ada fasilitas di Citraland Utara"
07-06-2023,165,93,2,1,0,1,Rungkut,SHM,2200,,1800000000,https://www.rumah123.com/properti/surabaya/hos13675011/,"* 5 Menit Dari MERR
* 3 Menit Dari Kampus UPN
* Lingkungan Asri & Nyaman
* ROW Jalan 8 Meter (3 - 4 Mobil)
* One Gate System
* Security 24 jam
* Kabel bawah tanah
* Dekat Masterplan JLTT / OERR"
07-06-2023,80,103,3,2,0,1,Graha,Lainnya,3500,Timur,1900000000,https://www.rumah123.com/properti/surabaya/hos13205130/,"Note :
Ã¢â‚¬Â¢ Siap Huni
Ã¢â‚¬Â¢ Minimalis
Ã¢â‚¬Â¢ Baru Gress
Ã¢â‚¬Â¢ Bangun Sendiri
Ã¢â‚¬Â¢ Carport : 1 mobil
Ã¢â‚¬Â¢ Row : 2.5 mobil"
07-06-2023,100,120,4,4,1,1,Kenjeran,SHM,2200,Barat,1600000000,https://www.rumah123.com/properti/surabaya/hos13725966/,"LT 5Ã—20(100mÂ²) ; LB Â±120mÂ² ; 2lantai
Hadap barat
KT 3+1 ; KM 3+1 (atas KM dalam semua)
SHM, IMB Lengkap
Galvalum ; Kusen aluminum
Granit tile 60Ã—60
PLN 2200w ; PDAM"
07-06-2023,126,68,3,2,0,1,Jambangan,SHM,1300,Utara,1700000000,https://www.rumah123.com/properti/surabaya/hos13606622/,"Teras ada area terbuka.
Atap rangka galvalum genteng beton.
Kusen & pintu mix kayu & alumunium.
Air PDAM & Jetpump, ground tank & tandon/toren atas.
Listrik Prabayar 1300 VA.
Kondisi terawat baru dicat ulang.
Menghadap utara.
Dekat Masjid Al Ikhlas Palm Spring Regency"
07-06-2023,191,220,4,3,1,1,Sukomanunggal,SHM,2200,Utara,750000000,https://www.rumah123.com/properti/surabaya/hos12913439/,"Rumah Tinggal Bangunan Kokoh Terawat.
Aset Lelang powered by BRI"
07-06-2023,202,214,2,1,2,1,Gununganyar,SHM,1300,Utara,1750000000,https://www.rumah123.com/properti/surabaya/hos12983961/,"Rumah terawat 15 menit dari pusat kota.
Aset Lelang powered by BRI"
07-06-2023,166,300,4,2,1,1,Jambangan,HGB,2200,Utara,1100000000,https://www.rumah123.com/properti/surabaya/hos12983346/,"Rumah bagus di Jambangan.
Aset Lelang powered by BRI"
07-06-2023,90,90,2,2,0,1,Gununganyar,SHM,1300,,1100000000,https://www.rumah123.com/properti/surabaya/hos13790921/,"SHM-Pegang Sendiri
Akses tol arah waru
Bebas banjir
Jalan masuk 2 mobil"
07-06-2023,102,160,3,3,1,0,Tambaksari,SHM,2200,,1250000000,https://www.rumah123.com/properti/surabaya/hos8270634/,"Selling Point:
- Dekat Kampus UNAIR, ITS, ITATS
- Dekat beberapa RSTernama
- Dekat Sekolah favorit
- Galaxy Mall
- Akses ke Surabaya Timur Bandara Juanda
- Semolowaru/ Pandugo/Rungkut
- Wisata Kenjeran"
07-06-2023,43,60,3,2,1,1,Rungkut,SHM,1300,Selatan,745000000,https://www.rumah123.com/properti/surabaya/hos13753026/,Dijual rumah baru Gress minimalis di area perumahan nol jalan UPN . Ada 56 unit. One gate ada satpam 24 jam Dijamin paling murah. Ã‚Â Rumah tahapan bangun. harga promo 745juta luas 5x8.5. 3kt 2km. Harga promo hanya 615juta. Luas tanah 4 X 8.5. Lb 60. 2kt 2km Ada juga luas tanah 6x8.5 2 lantai 3kt 2km.
07-06-2023,102,100,3,1,0,2,Wiyung,SHM,2200,Timur,850000000,https://www.rumah123.com/properti/surabaya/hos9800753/,"Air PDAM
Hdp Timur
Legalitas SHM
_Values :_
Lantai Granit, Kusen Almini, Pintu Jati
Semi Furnish : Kitchen Set, Meja Makan, Wallpaper, Lampu Gantung."
07-06-2023,105,80,3,2,0,1,Wiyung,HGB,1300,Utara,975000000,https://www.rumah123.com/properti/surabaya/hos10131128/,"Carport : 1
Pagar
Listrik 1300w
Air PDAM
Surat HGB"
07-06-2023,120,60,2,2,0,1,Wiyung,SHM,2200,Selatan,1100000000,https://www.rumah123.com/properti/surabaya/hos9071186/,"Hdp Selatan
Dpn Fasum Taman
Legalitas SHM
Carport : 1 Mobil
Row 2 Mobil"
07-06-2023,96,80,2,1,0,1,Sambikerep,HGB,3500,Selatan,1250000000,https://www.rumah123.com/properti/surabaya/hos13945623/,"Rangka Atap galvalum,
Carport dg Atap Canopy 1 mbl
Jual Cepat Rp 1,25 m saja
Lokasi strategis ..
One gate system
Dekat :
Club House
Surabaya Cambridge School
Margie School dll"
07-06-2023,72,100,2,2,0,1,Wonorejo,SHM,2200,Utara,850000000,https://www.rumah123.com/properti/surabaya/hos12896662/,"4x18, ada 2 rumah jejer, jalan utama komplek perumahan, rencana akan dilalui JLLT, utara , baru gress 2lt."
07-06-2023,50,30,2,1,0,0,Gununganyar,SHM,1300,,600000000,https://www.rumah123.com/properti/surabaya/hos13805985/,"FREE PPN, BPHTB, rumah 1 lt subsidi 10jt
FREE smart door lock,
PLN, dapur, shower, tandon, PDAM, toilet duduk"
07-06-2023,190,150,3,2,0,0,Wiyung,SHM,4400,Tenggara,1550000000,https://www.rumah123.com/properti/surabaya/hos10819989/,"- Rangka atap baja ringan
- kusen pintu jendela aluminium
- Hadap Utara
- listrik 4400 watt token
- SHM
- Furnish"
07-06-2023,34,45,2,2,1,1,Rungkut,SHM,1300,Selatan,678000000,https://www.rumah123.com/properti/surabaya/hos13733734/,"LOKASI STRATEGIS :
- Dekat Dengan UPN
- Dekat Dengan Purimas
- Dekat Dengan Wiguna
- Dekat Dengan Merr
- Dekat Tol Tambak Sumur
- Dekat Dengan Superindo"
07-06-2023,60,40,2,1,0,1,Alun-Alun Contong,SHM,1300,Selatan,440000000,https://www.rumah123.com/properti/surabaya/hos13687847/,"_Belum Pernah Ada Beli Rumah Semudah Ini, Cukup Booking *Fee 1 Juta cicilan mulai 2.2 jutaan*
Sudah Termasuk Free All Biaya"
07-06-2023,72,71,2,2,0,1,Citra Land,HGB,2200,Selatan,1160000000,https://www.rumah123.com/properti/surabaya/hos13880853/,"_Citraland Northwest Central Type Carrera Deluxe_
LT72mÃ‚Â² (6x12) LB71mÃ‚Â²
KT2 KM2
Hdp Selatan, PPJB split bisa KPR
Harga Special Cash 1,16Man"
07-06-2023,131,120,2,1,0,1,Wiyung,SHM,1300,Selatan,550000000,https://www.rumah123.com/properti/surabaya/hos13698325/,"Jl Babatan II No 04 Wiyung
Luas Tanah : 131 m
Luas Bangunan : 120 m
Tidak Dihuni
SHM"
19-09-2023,264,465,6,7,1,2,Citraland,HGB,4400,Selatan,7490000000,https://www.rumah123.com/properti/surabaya/hos14304538/,"DIJUAL
Rumah Modern Minimalis


WATERFRONT CITRALAND

SPESIFIKASI
Luas Tanah : 264 mï¿½
(12 X 22)
Luas Bangunan : 465 mï¿½
2,5 Lantai
Kamar Tidur : 5+1
Kamar Mandi : 6+1
Semi Furnished
Air : PDAM
Listrik : 4400 Watt
Sertifikat : HGB
Hadap : Selatan
Garasi : 1
Carport : 2

Special Features :
- Backyard Patio
- Private Balcony + Roof Garden
- 2 Living Rooms
(Upstair & Downstair)
- Taman Depan & Belakang


?? DIJUAL HARGA : 7,499 M
nego


2306RMJLNAN000"
13-09-2023,72,137,3,3,0,2,Citraland,SHM,3500,Selatan,1700000000,https://www.rumah123.com/properti/surabaya/hos14752760/,"NEW ROOFTOP CITRALAND

Area Northwest Pusat ( Central )

Type favorit COMPACT
Ada Lake View & Non-Lake View

Luas tanah 6x12
Luas bangunan 137m2
Bangunan 2 Dan 3 Lantai Rooftop
3 kamar tidur
3 Kamar mandi
PLN 2200w

Manfaatkan Promo Launching Harga Perdana

Hubungi Segera
"
12-09-2023,153,143,4,1,0,1,Raya A Yani,SHM,4400,Utara,1590000000,https://www.rumah123.com/properti/surabaya/hos14752653/,"DIJUAL RUMAH SIWALANKERTO

DEKAT KAMPUS PETRA
LT 153 (9X17)
LB 140
KT 4+1
KM 1+1
HDP UTARA
SHM
PDAM
LISTRIK 4400 W
CARPORT 1
ROW JALAN 3 MOBIL
HARGA 1.6 M NEGO
Andre Huang"
12-09-2023,60,110,3,3,0,1,Citraland,HGB,1300,,1300000000,https://www.rumah123.com/properti/surabaya/hos14750394/,"Rumah Attic CITRALAND

LT 5ÃƒÂ—12 m
LB 110 mÃ‚Â²
3 BR
3 KM
3 lantai+Attic indoor & outdoor
Sertifikat HGB
Harga 1.3 M an"
13-09-2023,445,600,4,4,0,0,Kalisari,SHM,2200,,4500000000,https://www.rumah123.com/properti/surabaya/hos11432953/,"BHASKARA SARI
LT.445 (15X30)
LB.600++
4KT+GUDANG
4KM
SHM
LISTRIK 13200,13200,2200
KOSONGAN
HARGA 4.5M NEGO (10jt/m2)"
12-09-2023,144,172,4,3,0,0,Pakuwon City,SHM,6600,Utara,3500000000,https://www.rumah123.com/properti/surabaya/hos11299027/,"Rumah Dijual Surabaya RUMAH DIJUAL SIAP HUNI
LONG BEACH MURAH
LT.144M2 (8X18)
LB.173M2
4KAMAR TIDUR +1
3KAMAR MANDI +1
FULL FURNISH
SHM
HADAP UTARA
LISTRIK 6600WATT
HARGA 3.5M NEGO"
12-09-2023,216,267,4,4,0,2,Pakuwon CIty,Lainnya,,Selatan,7500000000,https://www.rumah123.com/properti/surabaya/hos14709036/,"Type DACEY
(Show Unitnya KUWEREN)

LT. 12Ã—18 (216MÂ²)
LB. 267MÂ²
KT 4+1
KM 4+1
SEMUA KAMAR MANDI DALAM
RUANG KELUARGA (SKY LIGHT)
CARPORT LUAS (2MBL LONGGAR)
SELATAN KOSONGAN
HARGA DEVELOPER 7,7M DIJUAL HANYA 7,5M MASIH NEGO SAMPAI DEAL"
18-09-2023,72,94,3,2,0,2,Pakuwon City,SHM,2200,Selatan,1500000000,https://www.rumah123.com/properti/surabaya/hos14367672/,"PREMIUM LOCATION BAKAL Tembus
Akses langsung jalan OERR ( Seperti MERR pada tahun 2000-an
- 10 menit dari Pakuwon City Mall
- 15 menit ke Galaxy Mall MERR

TAHAP 2 Pengembangan dari EASTERN PARK
Development 10 Ha
Dengan fasilitas TERBARU & TERBAIK !
By Kertajaya Indah Regency Group

Rumah start 800jt an
Ruko start 1,6M an

Type di foto :
Luas tanah 6x12 (72m2)
Luas bangunan 94m2
Bangunan 3 Lantai + Ruang Multifunction & Jacuzzi di lantai 3
3 kamar tidur
2 kamar mandi
Carport 2 mobil


Manfaatkan momen
-Harga perdana & Diskon special
-SUBSIDI DP 5% ( Puluhan juta )
- FREE Pajak BPHTB 5%
- FREE AJB
- FREE BBN
- FREE Balik nama"
05-09-2023,300,500,5,5,0,2,Citraland,HGB,5500,Utara,11500000000,https://www.rumah123.com/properti/surabaya/hos14230243/,"*Citraland Bukit Golf*
*New Lux Minimalis Modern House*
KUALITAS LUX PREMIUM SIAP HUNI
LT 300 LB Ã‚Â±500
Dimensi 12x25
2,5 lantai split level
KT 5+1 . KM 5+1
HGB PT (bisa KPR). Hadap Utara
ROW 12 meter
Kusen YKK Finish Good
10 Unit AC
*Harga Jual 11,5M nego*
#BR091"
05-09-2023,180,420,5,6,2,2,Citraland,HGB,2200,Utara,6500000000,https://www.rumah123.com/properti/surabaya/hos14009081/,"*CITRALAND cluster depan dekat Gwalk*
RUMAH BARU MODERN MINIMALIS
LT 180. LB 420
DIMENSI 10x18
2.5 lantai
KT 5+1. KM 6+1
HGB. Hadap Utara
Carport 2. Garasi 2
Private Balcony
Sanitair: Kohler/Grohe + TOTO
AC 2 unit, Smart Home System, CCTV 6 Titik,
Bonus Kitchen Set
Canopy Carport
Vertical Garden
Harga Rp 6,5M
#A4435
"
18-09-2023,210,350,3,4,0,2,Citraland,HGB,3300,Selatan,3650000000,https://www.rumah123.com/properti/surabaya/hos11502409/,"*Turun harga dari ~4,1M~ ke ~3,95M~ turun lagi ke 3,75M!!!! Murah pol!!!! Luar cluster!!!!*

Dijual Rumah Cantik
*Eastwood Citraland*
Modern Minimalis Design
Surabaya Barat

PLUS:
*- Canopy Carport*
*- Halaman DEPAN*

Spesifikasi:
Luas Tanah : 210 m2
( 10 ÃƒÂ— 21 )
L.Bangunan: +/- 350 m2
Bangunan : 2 Lantai
K.Tidur : 3
K.Mandi : 4
Carport : 2 mobil
*(Total masuk 2 mobil)*
Listrik 4400 watt
Hadap : Selatan
Sertifikat : HGB
*( Bisa KPR bank)*


Hubungi:
Vera Ang || Ray White North West Citraland 0812-1697-1xxx"
07-09-2023,345,370,5,4,1,2,Pakuwon Indah,SHM,7700,Selatan,4900000000,https://www.rumah123.com/properti/surabaya/hos14709842/,"DIJUAL MURAH
Pakuwon Indah - Villa Valensia
Modern Minimalis
Taman Asri baik di Depan Rumah dan di Back Garden + Kolam Ikan
Pagar Depan
Siap Huni
Surabaya Barat (Lokasi dekat dgn Pakuwon Mall, Lenmarc, PTC, Supermal)

Dimensi 10x34m
Bangunan 370 m2
2.5 lantai
Kamar tidur 5+1
Kamar mandi 4+1
Garasi 1 mobil Carport 2 mobil
Listrik 5500 Watt
Air PDAM Full
Row jalan 3 mobil
Hadap Selatan - Dingin Sejuk Hawa Segar
Full Furnished + AC 9bh + Water Heater 3bh
Tandon depan tanam bawah + tandon atas tower + water filter + pompa 2bh.
High Ceiling dan Banyak Jendela shg Sirkulasi Udara baik dan Pencahayaan Natural
Cocok utk rumah keluarga dan aman untuk anak2 dan binatang peliharaan kesayangan

Jual 7M>>>> 5.3M >>>>4,9M (Nego)
-ann-"
16-09-2023,102,138,3,3,0,2,Graha,HGB,1300,,2480000000,https://www.rumah123.com/properti/surabaya/hos14276697/,"Rumah Dijual Dian Istana Surabaya

White House by Dian Istana
NEW PREMIUM CLUSTER
Attic Room & Rooftop Patio di Lantai 3 (Opsional)

Spesifikasi
LT 102 (7x14,5)

KT 3+1, KM 3+1

Carport 2 Mobil
Legalitas SHGB

Fasilitas Private Club'House dalam Cluster
Family Park, dll"
30-08-2023,120,180,3,3,0,2,Tandes,"Lainnya (PPJB,Girik,Adat,dll)",,Utara,3100000000,https://www.rumah123.com/properti/surabaya/hos14615135/,"Dijual Rumah Grand Pakuwon Cluster Canberra
HARGA 3,1M nego

Kontraktor pribadi, bukan bangunan developer
LT 120m2 (8x15), LB 180,5m2
Hadap Utara
3+1 kt (2kt di atas k.mandi dalam)
3+1 km
Ada RoofGarden dan area balkon
Carport 2 mobil
Row 3 mobil

Dekat Citraland Graha Royal Wiyung Pakuwon Indah Palma Royal Residence Wisata Bukit Mas Dukuh Pakis Darmo PTC JLLB Surabaya Barat

Ameilia
PropNex BLVD"
29-08-2023,382,500,4,5,2,3,Graha,HGB,5500,Utara-Timur,9900000000,https://www.rumah123.com/properti/surabaya/hos14167397/,"Rumah Dijual Surabaya \ud83d\udd25 *MURAHHHH*

RUMAH GRAHA FAMILI HANYA HITUNG TANAH\u2049\ufe0f
DIJUAL CEPAT SEBUAH HUNIAN MODERN & NYAMAN DI CLUSTER FAVORIT DENGAN FASILITAS PRIVATE CLUB HOUSE\ud83c\udfcaÃ¢Â€Â\u2642\ufe0f

*GRAHA FAMILI BLOK O*
_A Cozy Living In The Favourite Cluster_

Spesifikasi Teknis :
Ã¢Â€Â¢ 2,5 Lantai Split Level
Ã¢Â€Â¢ Dimensi : 15,5x26 m
Ã¢Â€Â¢ LT/LB : 382/500 mÃ‚Â²
Ã¢Â€Â¢ KT/KM : 4+1/5+1
(Semua Kamar Mandi Dalam)
Ã¢Â€Â¢ Sertifikat : HGB Perorangan (Bisa KPR)
Ã¢Â€Â¢ Hadap : Hook (Utara-Timur)
Ã¢Â€Â¢ Daya Listrik : 5500 Watt
Ã¢Â€Â¢ Garasi/Carport : 2/3
Ã¢Â€Â¢ Lantai Granite Tile 100x100"
18-09-2023,601,195,3,3,1,1,Gubeng,HGB,2200,Timur,16500000000,https://www.rumah123.com/properti/surabaya/hos13318139/,"*DIJUAL RUMAH TERAWAT DI TENGAH KOTA SURABAYA, DAERAH KOMERSIAL, JALAN BAWEAN*

LT = 601m2 sesuai sertifikat
LB = 195m2
KT = 3 + 1
KM = 1 + 2
Gudang = 1
Garasi = 1
Carport = 1
Tandon = 1
Listrik = 2200 W
Hadap = TIMUR

*HARGA JUAL = 16.5M nego*

Dekat : Stasiun KA Gubeng, RS Siloam, Delta Plaza, WTC, Grandcity, Kayun, pasar Atum, ITC, Plaza Tunjungan

HUBUNGI :
Agustina - XMark Dian Istana
wa.me/+6285101889xxx"
18-09-2023,530,675,6,3,3,5,Wonokromo,SHM,16500,Selatan,13500000000,https://www.rumah123.com/properti/surabaya/hos14798490/,"Dijual Rumah Bawean Surabaya Pusat Kota Surabaya Ric.a204

Ini barang bagus pasti laku guys

Dijual Rumah Bawean area Surabaya Pusat, Kota Surabaya

Lokasi langka, harga murah, cepat dapat

2 Lantai
LT 530 mÂ²
Dimensi lebar panjang 12m x 45m
LB 675 mÂ²
KT 6+2
KM 3+1
Carport 5
Garasi 3
Hadap Selatan
Posisi Kotak (badan)
Listrik 16500
Air PDAM


Lokasi enak di pusat kota, cocok untuk klinik, cafe, kantor, rumah


Harga Jual (Rp) 13.500.000.xxx Total

Please contact me
Ronny Irawan
XMarks Tjandra Grande
WA/Telp 081330146xxx

IG instagram. com/ronny_cen

klik"
12-09-2023,126,150,3,2,0,2,Gayungan,SHM,2200,Timur,990000000,https://www.rumah123.com/properti/surabaya/hos14735709/,"Bu cpt. Harga Ambyar murah sangat

Dijual Rumah Siap Huni
Â± 100 meter dari Raya A. Yani

*Lokasi Perumahan Gayungan Surabaya*

*Jual Cepat, Harga B.U
Rumah Murah Siap Huni
Di Perumahan Gayungan dkt Ahmad Yani

LT : 126 mÂ². LB Â± 150 mÂ²
Dimensi 7,5Ã—17 m
Bangunan 1.5 lantai
*Legalitas SHM*
KT 3+1 ; KM 2+1
Air PDAM + PLN 2200 watt
Hadap Timur
Ready Carport
Row jl 2 mobil los

*Urgent sangat dijual sangat murah hanya Rp. 1.2 M nego tuipiz*

Pajak masingÂ². Biaya notaris pembeli

Minat Hub
SapTha JAYA Property"
19-09-2023,128,125,3,3,0,2,Wiyung,SHM,3500,Selatan,2050000000,https://www.rumah123.com/properti/surabaya/hos14276825/,"Dijual Cepattt Rumah
Modern Minimalis
*ROYAL RESIDENCE*
Wiyung-Surabaya Barat

Spesifikasi :
LT : 128 mÃƒÂ‚Ã‚Â² (8x16)
Bangunan: 2 Lantai
KT : 3+1
KM: 3+1
Carport : 2 mobilÃƒÂ‚Ã‚ 
Listrik : 3500 watt
Row Jalan : 2,5 mobil
Hadap : Selatan
Sertifikat : SHM
Bonus: Kanopi, Tandon tanam, pompa air

*Harga: 2,050 M nego*

*HUB:GINO FANG*
Ray White Royal Residence
*"
19-09-2023,144,172,4,3,0,1,Pakuwon City,SHM,6600,Utara,3500000000,https://www.rumah123.com/properti/surabaya/hos11299027/,"Rumah Dijual Surabaya RUMAH DIJUAL SIAP HUNI
LONG BEACH MURAH
LT.144M2 (8X18)
LB.173M2
4KAMAR TIDUR +1
3KAMAR MANDI +1
FULL FURNISH
SHM
HADAP UTARA
LISTRIK 6600WATT
HARGA 3.5M NEGO"
19-09-2023,150,300,7,5,1,2,Manyar,SHM,4400,Utara,3250000000,https://www.rumah123.com/properti/surabaya/hos14828635/,"DIJUAL CEPAT Rumah Manyar Tirtoyoso

Rumah Manyar Tirtoyoso
LT : 150m2 (10x15)
LB : 300 m2
2 Â½ Lantai
KT : 6 + 1
KM : 4+1
Kosongan
Hadap : Utara
Garasi+carpot : 1+2
Listrik : 4400 watt
PDAM
SHM
Harga : 3,25 M Nego sampai Deal"
19-09-2023,140,210,4,2,0,2,Kebraon,SHM,2200,Timur-Utara,1400000000,https://www.rumah123.com/properti/surabaya/hos14814505/,"Dijual Rumah Hook Murah Lokasi Kebraon surabaya Barat

Luas tanah 140
Dimensi 10x14
Luas Bangunan 200
Lantai 1
Kamar Tidur 1
Kamar Mandi 2
Carport 2 Mobil
Lantai 2
Kamar Tidur 4
Kamar Mandi 1
Jemuran
Hadap Timur dan Utara
Listrik 2200W
Aer PDAM
Row Jalan 2 Mobil

Harga 1,4M Nego"
19-09-2023,607,1212,3,3,0,2,Genteng,SHM,5500,Utara-Barat,12000000000,https://www.rumah123.com/properti/surabaya/hos13680170/,"Dijual Rumah di Pusat Kota Jalan Jaksa Agung Suprapto, Surabaya
Lokasi strategis, akses mudah dan bebas banjir.
Spesifikasi :
LT : 607 m2
LB : 1.212 m2
2 Lantai
Hook â€“ hadap Utara & Barat
PLN 5500 Watt
1 Line Telepon
3 KT, 3 KM, Kolam Renang
Harga Jual IDR 12 M (Nego)"
19-09-2023,350,420,7,5,0,2,Dharma Husada,SHM,5500,Utara-Timur,7700000000,https://www.rumah123.com/properti/surabaya/hos14831118/,"Rumah Dijual Surabaya RUMAH DHARMAHUSADA INDAH MEWAH, LOKASI BAGUS, DEKAT GALAXY MALL

( LISTING HS1206DTST )

14 X 25 MTR
LUAS TANAH 350 M2
LUAS BANGUNAN 420 M2
KAMAR TIDUR 6 + 1 ( 2 KM DALAM )
KAMAR MANDI 4 + 1
HOOK HADAP UTARA TIMUR
SHM
PDAM / PLN 5500
ROW JALAN 2 MOBIL LONGGAR
HARGA 7,7 M NEGO

FASILITAS: FULL FURNISH, LANTAI GRANIT 80"
20-09-2023,375,500,5,4,2,2,Pakuwon City,SHM,10600,Utara,9890000000,https://www.rumah123.com/properti/surabaya/hos14084043/,"DIJUAL RUMAH PAKUWON CITY FULLY FURNISH sdr

L Tanah: 375mÂ² (15x25)
L Bangunan: 500mÂ²
Lantai: 2
K Tidur: 4+1
K Mandi: 3+1
1 Ruang kantor
Hadap Utara
Sertifikat: SHM
Pln: 10600 Watt
Carport: 2 mobil
Garasi: 2 mobil
Row Jalan: 3 mobil

Bahan:
â— Solahart
â— Kusen YKK Finished goods
â— Granit tile 1m2

FULLY FURNISHED
â— 5 AC Daikin
Aux AC Standing 3pk
â— Huge Walk-in closet
â— Hansgrohe, Toto, bathtub
â— Oven
â— Microwave
â— Kompor Hitachi
â— Toshiba kulkas
â— Electrolux washing machine
â— Osim
â— Sharp dispenser
â—Smart tv 55â€, dll

HARGA: 9,9M nego sampai deal"
20-09-2023,240,580,6,7,3,2,Citraland,HGB,5500,Utara,8100000000,https://www.rumah123.com/properti/surabaya/hos14293137/,"CLUSTER ONE GATE SYSTEM
Ã¢Â–  DEKAT UNIVERSITAS CIPUTRA,
Ã¢Â–  7 MENIT KE GWALK
Ã¢Â–  15 MENIT KE PAKUWON MALL, LOOP GRAHA

RUMAH MINIMALIS MEWAH
CITRALAND Surabaya Barat

LT. 240 LB 580
DIMENSI 12ÃƒÂ—20
BANGUNAN 3 LANTAI
KT 5+1. KM 6+1
(4 MASTER BEDROOM)
HGB. HADAP UTARA
1 GUDANG, 1 RUANG GYM/ RUANG SERBA GUNA
GARASI 3 . CARPORT 2
AIR WTP. LISTRIK 5500 WATT (TOKEN)
*SMART HOME*
*HARGA Rp 8,1M*
#A4423

- Kanopi kaca tempered
- Pintu pagar remote
- 9 AC split
- Water heater
- Taman



*HIGH QUALITY SPECIFICATION*
Ã¢Â–  PONDASI TIANG PANCANG
Ã¢Â–  ANTI RAYAP SISTEM PIPA
Ã¢Â–  ADA 1 RUANG KERJA / KAMAR TAMU + KMR MANDI DALAM
Ã¢Â–  LANTAI GRANITE 90 X 180
Ã¢Â–  RAILLING TANGGA KACA TEMPERED 12MM
Ã¢Â–  SANITAIR TOTO, GROHE
Ã¢Â–  WATER HEATER SENTRAL
Ã¢Â–  PINTU UTAMA KUNCI SMART (SIDIK JARI, KARTU, APLIKASI, PASSWORD & KUNCI MANUAL)
Ã¢Â–  SMART HOME"
20-09-2023,210,170,4,3,1,2,Manyar,SHM,3500,Utara,2200000000,https://www.rumah123.com/properti/surabaya/hos14243521/,"Dijual rumah bagus Nginden intan

Bagus minimalis

Pondasi tinggi

Ada halaman belakang

Lt 10 x 21 , lb 170 m2

KM Mandi 2 + 1 pmbntu

KM Tdr 3+1 pmbntu

listk 4400 watt

garasi 1mbl + carport 2 mbl

Hadap Utara , row jalan lebar.

Harga 2,6 M nego."
20-09-2023,240,290,5,5,1,2,Citraland,SHM,4400,Selatan,4300000000,https://www.rumah123.com/properti/surabaya/hos14276806/,"*TERMURAAAAHH*
Dijual Cepattt Rumah
Baru Gress
*Citraland The Greenlake*
Surabaya Barat

Spesifikasi :
LT : 240 mÃ‚Â²(12x20)
LB : 290 mÃ‚Â²
Bangunan : 2 Lantai
KT : 4+1(ada 2 K.mandi dalam)
KM: 4+1
Legalitas :SHM
Garasi : 1 mobil
Carport : 2 mobil
(Lengkap dgn kanopi depan rooftop)
Listrik : 4400 watt
Row jalan : 3 mobil
Hadap : Selatan

*HARGA : 4,3 M Nego...*

*HUB:GINO FANG*
Ray White Royal Residence
*"
20-09-2023,135,130,5,3,0,1,Gununganyar,SHM,2200,Selatan,1600000000,https://www.rumah123.com/properti/surabaya/hos14794202/,"Dijual Cepattt Rumah
Siap Huni
*Perum.Wiguna Tengah*
*(Gununganyar)*
Surabaya

Spesifikasi :
LT : 135 mÃ‚Â² (9ÃƒÂ—15)
LB : 130 mÃ‚Â²Ã‚ 
Bangunan : 1,5 Lantai
KT : 4+1(ada km dlm)
KM : 2+1
Legalitas: SHM
Hadap : SelatanÃ‚ 
Listrik : 2200 watt
Air : PDAM
Carport : 1 mobil
Row jalan : 2,5 mobil
Rangka atap Galvalum,Tandon air atas dan bawah, Pompa air

*HARGA: 1,6 M Nego*

*HUB:GINO FANG*
Ray White Royal Residence
*"
20-09-2023,336,450,5,5,1,2,Pakuwon City,HGB,11000,Selatan,7700000000,https://www.rumah123.com/properti/surabaya/hos13368781/,"Dijual Rumah Murah Pakuwon city Palm Beach full furnish Mewah Surabaya Timur
.
LT 336 ( 15 x 22.7 )
LB 450
KT 4 + 1 / KM 4 + 1
Hadap selatan
Pln 11.000
Garasi + Carport 2 mbl
Ada gudang
Row jalan 10 meter
SHGB
.
Selling point:
1. Dekat Club House
2. Dekat ke Univ WM
3. Dekat ke Sekolah Xinchong, cita Hati Dan Gloria
4. Dekat Pakuwon Mall
.
Harga Rp 7,7M nego
.
Hub:
Mega
Xmarks Betterland
0812 9953 6xxx"
20-09-2023,345,600,7,6,0,1,Graha,HGB,3500,,16800000000,https://www.rumah123.com/properti/surabaya/hos14839688/,"Rumah full furnished di Graha Family Surabaya ini merupakan bangunan baru dengan model mediteran. Ada 9 unit AC Daikin Thailand dan juga dilengkapi kamar mandi dalam disetiap kamar, ada 2 kamar pembantu + 1 kamar mandi pembantu, ada 1 ruang kerja, gudang serta 1 kamar utama."
20-09-2023,206,200,2,2,1,1,Rungkut,HGB,2200,Selatan,2000000000,https://www.rumah123.com/properti/surabaya/hos14839931/,"DIJUAL RUMAH RUNGKUT HARAPAN SURABAYA RON.A984

SERTIFIKASI SHM
LUAS TANAH : 206 M2
DIMENSI LEBAR : 10 M
DIMENSI PANJANG : 20 M
LUAS BANGUNAN : 200 M2
JUMLAH KAMAR TIDUR : 2
JUMLAH KAMAR MANDI: 2
JUMLAH LANTAI: 1 LANTAI
HADAP RUMAH : SELATAN
FURNISHED ATAU KOSONGAN: KOSONGAN
LISTRIK: 2.200 WATT
AIR: AIR PDAM
ADA LINE TELEPON
TANDON AIR â€“
(BELUM PASANG TANDON)
CARPORT : 1 MOBIL
GARASI : 1-2 MOBIL
ROW JALAN: JALAN KEMBAR
TUSUK SATE ATAU TIDAK : TIDAK
HOOK ( POSISI RUMAH DIPOJOK ) ATAU TIDAK : TIDAK
KULDESAK ( JALAN BUNTU ) ATAU TIDAK : TIDAK

HARGA JUAL 2 M NEGO

Please contact me :
Ronny Irawan
XMarks Tjandra Grande
WA / HP : 081330146xxx

IG : ronny_cen

Klik for more information :
https://www.xaviermarks.com/ronnycen

#RON.A984
#GunakanBrokerAREBI
#IamTheOne"
20-09-2023,60,81,2,2,0,1,Citraland,HGB,,Barat,1500000000,https://www.rumah123.com/properti/surabaya/hos14839955/,"*DIJUAL RUMAH SURABAYA BARAT*

NORTHWEST HILL
Blok NI CITRALAND UTARA"
20-09-2023,180,330,5,2,1,1,Dukuh Pakis,SHM,4400,Selatan,2850000000,https://www.rumah123.com/properti/surabaya/hos14840065/,"DIJUAL CEPAT
Rumah siap huni
DARMO PERMAI Sby barat

Dimensi : 12 x 15
LT : 180
LB : 330
2 lantai
KT : 5
KM : 3
Listrik : 4400
S H M
Hadap : selatan
Row 2 mobil
Harga : 2,85 m nego
Atap gafalum
Atseh"
20-09-2023,156,256,4,3,0,2,Mulyosari,SHM,5500,Utara,3050000000,https://www.rumah123.com/properti/surabaya/hos14840199/,"Rumah Dijual Surabaya *DIJUAL RUMAH SBY TIMUR
Sutorejo Utara .
MODERN MINIMALIS 2 LANTAI (SIAP TINGGAL)

selangkah dari jalan raya mulyosari
300m dari SuperIndo Mulyosari

LT. : 156 M2 ( 9 x 17,5 )
LB : 256 M2
KT : 4 +1
KM : 3+1 (2 KM dalam + 1 KM Luar + 1KM Pembantu)
Carport 2 mobil
Row Jln : 2. Mobil
1. Atap Rooftop
2. Kusen Aluminium,
3. Full Granit Tile 60x60
4.Sanitary full washer (Bathroom Full TOTO)
5,Hadap Utara
6,PDAM
7. PLN 5500
8. Lantai Kayu (Solid Kayu Deluxe) 60 x 60 (Master Bedroom dan 2 Kamar tamu)
9. Pintu Full Kayu Mahony Duco
10. Canopy Galvalum UPVC FULL
11. Kaca Depan Almini Full
12. Row Jalan 2,25(mobil)

SURAT SHM

INCLUDE =
Kitchen Set (Almini)
AC 7 UNIT (6 Haier+1 Panasonic)
Tandon atas stanless + sanyo
Tandon bawah + sanyo
Water heater Panasonic

*Harga 3.050M Bisa NEGO*....."
20-09-2023,72,45,2,1,0,1,Pakal,SHM,2200,Utara,860000000,https://www.rumah123.com/properti/surabaya/hos14837982/,"Dijual Rumah di North West Park Citraland Utara :
Lt : 6x12. Lb : 45. KT : 2. KM : 1
1 lantai SHM Hadap : Utara
Listrik: 2200 watt
Kanopi depan dan belakang"