created_at,LT,LB,KT,KM,garasi,carport,lokasi,sertifikat,listrik,hadap,harga,URL,deskripsi
12-06-2021,60,50,3,2,,,"BSD CITY, TANGERANG",SHM,1300,Selatan,500,https://www.rumah123.com/properti/tangerang/hos9276294/,"Rumah 2 Lantai Akses Strategis, Keamanan 24jam,One gate system. Memiliki fasilitas terdekat yaitu,15 Menit Stasiun rawa buntu,10 Menit Stasiun sudimara, 5 Menit Tol BSD Tol Jorr, 15 Menit Mall AEON, 10 Menit Rs Eka Hospital, 3 Menit RSIA BUAH HATI, 3 Menit RS permata pamulang, 8 Menit RSUD TANGSEL, 5 Menit Kantor WALIKOTA, Akses zonasi sekolah SMAN 2 TANGSEL"
12-06-2021,72,54,2,1,1,1,"CISAUK, TANGERANG",SHM,1300,,480,https://www.rumah123.com/properti/tangerang/hos2510851/,"lokasi strategis dekat gading serpong, dekat aeon mall, dekat kampus Atmajaya, dekat bsd, dekat stasiun cisauk, dekat pasar modern, dekat pom bensin. Harga 480 juta nego tipis
hub waty
hp/wa 0878 8644 3xxx
081381626xxx
Sagentus indonesia"
12-06-2021,60,48,3,2,2,2,"CILEDUG, TANGERANG",SHM,2200,,600,https://www.rumah123.com/properti/tangerang/hos9292316/,"Boston Village Bintaro, Cluster dengan konsep free design suka-suka, lokasi strategis dekat akses toll dan stasiun. Promo khusus minggu ini sebelum naik harga, payment only, dekat pasar modern BSD, teras kota, ocean park BSD, Sekolah Santa Ursula , Al-Azhar, RS Eka Hospital, Bunda Dalima, Medika BSD dan RIS Hospital. Promo Super Menarik Pembelian Unit Di Minggu Ini
Info Hubungi
Ahmad Bustomi Hardi / Tommy
"
12-06-2021,200,225,5,4,,,"LIPPO KARAWACI, TANGERANG",SHM,5500,,4250,https://www.rumah123.com/properti/tangerang/hos8607319/,"DIJUAL RUMAH BARU SELESAI DIBANGUN, LIPPO KARAWACI CENTRAL CLUSTER TAMAN BROMO memiliki kolam renang, memiliki 2 Lantai, AC 7 unit "
12-06-2021,76,123,3,3,,2,"PONDOK CABE, TANGERANG",SHM,2200,,1700,https://www.rumah123.com/properti/tangerang/hos9292695/,"diapit oleh 3 tol besar, JOR 2, Cinere-Jagorawi, dan Cinere-Serpong. Berlokasi kurang dari 5 menit dengan Lapangan terbang Pondok Cabe, 10 menit ke TransJakarta feedeer,
dan 20 menit ke MRT Lebak Bulus"
12-06-2021,60,36,2,1,,1,"CISAUK, TANGERANG",SHM,1300,,830,https://www.rumah123.com/properti/tangerang/hos9292420/,"memiliki fasilitas berupa kolam renang, jogging track, security 24 jam"
12-06-2021,37,72,2,1,1,1,"MAUK, TANGERANG",HGB,2200,,450,https://www.rumah123.com/properti/tangerang/hos9292402/,"Memiliki fasilitas berupa jogging track, security 24 jam"
12-06-2021,72,45,2,1,1,1,"SEPATAN, TANGERANG",SHM,1300,Selatan,148,https://www.rumah123.com/properti/tangerang/hos9292346/,"Akses Bandara Soekarno-Hatta, Jalan Row 10 meter, Children Playground, Musollah, bebas banjir"
12-06-2021,151,120,2,2,1,1,"CIKUPA CITRA JAYA, TANGERANG",SHM,1300,Selatan,760,https://www.rumah123.com/properti/tangerang/hos9292199/,"Lokasi rumah sangat strategis dekat fasilitas pendidikan, mall,Hospital, restoran, dan tempat perbelanjaan (Lengkap dengan Fasilitas),
dekat dengan Universitas ternama ( Universitas ESA Unggul), Area bebas banjir, Harga rumah dijual di Citra Raya sangat bersaing (nilai jual tiap tahun selalu naik),
Potensi kenaikan harga properti per tahunnya (return of investment) 10%"
12-06-2021,160,160,3,2,,,"CIKUPA CITRA JAYA, TANGERANG",SHM,3500,Utara,1200,https://www.rumah123.com/properti/tangerang/hos9292171/,"Memiliki fasilitas AC, Masjid, Taman, Keamanan, dan Jogging Track"
12-06-2021,60,48,3,2,2,2,"PONDOK JAGUNG, TANGERANG",SHM,2200,Tenggara,600,https://www.rumah123.com/properti/tangerang/hos9292105/,"Memiliki lokasi yang strategis yaitu 100 meter Ke Stasiun K.A rawa buntu, dekat dengan sarana ibadah/masji, dekat Pintu Masuk Toll dan Keluar Toll Parigi, Kunciran dan Bsd"
12-06-2021,180,130,3,2,,,"PASAR KEMIS, TANGERANG",SHM,2200,,1500,https://www.rumah123.com/properti/tangerang/hos9291905/,Rumah Bagus Siap Huni Murah Cluster Alam Suvarna Sutera
12-06-2021,78,130,2,2,,,"CISAUK, TANGERANG",SHM,2200,,980,https://www.rumah123.com/properti/tangerang/hos9291581/,"Rumah Bagus Siap Huni Murah Cluster Alam Suvarna Sutera
Lt: 180m² (9x 20), Lb:130m², Kt: 3+1, Km: 3, Sertifikat: SHM, Harga 1.5M
Untuk menjadi orang pertama yang mendapatkan info rumah murah sekitar suvarna sutera dan janji survey bisa langsung saja dengan Darryus Era Fiesta dan jangan lupa catat nomor hp nya"
12-06-2021,72,40,2,1,1,1,"CIKUPA CITRA JAYA, TANGERANG",SHM,1300,Timur,500,https://www.rumah123.com/properti/tangerang/hos9291877/,Keamanan 24 jam dan sangat strategis
12-06-2021,119,119,4,2,,1,"ALAM SUTERA, TANGERANG",SHM,2200,,2200,https://www.rumah123.com/properti/tangerang/hos9291775/,"Lokasi dekat dengan Stasiun Serpong, Stasiun Rawa Buntu, Terminal Shuttle Bus BSD, Xtrans BSD, Terminal Intermoda BSD, Summarecon Serpong, AEON Mall, Pasar Modern BSD,
IKEA Alam Sutera, Living World Alam Sutera, Mall Alam Sutera, The Breeze, Mall Teraskota, ITC BSD"
12-06-2021,90,72,2,1,,1,"GRAHA RAYA, TANGERANG",SHM,2200,Utara,600,https://www.rumah123.com/properti/tangerang/hos9291327/,"Perumahan Griya/Bintaro/Bsd, dekat tol Bintaro atau Alam Sutera
Sekolah International, Rumah Sakit Pusat Perbelanjaan"
12-06-2021,250,360,5,4,1,1,"BENDA, TANGERANG",SHM,4400,Timur,2900,https://www.rumah123.com/properti/tangerang/hos9291297/,"Memiliki lantai granit, 1 gudang, Water heater, 3 unit AC, dan 2 exhaust fan"
12-06-2021,144,117,3,3,,1,"BANJAR WIJAYA, TANGERANG",SHM,2200,Utara,1950,https://www.rumah123.com/properti/tangerang/hos9291250/,"Lokasi rumah berada di boulevard perum banjar wijaya, Lingkungan rumah yang sudah padat penghuni, memiliki keamanan, Lokasi rumah dekat dengan pasar modern banjar wijaya,
Lokasi rumah dekat dengan pasar modern banjar wijaya, memiliki club house, di dalamnya ada kolam renang, tennis, tennis meja, bulutangkis, jogging track, taman bermain anak, memiliki pasar modern, ada tempat ibadah."
12-06-2021,96,75,3,2,,2,"CILEDUG, TANGERANG",SHM,2200,Barat,600,https://www.rumah123.com/properti/tangerang/hos9291208/,"dekat dengan akses tol bsd, stasiun rawa buntu dll."
12-06-2021,60,48,3,2,,,"SERPONG, TANGERANG SELATAN",SHM,2200,Tenggara,600,https://rumahdijual.com/bintaro/11733088-rumah-mewah-harga-termurah-2lt-600jtaan-dkt-nusa-loka.html,"memiliki type hunian boston village, berdiri dilokasi berkembang dan strategis, memiliki promo yaitu: Free Biaya Surat Surat, AC, dan Canopy
Hub : arifin"
12-06-2021,276,441,4,4,2,2,"BSD CITY, TANGERANG",,11000,Timur Laut,13000,https://www.rumah123.com/properti/tangerang/hos9124638/,"Miliki Hunian Eksklusif dengan akses langsung ke Botanical Club 10 Ha dan seberang dengan country club, fitur termewah dan fasilitas terbaik
Private Lift By Mitsubhisi 200 kg, AC, Smart Home System, Imported Marmer, 11.000 Wat, Security 24 Jam + CCTV, Masih banyak benefit lainnya"
12-06-2021,160,120,3,2,,1,"BSD, TANGERANG",SHM,2200,,1200,https://www.rumah123.com/properti/tangerang/hos9292593/,"Dekat dengan berbagai fasilitas seperti :
Sekolah Negeri dan Swasta, Kampus, Tempat ibadah, Rumah sakit, Pusat perbelanjaan, Stasiun, Pintu tol
More info :
0821 3494 3xxx RN
0821 1238 5xxx LH"
12-06-2021,224,184,3,3,,,"BSD, TANGERANG",SHM,2200,,1250,https://www.rumah123.com/properti/tangerang/hos9292607/,"Dekat dengan berbagai fasilitas seperti :
Sekolah Negeri dan Swasta, Kampus, Tempat ibadah, Rumah sakit, Pusat perbelanjaan, Stasiun, Pintu tol
More info :
0821 3494 3xxx RN
0821 1238 5xxx LH"
12-06-2021,90,108,3,2,,1,"CIPONDOH, TANGERANG",SHM,2200,Selatan,1550,https://www.rumah123.com/properti/tangerang/hos9292601/,"Akses Toll karang tengah, Cluster, Dekat Royal Mandaya Hospital, Ramai"
12-06-2021,216,140,3,2,,4,"BSD, TANGERANG",SHM,2200,,1700,https://www.rumah123.com/properti/tangerang/hos9292599/,"Dekat dengan berbagai fasilitas seperti :
Sekolah Negeri dan Swasta, Kampus, Tempat ibadah, Rumah sakit, Pusat perbelanjaan, Stasiun, Pintu tol
More info :
0821 3494 3xxx RN
0821 1238 5xxx LH"
12-06-2021,189,100,3,2,,1,"BSD, TANGERANG",SHM,2200,,1800,https://www.rumah123.com/properti/tangerang/hos9292626/,"Dekat dengan berbagai fasilitas seperti :
Sekolah Negeri dan Swasta, Kampus, Tempat ibadah, Rumah sakit, Pusat perbelanjaan, Stasiun, Pintu tol
More info :
0821 3494 3xxx RN
0821 1238 5xxx LH"
12-06-2021,265,100,3,2,,2,"BSD, TANGERANG",SHM,2200,,2400,https://www.rumah123.com/properti/tangerang/hos9292585/,"Dekat dengan berbagai fasilitas seperti :
Sekolah Negeri dan Swasta, Kampus, Tempat ibadah, Rumah sakit, Pusat perbelanjaan, Stasiun, Pintu tol
More info :
0821 3494 3xxx RN
0821 1238 5xxx LH"
12-06-2021,162,180,3,3,,1,"BSD, TANGERANG",HGB,2200,Timur,1490,https://www.rumah123.com/properti/tangerang/hos9292516/,"Dijual SECARA LELANG
Rumah 2 lantai di PROVENCE PARKLAND BSD dengan lingkungan yang sangat tenang dan nyaman terletak di tengah kota BSD serta akses yang mudah dicapai melalui TOL Bsd.
Dekat dengan :
Pusat Onderdil mobil autopart BSD, RS eka hospital, RS medika BSD, ITC BSD, Teras Kota, Ocean Park, Pasar modern BSD, dan masih banyak lagi tempat tempat publik yang dekat."
12-06-2021,90,125,3,2,,,"BSD CITY, TANGERANG",SHM,2200,,1600,https://www.rumah123.com/properti/tangerang/hos9292515/,"Dekat dengan berbagai fasilitas seperti :
Sekolah Negeri dan Swasta, Kampus, Tempat ibadah, Rumah sakit, Pusat perbelanjaan, Stasiun, Pintu tol
More info :
0821 3494 3xxx RN
0821 1238 5xxx LH"
12-06-2021,144,130,3,2,,1,"BSD, TANGERANG",SHM,2200,,1250,https://www.rumah123.com/properti/tangerang/hos9292615/,"Dekat dengan berbagai fasilitas seperti :
Sekolah Negeri dan Swasta, Kampus, Tempat ibadah, Rumah sakit, Pusat perbelanjaan, Stasiun, Pintu tol
More info :
0821 3494 3xxx RN
0821 1238 5xxx LH"
12-06-2021,84,85,3,2,,1,"BSD EMINENT, TANGERANG","lainnya(PPJB, GIRIK, ADAT, dll)",,Utara,2050,https://www.rumah123.com/properti/tangerang/hos9292494/,"PPJB siap AJB, luas tanah 84m², luas bangunan 85m², kamar tidur 3, kamar mandi 2, hadap Utara
"
12-06-2021,155,100,3,2,,1,"BSD, TANGERANG",SHM,2200,,1050,https://www.rumah123.com/properti/tangerang/hos9292559/,"Dekat dengan berbagai fasilitas seperti :
Sekolah Negeri dan Swasta, Kampus, Tempat ibadah, Rumah sakit, Pusat perbelanjaan, Stasiun, Pintu tol
More info :
0821 3494 3xxx RN
0821 1238 5xxx LH"
12-06-2021,534,1000,5,6,6,2,"BSD, TANGERANG",SHM,16500,,15500,https://www.rumah123.com/properti/tangerang/hos9292705/,"New Home
RUMAH MEWAH TAMAN TIRTA GOLF BSD, Lt/lb: 534/1000, 3lantai, Daya Listrik: 16500w, KT/KM: 5+3KT, 6+2KM, Garasi: 6mobil + 2carport, Swimming pool, ada akses lift, ruangan jenset, ruangan GYM, open 15.5M, (Ea)
Hubungi:
Novi Zhu
Era fiesta suvarna sutera"
12-06-2021,128,88,3,3,,1,"BSD THE ICON, TANGERANG","lainnya(PPJB, GIRIK, ADAT, dll)",2200,Tenggara,95,https://www.rumah123.com/properti/tangerang/hos9292518/,"Hi Direct Buyer...
Dijual Rumah The Icon BSD City
Spesifikasi: Lt 128 m2 ( 8 x 18 ), Lb 88 m2, Kt 3+1, Km 3+1, Posisi Badan, Hadap Selatan, Surat PPJB, Harga 2.2M Nego
"
12-06-2021,105,45,2,1,,2,"BSD THE ICON, TANGERANG","lainnya(PPJB, GIRIK, ADAT, dll)",,Selatan,1550,https://www.rumah123.com/properti/tangerang/hos9292474/,"PPJB, Luas tanah 105m², Luas bangunan 45m², Kamar tidur 2, Kamar mandi 1, Canopi tinggi Alderon, Hadap Selatan, Halaman belakang sudah di plur"
12-06-2021,205,298,4,4,2,2,"BSD CITY, TANGERANG",SHM,4400,,4700,https://www.rumah123.com/properti/tangerang/hos9292736/,"Rumah Baru di The Green Cluster Vineyard BSD City
Akses mudah dan strategis dekat pintu tol Jorr, stasiun KRL Rawabuntu, dan dekat ke semua fasilitas terbaik di BSD City
Luas Tanah 205m², Luas Bangunan 298m², Type Hook, Kamar tidur 4+1, Kamar mandi 4+1, Garasi + carport 2 mobil, Ppjb siap ajb, Harga 4,7M nego
Hubungi TLP/WA ke 083879903xxx"
12-06-2021,128,88,3,3,,1,"BSD THE ICON, TANGERANG","lainnya(PPJB, GIRIK, ADAT, dll)",2200,Selatan,2200,https://www.rumah123.com/properti/tangerang/hos9292456/,"Hi Direct Buyer...
Dijual Rumah The Icon BSD City
Spesifikasi: Lt 128 m2 ( 8 x 18 ), Lb 88 m2, Kt 3+1, Km 3+1, Posisi Badan, Hadap Selatan, Surat PPJB, Harga 2.2M Nego
"
12-06-2021,96,138,4,3,,,"BSD THE ICON, TANGERANG",SHM,,,2300,https://www.rumah123.com/properti/tangerang/hos9292234/,"SHM, LT 96, LB 138, KT 4+1, KM 3+1, Bonus kitchen set + bathup+smart doorlock+smart wall switch"
12-06-2021,295,272,4,3,,2,"BSD DELATINOS, TANGERANG","lainnya(PPJB, GIRIK, ADAT, dll)",2200,Utara,5500,https://www.rumah123.com/properti/tangerang/hos9292268/,"Rumah bagus terletak di BSD City dengan lingkungan yang asri dan tertata rapi.
Lokasi mudah terjangkau, dekat dengan sekolah, universitas, stasiun kereta api, pasar modern dan Mall AEON
Informasi lebih detail hubungi:
Wanda (Victory Property)
0816 116 86 74 (WA/Call/SMS)
0813 171 xxx 73 (WA/Call/SMS)"
12-06-2021,96,138,4,3,,1,"BSD THE ICON, TANGERANG",SHM,2200,,2300,https://www.rumah123.com/properti/tangerang/hos9292204/,"Dijual
Rumah Brand New, Lokasi di BSD, The Icon Cluster Eastern Cosmo, Strategis, dekat ke kawasan Green Office Park yang didalamnya ada Gedung Sinarmasland, Grha Unilever, Campus Traveloka, dan banyak perusahaan terkemuka lainnya, Akses mudah, dekat ke akses tol dan stasiun/pasar intermoda
Luas Tanah 96m², Luas Bangunan 138m², Kamar Tidur 4+1, Kamar Mandi 3+1, Bonus kitchen set + bathtub+smart doorlock+smart wall switch, SHM, Harga negotiable
Untuk janji survey dan info property lainnya silahkan menghubungi kami L.J.Hooker Serpong dengan Sonya, 087778502xxx"
12-06-2021,60,48,3,2,2,2,"BSD CITY, TANGERANG",SHM,2200,Selatan,600,https://www.rumah123.com/properti/tangerang/hos9292015/,"BOSTON VILLAGE BSD- BINTARO
Akses 100 Meter dari Pintu Stasiun KA.RAWABUNTU, Rumah 2 lantai dengan konsep bangunan dari perpaduan antara Classic dan Modern yang jarang dimiliki developer lain,
Cluster ini lokasinya berada di kawasan sekitaran bsd dan dibangun oleh PT.PADJAJARAN MATARAM PROPERTY yaitu developer yang sangat aman dan terpercaya di wilayah tangerang selatan. Mengapa terpercaya?Karena kita memberikan bukti bukan janji
Jamin lokasi kami juga lengkap dengan kebutuhan anda."
12-06-2021,128,90,2,1,,1,"BSD DELATINOS, TANGERANG",SHM,1300,,1650,https://www.rumah123.com/properti/tangerang/hos9291994/,"Dijual cepat rumah standar di Delatinos BSD. Posisi di boulevard cluster, 2 jalur. Lingkungan cluster dengan keamanan 24 jam dan dilengkapi dengan berbagai fasilitas seperti sport center (Kolam renang, lapangan tenis, tempat gym), jogging track dan komersial area. Lokasi strategis dekat dengan pintu tol BSD, stasiun kereta api (rawa buntu). 15 menit ke The Breeze, AEON Mall dan ICE BSD. 10 menit ke Eka Hospital, Sekolah dan Perbankan, 15 menit ke pasar modern BSD. Berikut spesifikasinya:
Lt / Lb : 128 / 90, Kt / Km : 2 / 1, Surat SHM, Harga Rp. 1.65 Milyar Nego
More Detail:
Linda - Ray White Serpong BSD
081315293xxx"
12-06-2021,385,380,5,5,,2,"BSD, TANGERANG",HGB,,,5900,https://www.rumah123.com/properti/tangerang/hos9291967/,"The Green Cluster Manhattan Forum, Lt 385 LB 380 kt 5+1 km 5+1, Surat HGB, Harga 6,2 M NEGO, Turun jadi 5,9M, HubungiNovie Realita - Era Fiesta 0812 90537725"
12-06-2021,184,125,3,2,,,"BSD NUSALOKA, TANGERANG",SHM,,,1950,https://www.rumah123.com/properti/tangerang/hos8755981/,"Spec : LT 184 MÂ², LB +/- 125 MÂ², KT 3+1, KM 2+1, SHM, Hadap Barat, Bentuk Tanah lebar di belakang, Depan Taman, Lantai Roman Granite 60x120, Kitchen set, Strategis dekat Toll & Pasar Modern BSD, Harga--> 1.95 Nett, Hub. : IRMA - MB PRO BSD 085716434xxx"
12-06-2021,105,105,2,2,,1,"BSD THE GREEN, TANGERANG","lainnya(PPJB, GIRIK, ADAT, dll)",,Utara,2300,https://www.rumah123.com/properti/tangerang/hos9291954/,"DIJUAL Rumah 2 Lantai Bangunan Standart, Posisi dpn Taman, Bsd The Green, Lt 105 Lb 105, Kt 2 Km 2, Ac, wheater,gorden, Listrik 2200watt, Air Pam, PPJB, Harga Rp 2,( nego )
Info survey hubungi agen :Shary 081287898xxx"
12-06-2021,320,225,3,3,1,1,"BSD THE ICON, TANGERANG","lainnya(PPJB, GIRIK, ADAT, dll)",4400,Barat Daya,5300,https://www.rumah123.com/properti/tangerang/hos9291935/,"Rumah cluster, siap huni, bersih terawat, lingungan asri The ICON. Dekat dengan AEON Mall, Universitas Prasetiya Mulya dan Atmajaya, Sinar Mas World Academy, BSD Green Office Park, Indonesia Convention Exhibition (ICE), stasiun kereta Rawa Buntu dan stasiun kereta Serpong
Informasi lebih detail hubungi:
Wanda (Victory Property)
0816 116 86 74 (WA/Call/SMS)
0813 171 xxx 73 (WA/Call/SMS)"
12-06-2021,385,380,5,5,,2,"BSD THE GREEN, TANGERANG",HGB,,,5900,https://www.rumah123.com/properti/tangerang/hos9291913/,"FOR SALE
The Green Cluster Manhattan Forum, Lt 385 LB 380 kt 5+1 km 5+1, Surat HGB, Harga 6,2 M nego, Turun jadi 5,9M, iwan, 0878 726 7xxx6, ERA Fiesta alsut"
12-06-2021,625,500,5,3,,2,"BSD, TANGERANG",SHM,5500,,12500,https://www.rumah123.com/properti/tangerang/hos9291880/,"Di Jual Rumah di Bsd, Aman dan Nyaman, Komplek The Green, BSD Serpong"
12-06-2021,300,255,5,5,2,2,"BSD, TANGERANG",SHM,4400,,6500,https://www.rumah123.com/properti/tangerang/hos9291797/,"DIJUAL rumah siap huni di GREEN COVE @ BSD CITY, LT 300 (12x25), LB 255, KT 4+1, KM 4+1, SHM, Garasi + Carport 1 mobil, Listrik 4,400, Hadap Selatan, Furnish : AC 5 unit, Water Heater 3 unit, Kitchen Set, Kompor Gas, Kulkas 2 pintu, H. Jual Rp. 6,5 Milyar (nego)"
12-06-2021,534,1000,8,8,6,6,"BSD, TANGERANG",SHM,16500,,15500,https://www.rumah123.com/properti/tangerang/hos9291764/,"Dijual rumah brand new TAMAN TIRTA GOLF BSD
Lt/lb: 534/1000, Daya Listrik: 16500w, KT: 5+3, Km 6+2, Garasi: 6mobil, 2carport, Swimming pool, SHM, HARGA 15,5M"
12-06-2021,162,153,3,3,,1,"BSD PROVANCE PARKLAND, TANGERANG",SHM,,Tenggara,2410,https://www.rumah123.com/properti/tangerang/hos9291752/,"Dibawah pasaran, Rumah Lelang, Perumahan provence parkland blok A., BSD city, LT 162m², LB 153m², 2 lantai, 3 +1 kamar tidur, 3 +1 kamar mandi, Harga sudah termasuk : Harga limit, BPHTB, Bea lelang, BN Sertifikat, Tunggakan PBB, Succes fee, B. Pemenangan Lelang, B Pengosongan /kerohiman, Harga Paket all in biaya Rp. 2.415.377.xxx, CASH ONLY, Pasaran kisaran 2,7m, Era Star, Hub.
Owen Lie, No tlp 0811 573 xxx"
12-06-2021,90,100,3,3,,,"BSD NUSALOKA, TANGERANG","lainnya(PPJB, GIRIK, ADAT, dll)",2200,Timur,1600,https://www.rumah123.com/properti/tangerang/hos9291734/,"Di jual, Rumah baru, Nusa loka park BSD city, Row jalan 9, Kitchen set, Halaman belakang, Belakang rumah taman, Fengsui Timur, Spesifikasi, Lt lb : 90 / 100, Kt km : 3 / 3, Surat : ppjb, Harga : 1.6m nego"
12-06-2021,96,110,3,3,,2,"BSD CITY, TANGERANG","lainnya(PPJB, GIRIK, ADAT, dll)",4400,Utara,2600,https://www.rumah123.com/properti/tangerang/hos9291658/,"Dijual cepat Rumah baru di bsd city, LT: 96(8×12) , LB: 110 , KT: 3+1, KM: 3+1, Rp. 2.6 miliar, unFurnished, (Cluster amarine Kawasan The Mozia BSD City), Rumah siap huni dengan konsep modern dan pohon yang rindang , membuat Cluster the Mozia nyaman untuk di huni.Selain Itu Lokasi Cluster Mozia Sendiri Berada di Tengah Pusat Kota BSD CITY serta Dekat Dengan Fasilitas Yang Telah Tumbuh Antara Lain : Aeon mall, Ice conference, Qbic, Kampus atma jaya, sekolah Al azhar dll,  Hotel Ocean Park, Toll BSD, Stasiun krl Cisauk, Cash/kpr, Harga negotiable, Murti Hp.0852-15138532"
12-06-2021,60,70,3,3,,2,"BSD, TANGERANG",SHM,2200,,1350,https://www.rumah123.com/properti/tangerang/hos9291685/,"Hunian mewah Harga murah lokasi strategis dan bebas Banjir, dekat dengan perkantoran, sarana umum, stasiun, Pintu Tol ,sekolah. Harga Di Jamin murah cara bayar fleksibel. Dapatkan segera unitnya sebelum ke Habisan."
12-06-2021,474,500,6,5,4,2,"BSD DE PARK, TANGERANG",SHM,23000,Utara,12500,https://www.rumah123.com/properti/tangerang/hos9291673/,"LT 474, LB +/- 500 (full renovated), KT 6+2, KM 4+1, Powder Room 1, Full Furnish (kecuali grand piano), Furniture branded, Kitchen Set by Matric Kitchen, Fasilitas : Swimming Pool,  Garasi (2 cars),  Carport (2 cars), Basement, Service Area, Laundry Area, Garden spesial design,dinding batu alam paras Bali, PLN 23.000 VA, Hadap UTARA, FOR SALE 12,5M !!!"
12-06-2021,250,380,6,4,1,1,"BSD, TANGERANG",SHM,5500,Barat,5050,https://www.rumah123.com/properti/tangerang/hos9291618/,"Rumah di kawasan BSD, Luas tanah : 250 m2, Luas bangunan : 380 m2, Kamar tidur : 6 + 1, Kamar mandi : 4 + 2, Listrik 5.500 w, Carport 1, 2 lantai, Hadap Barat, Surat SHM, Sewa : 200 jt / nego, Harga : 5.050 M / nego, Yati Gading Pro 085882195xxx"
12-06-2021,385,380,5,5,,,"BSD CITY, TANGERANG",HGB,,,5900,https://www.rumah123.com/properti/tangerang/hos9291586/,"FOR SALE, The Green Cluster Manhattan Forum, Lt 385 LB 380 kt 5+1 km 5+1, Surat HGB, Harga 6,2 M negoTurun jadi 5,9M, LENNY G, ERA Fiesta BSD, 081390207xxx"
12-06-2021,180,220,3,3,,1,"BSD, TANGERANG",SHM,3300,Utara,3450,https://www.rumah123.com/properti/tangerang/hos9291462/,"Rumah Cantik Siap Huni Di BSD Tangerang Selatan. memiliki lokasi strategis dekat jalan raya Bintaro-BSD, 10 Menit ke Jalan Tol, dekat Stasiun Kereta Api Rawa Buntu dan Serpong, dekat Ke Rumah Sakit, Klinik, Apotik, Dekat ITC BSD, AEON Mall, Supermarket, Kuliner2, dekat Pasar Modern BSD, Akses tol BSD-Jakarta, BSD-Bandara, dekat Sekolah : SD, SMP, SMU, Kampus, dekat Rumah Sakit, Klinik, Apotik, keamanan 24 Jam, Bebas Banjir. Hubungi: Melda - Deasy, 0811135xxx"
12-06-2021,78,125,4,2,,1,"BSD DUTA BINTARO, TANGERANG",SHM,1300,,950,https://www.rumah123.com/properti/tangerang/hos9291365/,"Rumah di jual cepat, Perumahan Duta Bintaro, Lokasi strategis, Dekat pintu toll alam sutera,ikea,mall alam sutera, Dekat RS insan permata,RS permata ibu,RS omni, Dekat pasar modern,sekolah,binus, LT 78M, Lb -+150M, Bangunan 2 lantai, Kamar 5, Kmr mandi 3, Sertifikat Hak Milik, Harga 950Jt, nfo Hub Linda"
12-06-2021,160,110,3,1,,,"BSD CITY, TANGERANG",SHM,2200,Timur,2440,https://www.rumah123.com/properti/tangerang/hos9283633/,"Strategis dekat sekolah SD Raudah, sekolah Al Azhar, TK Solideo, Pasar modern, Rs Eka Hospital, tol Jakarta Serpong, stasiun Rawabuntu BSD, Ocean Park, AEON mall, ICE BSD, kampus Atmajaya, UMN, Prasetya Mulya."
12-06-2021,96,75,3,2,,,"BSD, TANGERANG",SHM,2200,Barat,600,https://www.rumah123.com/properti/tangerang/hos9291301/,"Green Grass Ciater Bsd City, Harga di atas type 60/50, Temukan Property Terbaik Anda Di Hunian 2 Lantai Modern ekslusif & Asri Di BSD CITY hunian yg sangat menguntungkan bagi para investor karena terletak di pusat kota modern BSD Tangsel dan Kita ada promo penghabisan stok unit segera survey langsung ke lokasi karena stok unit sangat terbatas, Type 96/75, Hard cash keras nego sampai dil, Limited Edition, Limited Stock, Show Unit Terbatas, 1000% Termurah di Kawasan Bsd City, Lokasi yang sangat super strategis & Terjangkau Semua Akses Bsd"
12-06-2021,98,70,2,1,,,"BSD CITY, TANGERANG",SHM,2200,,1140,https://www.rumah123.com/properti/tangerang/hos9291199/,"LT:98 LB: 70, KT: 2 KM: 1, Listrik 2200 watt, Air PDAM, Legalitas SHM, Rumah sudah direnovasi, lahan belakang sudah dicor untuk dikembangkan. Lokasi depan taman. Cluster tertutup dipantau cctv dan akses masuk menggunakan kartu boomgate. Harga Rp. 1.140M nego"
12-06-2021,335,240,3,3,2,2,"BSD CITY, TANGERANG",SHM,10600,,4700,https://www.rumah123.com/properti/tangerang/hos9291173/,"LT 335 m2, LB 240 m2, KT 3 + 1, KM 3 + 1, Listrik 10.600 kva, Sertifikat SHM, Hadap Timur Laut, Home theatre 1, Gudang 1, Garasi 2 mobil, Carport 2 mobil, AC 6 unit, Water heater 1 unit, Kitchen set, Kompor modena, Mesin cuci, Meja billiard, Taman depan dan belakang, Harga 4.7M nego"
12-06-2021,241,250,4,3,,,"BSD CITY, TANGERANG",SHM,3500,,3850,https://www.rumah123.com/properti/tangerang/hos9291045/,"LT. 241 m, LB. 250 m (Estimasi Pemilik), KT. 4 + 1, KM. 3 + 1, Mushola: 1, Dapur: 1, Gudang: 1, Listrik: 3.500 Watt, Air: PAM BSD, Legalitas: SHM, Harga: 3.850.000.xxx,- Nego"
12-06-2021,234,300,5,5,,2,"BSD, TANGERANG",HGB,4400,,3900,https://www.rumah123.com/properti/tangerang/hos9291030/,"Dijual Rumah Cluster Anthea BSD, Luas tanah 234m2, Luas bangunan 300m2, 2 tingkat+1 tingkat untuk gudang, Kamar tidur 5+1, kamar mandi 5+1, Listrik 4400watt, Harga Rp. 3,9 M (nego)"
12-06-2021,77,70,3,2,,1,"BSD GREEN WICH, TANGERANG","lainnya(PPJB, GIRIK, ADAT, dll)",,Utara,1600,https://www.rumah123.com/properti/tangerang/hos9291013/,"Rumah nyaman di Cluster Hyland Greenwich BSD, Harga Rp 1.6 M, Luas tanah 77 m2, Luas bangunan 70 m2, Kamar tidur 3, Kamar mandi 2, PAM, 2200 watt, Ppjb siap Ajb, Revky Netpro"
12-06-2021,276,441,4,4,,,"BSD FORESTA, TANGERANG",SHM,,,14000,https://www.rumah123.com/properti/tangerang/hos9290792/,"LAUREL NAVA PARK by HONGKONG LAND & SINARMAS LAND, Lokasi dekat Country Club, Konsep Modern Tropical Living, Akses langsung ke Green Office Park, Type 12, 12x23, 4 carport, 4+1 KT, 4+1 KM, 1 powder room, 3 lantai (1 lantai LG), Floor to celling lt dasar 3,5m, Lt 1 - lt 2 3,5m, Lt 2 - lt 3 3,7m, Living & dining 6,7m, Ada 3 main gate (west , south , north), Reward : Harga perdana disc up to 10%, Cara bayar : Cash bertahap 24x jadi cash bertahap 24 + 6 (selama masa launching +6 bln), Kpr dp 20% - 12x + 5x (selama masa launching +5 bln)"
12-06-2021,276,441,5,5,,,"BSD CITY, TANGERANG",HGB,3500,,12600,https://www.rumah123.com/properti/tangerang/hos9290751/,"Rumah Dijual Tangerang , Hot, rumah sultan terbaru bsd, cluster baru laurel @navapark, developer sinar mas land & hongkong land, view botanic park seluas 10 ha, lokasi laurel sangat strategis selangkah ke botanical park & country club yang dapat diakses dari gerbang barat dan gerbang utara, tahap 1 hanya 20 unit (20 unit pertama posisi persis di sebelah botanical park) , total 75 unit, hanya ada 2 tipe : no.1 lt 230, lb 370,  dimensi 10x23, kt 4 + study room mulai 12 man (blm trmsk disc).  no.2 lt 276, lb 441, dimensi 12 x23, kt 4 + study room,  mulai 14 m-an (blm trmsk disc), free pembelian unit laurel : private lift by mitsubhisi 200 kg,  ac, smart home system imported marmer 11.000 va, security 24 jam + cctv. Free lainnya : harga perdana discount early bird 10% cara bayar cash bertahap sampai dengan 24x + 6x, kpr dp 20% bisa di cicil 12x + 5x bonus early bird, free membership navapark 2 th (family package)."
12-06-2021,150,200,3,2,,,"BSD CITY, TANGERANG",SHM,5500,,4100,https://www.rumah123.com/properti/tangerang/hos9290709/,"LT 150 m2, LB 200 m2, KT 3 + 1, KM 2, Listrik 5.500 watt, Sertifikat SHM, 3 Unit AC, Pam BSD, Meja dapur marmer ujung pandang, Kompor tanam Modena, BEBAS BANJIR, LOKASI STRATEGIS"
12-06-2021,93,93,2,1,,1,"PAGEDANGAN, TANGERANG",SHM,1300,Utara,575,https://www.rumah123.com/properti/tangerang/hos9291136/,"Lokasi di belakang sekolah SD dekat dengan akses keluar perumahan menuju ICE BSD, ada 2 akses alternative yaitu ke Jl. Raya Pagedangan dan ke Jl. Menuju Vanya Park BSD."
12-06-2021,72,70,3,2,,1,"KARAWACI, TANGERANG",SHM,2200,,756,https://www.rumah123.com/properti/tangerang/hos9291103/,"Lokasi strategis dekat ke Supermall Lippo Karawaci, Summarecon mall, Mall Ciputra, RS ibu dan anak Keluarga kita, Sarana perbelanjaan, Sarana ibadah, Sarana pendidikan. Dilengkapi dengan free BPHTB, Canopy, AJB, balik nama, Canopy, dan member Aquaplay 2 tahun."
12-06-2021,315,250,3,3,3,3,"PONDOK CABE, TANGERANG",SHM,5500,,3000,https://www.rumah123.com/properti/tangerang/hos9291112/,"lokasi dekat fasum, pizza HUT, Starbuck, KFC, ACE RS, sekolah internasional, dan dekat toll JORR 2"
12-06-2021,202,136,3,2,,1,"GADING SERPONG, TANGERANG",SHM,2200,Timur Laut,2900,https://www.rumah123.com/properti/tangerang/hos9290510/,"Memiliki fasilitas keamanan, AC, Taman, Jogging Track, dan Kolam Renang"
12-06-2021,48,62,2,2,,1,"GADING SERPONG, TANGERANG",SHM,2200,Selatan,972,https://www.rumah123.com/properti/tangerang/hos9290843/,"Lokasi 5 menit to QBIG, 10 menit to AEON, 10 menit to Rs. Carolus, 10 menit to UMN
"
12-06-2021,99,90,3,3,,,"CISAUK, TANGERANG",HGB,2200,,2700,https://www.rumah123.com/properti/tangerang/hos9290794/,Lokasi strategis dan fasilitas lengkap
12-06-2021,170,150,4,2,,1,"PINANG, TANGERANG",SHM,2200,Utara,1500,https://www.rumah123.com/properti/tangerang/hos9290814/,Lokasi strategis 1 km dari tol kunciran 
12-06-2021,230,370,4,4,,,"CISAUK, TANGERANG",HGB,3500,,11600,https://www.rumah123.com/properti/tangerang/hos9290728/,LOKASI LAUREL SANGAT STRATEGIS SELANGKAH KE BOTANICAL PARK & COUNTRY CLUB YANG DAPAT DIAKSES DARI GERBANG BARAT DAN GERBANG UTARA
12-06-2021,90,60,2,1,,1,"LIPPO KARAWACI, TANGERANG",SHM,2200,Selatan,750,https://www.rumah123.com/properti/tangerang/hos9290715/,"Dekat dengan halte karawaci, dekat dengan Lippo Mall Karawaci, MaxxBox Lippo Village, dan Benton Junction Lippo Village"
12-06-2021,96,82,2,2,,1,"CIPONDOH, TANGERANG",SHM,4400,,2900,https://www.rumah123.com/properti/tangerang/hos9290645/,"dilengkapi dengan fasilitas keamanan dan taman. Dekat akses Tol lingkar luar, dekat Supermarket besar, dekat ke jalan Raya Cipondoh, dekat pasar tradisional"
12-06-2021,84,66,2,2,,,"CIPONDOH, TANGERANG",SHM,4400,,1450,https://www.rumah123.com/properti/tangerang/hos9290589/,"Dilengkapi dengan fasilitas keamanan dan taman. Dekat akses Tol lingkar luar, dekat Supermarket besar, dekat ke jalan Raya Cipondoh, dekat pasar tradisional"
12-06-2021,94,52,3,2,,,"CISAUK, TANGERANG",SHM,2200,,1590,https://www.rumah123.com/properti/tangerang/hos9290537/,Rumah Dijual Tangerang GOLDEN PARK 3 SERPONG
12-06-2021,78,40,2,1,,1,"GADING SERPONG, TANGERANG",SHM,2200,Utara,780,https://www.rumah123.com/properti/tangerang/hos9290459/,Dijual rumah cluster baleria
12-06-2021,105,50,2,2,,1,"CISAUK, TANGERANG",SHM,2200,,700,https://www.rumah123.com/properti/tangerang/hos9290493/,"Dijual rumah Serpong Garden cluster green view, Lokasi 500m dari stasiun KRL Cisauk"
12-06-2021,72,27,2,1,,1,"CITRA MAJA RAYA, TANGERANG",HGB,1300,,250,https://www.rumah123.com/properti/tangerang/hos9290255/,"Memiliki Fasilitas Kolam renang Water World CMR, Eco Club CMR (Gym dan Bulu Tangkis Sport Club), Mall Eco Plaza Citra Maja Raya, Masjid Citra Maja Raya, Pendidikan Lengkap yaitu Paud , TK, SD, SMP, SMA, memiliki fasilitas kesehatan yaitu Klinik, memiliki fasilitas perbelanjaan seperti pasar, ruko, alfamart, indomart
"
12-06-2021,144,117,3,3,1,1,"BANJAR WIJAYA, TANGERANG",SHM,2200,Utara,1950,https://www.rumah123.com/properti/tangerang/hos9289945/,"Memiliki fasilitas keamanan, Masjid, Jogging Track, Ac, Jalur Telepon, Taman, dan Kolam Renang"
12-06-2021,180,190,5,3,,1,"CILEDUG, TANGERANG",SHM,2200,Utara,2800,https://www.rumah123.com/properti/tangerang/hos9289614/,Dijual rumah siap huni ciledug komplek mahkota simprug
12-06-2021,136,80,2,1,,,"ALAM SUTERA, TANGERANG",SHM,2200,Timur,1950,https://www.rumah123.com/properti/tangerang/hos9247486/,Rumah di Griya sutera utama
12-06-2021,50,29,2,1,,,"LEGOK, TANGERANG","lainnya(PPJB, GIRIK, ADAT, dll)",2200,,396,https://www.rumah123.com/properti/tangerang/hos9289558/,"Rumah Dijual Tangerang #BUKANRUMAHBIASA
UNDERGROUND UTILITIES, LISTRIK BAWAH TANAH ADALAH SALURAN DISTRIBUSI YG MENYALURKAN ENERGY LISTRIK MELALUI KABEL YG DITANAM.
KELEBIHANNYA: TIDAK TERPENGARUH OLEH CUACA BURUK, TIDAK MENGGANGGU PANDANGAN&LBH INDAH DIPANDANG, DLL"
12-06-2021,77,89,3,3,,,"BSD CITY, TANGERANG",HGB,2200,,2280,https://www.rumah123.com/properti/tangerang/hos9290707/,"Rumah Dijual Tangerang ASKARA NUE. Pernahkah anda membayangkan melihat pemandangan indah ketika keluar balkon rumah? Anda bisa mewujudkannya dengan tinggal di unit askara nue. Berlokasi di kawasan vanya park, anda bisa melihat pemandangan danau cantik langsung dari balkon rumah. Askara nue dipasarkan dengan harga mulai dari rp 1,8 m-an. Cluster ini juga ditunjang dengan lokasi strategis serta fasilitas lengkap."
12-06-2021,300,400,4,4,2,2,"BSD CITY, TANGERANG",SHM,4400,,4700,https://www.rumah123.com/properti/tangerang/hos9290627/,"LT 300, LB 400, KT 4+2, KM 4+2, SHM, PAM, Line telpon n internet, Listrik 4400 watt, Ruang : Service Area, Gudang, Carport 2 mobil, Garasi 2 mobil, Dapur Bersih, Dapur Kotor, Taman Depan n Belakang
Nilai tambah rumah : lantai marmer Italy, 2 bath tube menggunakan batu Onyx, 1 kamar tidur, lantai kayu Parket, dapur menggunakan menggunakan keramik, lantai anak tangga menggunakan kayu jati
Bonus : 3 unit AC, 2 unit water heater, 1 unit mesin air"
12-06-2021,180,250,5,4,1,1,"BSD, TANGERANG",SHM,3500,Selatan,3300,https://www.rumah123.com/properti/tangerang/hos9290610/,"Dijual Rumah Terawat dan Rapih Siap Huni di BSD, Serpong BSD Tangerang Selatan. Selling Point : Lokasi Strategis dekat jalan raya Bintaro-BSD-Gading Serpong,  Akses ke Jalan Tol mudah BSD-Bintaro, BSD-Jakarta dan BSD-Bandara, Dekat Stasiun Kereta Serpong dan Rawa Buntu, Dekat Ke Rumah Sakit, Klinik, Apotik, Dekat AEON Mall, ITC BSD, The Breeze BSD, Supermarket, Kuliner-kuliner, OceanPark City,  Dekat Pasar Modern BSD,  Dekat Taman Kota 1 dan 2,  Dekat Sekolah : SD, SMP, SMU, Kampus,  Dekat Rumah Sakit, Klinik, Apotik, Keamanan 24 Jam, Bebas Banjir. Hubungi : Azhar des"
12-06-2021,240,350,4,4,,,"BSD CITY, TANGERANG",SHM,,,5200,https://www.rumah123.com/properti/tangerang/hos9290577/,"Lt 240, Lb 350, Kt 4+2, Km. 4+1, 5300 watt, Legalitas proses Shm, Hadap Selatan, Bangunan tahun 2020 baru 7 bln bangun dari kavling, Harga Rp 5.2 M nego"
12-06-2021,113,142,4,5,,,"BSD GRIYA LOKA, TANGERANG",SHM,3500,,1500,https://www.rumah123.com/properti/tangerang/hos9290575/,"Rumah Dijual Tangerang, Rumah Sangat Asri dan dalam Komp Griya Loka Bsd Lama yang Sangat Mudah di Jangkau Kendaraan Umum Dekat Halte Busway dan Pertokoan, Rumah Sakit.
"
12-06-2021,240,150,3,2,1,1,"BSD CITY, TANGERANG",SHM,2000,,3000,https://www.rumah123.com/properti/tangerang/hos9290544/,"Lt 240 m (12 x 20), Lb 150 m, 3 KT + 2, 2 KM + 2, Garasi 1 mobil, Carport 1 mobil, Sertifikat SHM, Hadap Utara, Harga 3 M Nego s.d deal"
12-06-2021,300,200,3,2,2,2,"BSD CITY, TANGERANG",SHM,4400,,3750,https://www.rumah123.com/properti/tangerang/hos9290501/,"LT 300, LB 200, KT 3+1, KM 2+1, Garasi/carport 2 mobil, Listrik 4400w, SHM, Harga 3.75M nego, Point Selling : lokasi asri, depan taman kota, dekat sekolah masjid Al Azhar, dalam cluster exclusive"
12-06-2021,240,200,5,4,1,1,"BSD CITY, TANGERANG",SHM,4400,,3500,https://www.rumah123.com/properti/tangerang/hos9290434/,"LT. 240 m, LB. 200 m (estimasi), KT. 5 + 1, KM. 4 + 1, Dapur 1, Gudang 1, Listrik 4400 watt, Air PAM BSD, Legalitas SHM, IMB dan PBB Lengkap, Masih ada area terbuka dibelakang, Garasi 1 mobil, Carport 1 mobil, Harga: 3.5 M Nego"
12-06-2021,375,450,6,6,4,4,"BSD CITY, TANGERANG",SHM,2000,,6500,https://www.rumah123.com/properti/tangerang/hos9290398/,"LT 375, LB 450, KT 6+1, KM6+1, SHM, Listrik 3500, Air PAM, Water heater, Swimming Pool (di halaman belakang), Carport + Garasi 4 slot, Garden, Harga 6.5 M"
12-06-2021,240,155,3,3,1,1,"BSD PUSPITA LOKA, TANGERANG",SHM,4400,,3400,https://www.rumah123.com/properti/tangerang/hos9290285/,"2 Lantai, LT 240, LB 155, KT 3+1, KM 3+1, Listrik 4400, SHM, AC 3 unit, Water Heater 2 unit, Carport 1 slot, Garasi 1 slot, Cul de Sac, Halaman depan dan belakang, Jalan Lebar 8 m, Harga Jual 3.4 M"
12-06-2021,373,200,3,3,2,2,"BSD CITY, TANGERANG",SHM,3300,,4500,https://www.rumah123.com/properti/tangerang/hos9290186/,"LT 373, LB 200, KT 3+1, KM 3+1, SHM, Listrik 3300, Halaman samping Luas, Garasi 2 slot mobil, Harga 4.5 M"
12-06-2021,365,300,5,4,4,2,"BSD PUSPITA LOKA, TANGERANG",SHM,,Utara,4700,https://www.rumah123.com/properti/tangerang/hos9290087/,"Siap Huni, Lokasi Strategis, Dekat Ke Pasar Modern, Dekat Ke RS Medika"
12-06-2021,3087,2500,5,5,10,10,"BSD BUKIT GOLF, TANGERANG",,66000,,100000,https://www.rumah123.com/properti/tangerang/hos8634966/,"Rumah Super Mewah Bukit Golf BSD City rumah mewah dengan halaman belakang view golf, bangunan mandiri, paling premium dan unit spesial, jarang ada.. fasilitas super lengkap, dekat dengan mall, CBD bsd, sekolah internasional dll Luas Tanah 3087m2 (41.55 x 74.29) Luas Bangunan 2500 - Basement 673,52 - Teras 29,70 m2 - Bangunan Lantai 1 442,98 m2 - Teras Selasar 493,23 m2 - Carport 313,80 m2 - Kolam Renang 85,86 m2 - Gazebo 29,16 m2 - Pos Jaga 18,72 m2 - Pagar Tembok 166,59 m2 - Bangunan Lantai 2 443,38 m2 - Balkon 89,38 m2 Listrik 66.000 Watt Full Furnish, Ada : - Sofa Set B B Italia - Sofa Set Maxalto - Sofa Set Flexform - Poliform (Kitchen - Wadrobe) - Flou (Bed) - Foscarini (Lamp) - Dapur Bersih Merk BOFFI Italy - Dapur kotor Stainless Steel by Rotaryana - Genset Denyo - Lift Otis - Air Panas Solahart - AC Daikin Central - Home Automation by Crestron - Blinds Curtains by Onna - Motorized by Somfy - Kusen Alumunium by Surco Jerman
Rp 100.000.xxx.000 Seratus milyar"
12-06-2021,308,492,4,4,2,2,"BSD FORESTA, TANGERANG","lainnya(PPJB, GIRIK, ADAT, dll)",2200,Utara,7700,https://www.rumah123.com/properti/tangerang/hos9289919/,"Dijual Rumah Brand New Bsd City: Foresta, Luas tanah 308m, Luas bangunan 492m, Kamar tidur 4+1, Kamar mandi 4+1, 2200va, Solarhart WH, Hadap utara - timur, Harga 7.7m, Nego, Estimasi selesai april 2022"
12-07-2021,96,90,3,3,,,"GADING SERPONG, TANGERANG",SHM,2200,Utara,2300,https://www.rumah123.com/properti/tangerang/hos9228007/,"""LATIGO Village"" - Cluster Baru di Tengah Kota Gading Serpong, berbatasan dengan BSD
MENGAPA HARUS LATIGO???
Aksesibilitas: HANYA 5 mins bisa ke: Aeon Mall, ICE, BETHSAIDA Hosp, Giant, Golf Course, Universitas Multimedia Nusantara, Prasetya Mulya. HANYA 10 mins ke PINTU TOLL
Keunggulan:Kamar Tidur Xtra LUASSS, Menyediakan Carport untuk 2 mobil, 3 Kamar Tidur; tiap kamar memiliki KM/WC, Rumah Kembang, Tampak bangunan yang elegan modern dengan 3 pilihan warna, Tiap kamar tidur tersedia AC, Kamar Mandi Utama Tersedia Water Heater, Dilengkapi dengan fasilitas pribadi seluas 1500 m2 (CPG, Swimming Pool, Gym&Garden, 3 on 3 basket), Smart Home (optional)
Ukuran: TYPE 8x12 STD, LAND = 96, BUILDING = 90, HUBUNGI SEGERA MARKETING KEPERCAYAAN ANDA: DWIKE - 087885295xxx
-your satisfaction is my great reward~"
12-07-2021,288,200,3,2,,,"BSD, TANGERANG",SHM,2200,,2000,https://www.rumah123.com/properti/tangerang/hos9298996/,"Dekat dengan berbagai fasilitas seperti : Sekolah Negeri dan Swasta, Kampus, Tempat ibadah, Rumah sakit, Pusat perbelanjaan, Stasiun, Pintu tol. More info : 0821 3494 3xxx RN, 0821 1238 5xxx LH"
12-07-2021,144,130,4,2,,1,"BSD, TANGERANG",SHM,2200,,1250,https://www.rumah123.com/properti/tangerang/hos9299000/,"Dekat dengan berbagai fasilitas seperti : Sekolah Negeri dan Swasta, Kampus, Tempat ibadah, Rumah sakit, Pusat perbelanjaan, Stasiun, Pintu tol. More info : 0821 3494 3xxx RN, 0821 1238 5xxx LH"
12-07-2021,300,375,4,2,,3,"BSD, TANGERANG",SHM,2200,,5500,https://www.rumah123.com/properti/tangerang/hos9299006/,"Dekat dengan berbagai fasilitas seperti : Sekolah Negeri dan Swasta, Kampus, Tempat ibadah, Rumah sakit, Pusat perbelanjaan, Stasiun, Pintu tol. More info : 0821 3494 3xxx RN, 0821 1238 5xxx LH"
12-07-2021,265,100,3,2,,2,"BSD, TANGERANG",SHM,2200,,2400,https://www.rumah123.com/properti/tangerang/hos9298991/,"Dekat dengan berbagai fasilitas seperti : Sekolah Negeri dan Swasta, Kampus, Tempat ibadah, Rumah sakit, Pusat perbelanjaan, Stasiun, Pintu tol. More info : 0821 3494 3xxx RN, 0821 1238 5xxx LH"
12-07-2021,189,100,3,2,,1,"BSD, TANGERANG",SHM,2200,,1800,https://www.rumah123.com/properti/tangerang/hos9298994/,"Dekat dengan berbagai fasilitas seperti : Sekolah Negeri dan Swasta, Kampus, Tempat ibadah, Rumah sakit, Pusat perbelanjaan, Stasiun, Pintu tol. More info : 0821 3494 3xxx RN, 0821 1238 5xxx LH"
12-07-2021,155,100,3,2,,1,"BSD, TANGERANG",SHM,2200,,1000,https://www.rumah123.com/properti/tangerang/hos9298987/,"Dekat dengan berbagai fasilitas seperti : Sekolah Negeri dan Swasta, Kampus, Tempat ibadah, Rumah sakit, Pusat perbelanjaan, Stasiun, Pintu tol. More info : 0821 3494 3xxx RN, 0821 1238 5xxx LH"
12-07-2021,276,441,4,4,2,2,"BSD, TANGERANG",SHM,11000,Timur Laut,1260,https://www.rumah123.com/properti/tangerang/hos9297916/,"Cluster Laurel at Navapark. Modern Tropical Living concept, perduli akan lingkungan dan area terbuka hijau yang luas, dengan Botanical Park seluas 10 hektar dan Club house 2,5 hektar.
FASILITAS LAUREL, Smart home system, Private Lift, Double high ceiling in entrance foyer, Guest room, Dining room, Detached house, Privasi keluarga lebih terjaga, Jogging track, Pavilion shelter seating area, Multi purpose lawn & Outdoor fitness area, Canopy & Backyard garden, Wet & dry kitchen, Direct access to Botanical park, View overlooking the lake & NavaPark Country Club
FASILITAS KOMERSIAL TERDEKAT: Shopping center (Aeon mall, Q-Big, The Breeze BSD), Office (Green Office Park, Foresta Bussines Loft, Digital hub), Educational Institution (Jakarta Nanyang School, Univ. Prasetya Mulya, Univ. Atmajaya), Gate Toll Aeon, Eka hospital, International Convention Exhibition (ICE BSD)
Atlantis Realty, Real Estate Agent"
12-07-2021,112,92,3,2,,2,"BSD EMINENT, TANGERANG","lainnya(PPJB, GIRIK, ADAT, dll)",4400,,2150,https://www.rumah123.com/properti/tangerang/hos9298799/,"Dijual cepat rumah semi furnish siap huni, di kawasan eminent Cluster Ingenia BSD CITY, Luas tanah : 112 m2 ( 7x16 ), Luas bangunan : 92 ( 2 Lantai ), Kamar tidur : 3, Kamar mandi : 2, Carport : 2 mobil, Listrik : 4400, Semi furnished (termasuk kitchen set, oven stove, cooker hood, lemari pakaian dan wall panel exclusive, rak TV, gordyn)"
12-07-2021,153,150,3,3,,1,"GADING SERPONG, TANGERANG",SHM,2200,Selatan,2300,https://www.rumah123.com/properti/tangerang/hos9298777/,"Rumah siap huni di clustet CLUSTER AZALEA, Gading Serpong, LT. 153m2 (9×17), Lb. +- 150m2an, KT 3 + 1, KM 3 + 1"
12-08-2021,66,37,2,1,,1,"RAWAKALONG, TANGERANG",SHM,1300,,221,https://www.rumah123.com/properti/tangerang/hos9300473/,Telah hadir perumahan Griya Pesona Madani Tenjo.Telah sukses sold out 6 perumahan di daerah Bintaro dan Pamulang. Griya Pesona Madani adalah peruman yang berkualitas yang berada dalam naungan PT.Megah Andalan Property
12-08-2021,375,350,5,5,1,1,"GADING SERPONG, TANGERANG",SHM,5500,,4500,https://www.rumah123.com/properti/tangerang/hos8346732/,"Jual Cepat BU Rumah Siap Huni, WTS rumah siap tinggal, Full furnished, Shm, LT 15 x 25, LB 350m, Tingkat 1,5lt, Lt 1: KT 3, KM 3, Lt 2: KT 2, KM 2,Listrik 5500watt"
12-08-2021,276,441,4,4,4,4,"BSD, TANGERANG",SHM,11000,,13000,https://www.rumah123.com/properti/tangerang/hos9300337/,"LAUREL NAVAPARK @ BSD City Tangerang Phase2. Developed by SINARMAS LAND dan Hongkongland. Design by nataneka. View langsung sungai cisadane, 30 unit (tahap 2) lebar 12 saja
"
12-08-2021,66,37,2,1,1,1,"CISAUK, TANGERANG",SHM,1300,,221,https://www.rumah123.com/properti/tangerang/hos9300280/,5 juta sudah berkesempatan dapat rumah murah yang mewah!Promo terbatas memiliki rumah berkelas. Miliki rumahnya dan ambil hadiahnya!Hanya di Griya Pesona Madani
12-08-2021,118,88,3,2,,,"GADING SERPONG, TANGERANG","lainnya(PPJB, GIRIK, ADAT, dll)",2200,,2300,https://www.rumah123.com/properti/tangerang/hos9300267/,"Rumah Dijual Tangerang HOEK, CLUSTER , TERMASUK SOLAR ENERGI SISTEM HEMAT LISTRIK
SWIMMING POOL, CLUB HOUSE, CHILDREN PLAYGROUND, HARMONY LAKE PARK ACCESS, SYMPHONIA PREMIUM AREA, CCTV 24 HOURS, FRONT GATE SYSTEM, SMART HOME SYSTEM, SOLAR ENERGY SYSTEM"
12-08-2021,144,240,4,2,,1,"GADING SERPONG, TANGERANG",SHM,2200,Selatan,2800,https://www.rumah123.com/properti/tangerang/hos9300248/,"Bisa Nego, Full furnished, Lokasi strategis, Fasilitas komplek terdapat kolam renang dan lapangan basket, Dekat kemana saja, Kondisi rumah bagus, Tidak usah khawatir banjir, Keamanan 24 jam, Komplek nyaman dan aman"
12-08-2021,300,148,4,3,2,2,"PONDOK CABE, TANGERANG",SHM,2200,Timur,1900,https://www.rumah123.com/properti/tangerang/hos9300240/,"DIJUAL DI BAWAH HARGA PASAR, HARGA PASARAN MASIH Rp 3 M, Only Cash Rp 1.9 M an (pajak masing2...notaris dtanggung konsumen), Perumahan Bukit Cirendeu Dekat Lapangan Terbang Pondok Cabe
Jl. Bukit Raya I, Pisangan, Kec. Ciputat Tim., Kota Tangerang Selatan, Banten 15419, Harga 1,985,000,000"
12-08-2021,60,55,2,2,,1,"LIPPO KARAWACI, TANGERANG","lainnya(PPJB, GIRIK, ADAT, dll)",2200,,711,https://www.rumah123.com/properti/tangerang/hos9300596/,"Lokasi sangat dekat dengan berbagai Akses,Tersedia berbagai Fasilitas"
12-08-2021,66,70,3,2,,1,"Ciater, Tangerang",SHM,1300,,850,https://www.rumah123.com/properti/tangerang/hos9300548/,"Berlian Ciater, Hunian 2 Lantai Nyaman dan Asri, Free Bphtb, AJB, Balik Nama & Biaya Notaris."
12-08-2021,202,85,4,3,1,1,"BSD Griya Loka, Tangerang",SHM,2200,Barat,1860,https://www.rumah123.com/properti/tangerang/hos9300043/,"1-7 km ke Stasiun Rawa Buntu, Rs Eka Hospital, Ora et Labora, Pasar Modern BSD, Tol Jkt-Serpong, Sekolah Cikal, Sekolah Stella Maris, Sekolah Saint John, Sekolah Jakarta Nanyang School,Sekolah Binus Serpong"
12-08-2021,108,130,3,3,1,1,"Pagedangan, Tangerang",SHM,2200,,1800,https://www.rumah123.com/properti/tangerang/hos9030093/,"Fasilitas Terdekat :Lokasi strategis, berada di perbatasan Gading Serpong dan BSD, Berada di antara 2 akses tol Jkt-Tgr dan Tol Jorr, Dekat Supermarket Lulu, Dekat Aeon Mall"
12-08-2021,91,91,3,2,,,"Poris, Tangerang",SHM,3500,,1000,https://www.rumah123.com/properti/tangerang/hos8867040/,"Akses Mudah: 10 Menit Ke stasiun kereta poris indah, 15 Menit Ke tol jkt-tgr, 30 Menit Ke RS Mayapada, modernland, 10 Menit Ke Sport Club poris indah, 10 Menit Ke Pasar Tradisional
"
06-06-2023,72,100,3,2,0,1,Poris,SHM,2200,Selatan,975000000,https://www.rumah123.com/properti/tangerang/hos9020559/,Murah rumah Grand Poris (Poris Indah dalam cluster ). Butuh renovasi sedikit
06-06-2023,150,90,2,2,1,1,Gading Serpong,SHM,4400,,2340000000,Rumah Mewah Strategis Harga Terbaik di Taman Britania Bisa KPR | Rumah123.com,"Jual cepat rumah asri luas yang nyaman dan aman untuk keluarga, bebas banjir, sirkulasi udara baik, dekat dengan fasilitas publik, siap huni, harga all in termasuk pajak dan biaya notaris"
06-06-2023,75,75,3,3,1,1,Tigaraksa,SHM,1300,,486000000,Jual Cepat Rumah Seken di Citra Raya Bizhome Siap Huni Siap KPR | Rumah123.com,"Rumah strategis murah dengan akses publik yang mudah serta nyaman untuk keluarga, siap huni, bebas banjir, bisa KPR dengan DP ringan, biaya all in termasuk pajak dan biaya notaris"
06-06-2023,67,60,3,2,0,2,BSD,SHM,2200,Selatan,795000000,Rumah SHM Sertifikat Hak Milik Siap Huni di Dekat Bsd | Rumah123.com,Cluster modern 2 lantai lokasi super strategis di tangsel jl arjuna hanya 10 menit ke exit tol pamukang & st kereta api rawabuntu serta fadilitas umum seperti sekolah mall dan pusat pemerintah.
06-06-2023,72,40,2,1,0,1,Sukabakti,SHM,1300,Utara,690000000,https://www.rumah123.com/properti/tangerang/hos13164605/,"Hunian nyaman dan aman, strategis, bebas banjir, harga all in (termasuk biaya KPR, notaris, BPHTB), terima beres!"
06-06-2023,77,73,3,2,0,1,Gading Serpong,SHM,3500,Timur Laut,2380000000,https://www.rumah123.com/properti/tangerang/hos13930466/,Rumah Di Scientia
06-06-2023,144,110,3,2,2,2,BSD,SHM,2200,,2400000000,https://www.rumah123.com/properti/tangerang/hos9948151/,"Dijual Rumah Seken Terawat, Siap huni yang nyaman dan aman untuk keluarga, Biaya all in (KPR, biaya notaris dan BPHTB)"
06-06-2023,105,165,4,3,0,1,Lippo Karawaci,SHM,1300,Tenggara,1020000000,https://www.rumah123.com/properti/tangerang/hos11736450/,"Hunian nyaman dan aman, strategis, bebas banjir, harga all in (termasuk biaya KPR, notaris, BPHTB), terima beres!"
06-06-2023,81,61,2,2,0,1,Cisauk,SHGB,900,Utara,1100000000,https://www.rumah123.com/properti/tangerang/hos13036586/,"Hunian nyaman dan aman, strategis, bebas banjir, harga all in (termasuk biaya KPR, notaris, BPHTB), terima beres!"
06-06-2023,182,272,3,2,1,1,Cipondoh,SHM,2200,Utara,1250000000,"Rumah Lelang Bri, Cipondoh | Rumah123.com",Aset Lelang powered by BRI
06-06-2023,56,88,3,2,0,1,BSD,PPJB,2200,,1300000000,https://www.rumah123.com/properti/tangerang/hos13878257/,Jual BU Fleekhauz 3 Kamar tidur + 2 Kamar mandi
06-06-2023,66,60,2,1,0,1,Pasar Kemis,SHM,1300,,480000000,Rumah Bagus SHM di Grand Sutera Tangerang | Rumah123.com,Akses jalan masuk 2 mobil
06-06-2023,84,100,2,2,0,1,Karang Tengah,SHM,2200,,1300000000,https://www.rumah123.com/properti/tangerang/hos13878224/,"Bebas banjir, Akses jalan masuk 2 mobil"
06-06-2023,214,180,2,2,1,1,Karang Tengah,SHM,1300,Barat,1430000000,https://www.rumah123.com/properti/tangerang/hos13411915/,Aset Lelang powered by BRI
06-06-2023,60,45,2,1,1,1,Kelapa Dua,SHGB,1300,Barat,468000000,https://www.rumah123.com/properti/tangerang/hos13261562/,"Lokasi berada didalam komplek cluster perumahan, saat ini masih dihuni oleh pemilik."
06-06-2023,200,120,3,1,1,1,Legok,SHM,1300,Barat,1000000000,https://www.rumah123.com/properti/tangerang/hos13261467/,"Lokasi berada disamping jalan ramai dan layak menjadi tempat usaha, masih dihuni pemilik."
06-06-2023,150,135,4,2,1,1,Karang Tengah,SHM,2200,Timur,1450000000,https://www.rumah123.com/properti/tangerang/hos13076538/,"Rumah Lelang BRI, Karang Tengah"
30-05-2023,392,435,5,4,2,1,Cipondoh,SHGB,2200,Utara,5400000000,"Rumah Lelang Bri, Cipondoh | Rumah123.com",Aset Lelang powered by BRI
30-05-2023,60,60,2,2,0,0,Cisauk,SHM,1300,Selatan,410000000,https://www.rumah123.com/properti/tangerang/hos12901447/,Aset Lelang powered by BRI
30-05-2023,60,36,2,1,0,1,Cisauk,SHM,1300,Selatan,792000000,https://www.rumah123.com/properti/tangerang/hos13868227/,"Hunian nyaman dan aman, strategis, bebas banjir, harga all in (termasuk biaya KPR, notaris, BPHTB)!"
30-05-2023,108,82,3,2,0,1,Cibogo,SHGB,1300,Tenggara,1320000000,https://www.rumah123.com/properti/tangerang/hos13868038/,"Hunian nyaman dan aman, strategis, bebas banjir, harga all in (termasuk biaya KPR, notaris, BPHTB)!"
30-05-2023,112,200,3,1,0,1,Kelapa Dua,SHM,3300,Utara,1680000000,https://www.rumah123.com/properti/tangerang/hos13868006/,"Hunian nyaman dan aman, strategis, bebas banjir, harga all in (termasuk biaya KPR, notaris, BPHTB)"
30-05-2023,240,450,4,4,1,1,Alam Sutera,SHM,4400,Selatan,7100000000,https://www.rumah123.com/properti/tangerang/hos13868483/,"Sutera Olivia, Alam Sutera. Dekat Tol, Ruko2, Ikea, Hospital, Living World Mall, Alam Sutera Mall, Sekolah Dan Gereja Laurentia"
30-05-2023,60,55,2,2,0,1,Lippo Karawaci,SHGB,2200,Utara,950000000,https://www.rumah123.com/properti/tangerang/hos13867058/,Cendana Icon Estate
30-05-2023,76,67,3,2,1,1,Ciledug,SHM,2200,,1520000000,https://www.rumah123.com/properti/tangerang/hos10183993/,"Graha Raya, Cluster Fortune Terrace"
30-05-2023,144,100,3,3,1,1,Pinang,SHM,2200,,1700000000,https://www.rumah123.com/properti/tangerang/hos10388730/,"Hunian nyaman dan aman, strategis, bebas banjir!"
23-05-2023,98,54,2,1,0,1,Cisauk,SHM,2200,Timur,1320000000,Dijual Rumah Siap Kpr Dekat Puskesmas Cisauk Harga All In | Rumah123.com,"Hunian nyaman dan aman, strategis, bebas banjir, harga all in (termasuk biaya KPR, notaris, BPHTB), terima beres!"
23-05-2023,105,126,5,3,0,1,Cisauk,SHM,3500,Barat Daya,1470000000,https://www.rumah123.com/properti/tangerang/hos11117147/,"Hunian nyaman dan aman, strategis, bebas banjir!"
23-05-2023,178,142,3,3,0,2,Gading Serpong,SHM,3500,Selatan,4820000000,https://www.rumah123.com/properti/tangerang/hos13796331/,Rumah mewah di Gading serpong yang berlokasi sangat stategis di samping boulevard raya Gading Serpong.
23-05-2023,80,82,3,3,0,2,Gading Serpong,SHM,2200,Selatan,2030000000,https://www.rumah123.com/properti/tangerang/hos13768333/,"Rumah yang berada di Cluster Atlanta Village. Lokasi sangat strategis dekat dengan pusat pembelanjaan Mall SMS , Siloam Hospital , School International ."
07-06-2023,72,36,2,1,0,1,Curug,SHM,1300,Barat,720000000,https://www.rumah123.com/properti/tangerang/hos12896886/,"Hunian nyaman dan aman, strategis, bebas banjir, harga all in (termasuk biaya KPR, notaris, BPHTB), terima beres! Grand View Karawaci Cluster Fontana Vista. Sukabakti, Curug, Tangerang."
07-06-2023,80,70,2,1,0,1,"Setu, Tangerang Selatan",SHM,1300,Timur,930000000,https://www.rumah123.com/properti/tangerang-selatan/hos12791859/,"Hunian nyaman dan aman, strategis, bebas banjir, harga all in (termasuk biaya KPR, notaris, BPHTB), terima beres! Graha Jeumpa 2 Bakti Jaya, Setu, Tangerang Selatan."
07-06-2023,98,120,5,2,0,1,Alam Sutera,SHM,900,Selatan,1140000000,https://www.rumah123.com/properti/tangerang/hos11406883/,"Hunian nyaman dan aman, strategis, bebas banjir, harga all in (termasuk biaya KPR, notaris, BPHTB), terima beres! Jl. Komplek Setneg."
07-06-2023,126,150,3,2,0,1,Pamulang,SHM,3500,Barat,1200000000,https://www.rumah123.com/properti/tangerang-selatan/hos13674342/,"Hunian nyaman dan aman, strategis, bebas banjir, harga all in (termasuk biaya KPR, notaris, BPHTB)! Tamansari Puri Bali. Curug, Bojongsari, Depok."
07-06-2023,72,45,2,1,0,1,Bintaro,SHM,1300,Barat,936000000,https://www.rumah123.com/properti/tangerang-selatan/hos11736571/,"Hunian nyaman dan aman, strategis, bebas banjir, harga all in (termasuk biaya KPR, notaris, BPHTB), terima beres! Pondok Aren Residence."
07-06-2023,72,39,2,1,1,1,"KARAWACI, TANGERANG",SHM,1300,Selatan,720000000,https://www.rumah123.com/properti/tangerang/hos11737930/,"Rumah sangat bagus lokasi strategis 15 menit menuju Gerbang Tol Karawaci, Gading Serpong. Area Komersil Perbelanjaan. Supermal Karawaci. Summarecon Mall Serpong /SMS."
07-06-2023,70,45,2,2,1,1,Kelapa Dua,SHM,2200,Timur,770000000,https://www.rumah123.com/properti/tangerang/hos9767581/,"Lokasi bagus, kawasan sudah ramai, sistem cluster kwamanan 24 jam."
07-06-2023,72,39,2,1,0,1,"KARAWACI, TANGERANG",SHM,1300,Selatan,648000000,https://www.rumah123.com/properti/tangerang/hos11736302/,"Hanya 10 menit ke Gerbang Tol Karawaco, Gading Serpong dan 20 menit ke Bandara. Area Komersil Perbelanjaan. Supermal Karawaci. Summarecon Mall Serpong /SMS. AEON Mal BSD."
07-06-2023,72,73,4,2,1,1,Curug,SHM,2200,Selatan,850000000,https://www.rumah123.com/properti/tangerang/hos9636650/,Lokasi sangat stategis 15 menit ke Lippo Karawaci. Gading Serpong.
07-06-2023,82,68,3,3,0,2,Lippo Karawaci,SHM,2200,Timur,977000000,https://www.rumah123.com/properti/tangerang/hos13179475/,"Miliki CENDANA ARBORY, Cendana yang ke-19 dari Cendana Series yang selalu sukses. Rumah 2 lantai modern dan stylish. memiliki 3 kamar tidur & 3 kamar mandi. Dikelilingi oleh hunian yang sudah ada, perkantoran, sekolah dll. "
07-06-2023,72,40,2,1,0,1,Pamulang,SHM,1300,,1070000000,https://www.rumah123.com/properti/tangerang-selatan/hos11560827/,"Hunian nyaman dan aman, strategis, bebas banjir, harga all in (termasuk biaya KPR, notaris, BPHTB), terima beres! Paradise Serpong City. Babakan Setu, Pamulang, Kota Tangerang Selatan."
07-06-2023,84,59,2,2,0,1,"Setu, Tangerang Selatan",SHM,1300,Timur Laut,1000000000,https://www.rumah123.com/properti/tangerang-selatan/hos13089167/,"Hunian nyaman dan aman, strategis, bebas banjir, harga all in (termasuk biaya KPR, notaris, BPHTB), terima beres! Serpong Lagoon Cluster Pelican. Keranggan, Setu, Tangerang Selatan."
07-06-2023,152,88,3,2,0,1,Pamulang,SHM,2200,Timur,1250000000,https://www.rumah123.com/properti/tangerang-selatan/hos10808199/,9 Menit ke Pasar Pondok Cabe. 9 Menit ke The Park Sawangan. 15 Menit ke Pasar Kaget Pamulang Permai. 15 Menit ke Pasar Pagi Pondok Benda. 15 Menit ke Pamulang Square.
07-06-2023,106,180,5,2,0,1,Pamulang,SHM,2200,,799000000,https://www.rumah123.com/properti/tangerang-selatan/hos13888104/,Sumber air Jet Pump. Carport 1. SHM-Pegang Sendiri. Akses Tol Veteran 1. Bebas banjir.
07-06-2023,72,144,3,2,0,1,Cisauk,SHM,2200,Timur,840000000,https://www.rumah123.com/properti/tangerang/hos11044349/,"Griya Suradita Indah. Suradita, Cisauk, Tangerang."
07-06-2023,81,42,2,1,0,1,"Setu, Tangerang Selatan",SHM,1300,Utara,770000000,https://www.rumah123.com/properti/tangerang-selatan/hos10837007/,"Hunian nyaman dan aman, strategis, bebas banjir, harga all in (termasuk biaya KPR, notaris, BPHTB), terima beres! Camila Residence."
07-06-2023,45,62,2,2,0,2,"Kosambi, Tangerang",SHM,4400,,1450000000,https://www.rumah123.com/properti/tangerang/hos13887994/,Sumber air PAM. Carport 2. SHM-Pegang Sendiri. Akses toll pik dan bandara soetta. Bebas banjir. Jalan masuk 2 mobil.
07-06-2023,75,99,2,2,1,1,Serpong,SHM,2200,Selatan,1030000000,https://www.rumah123.com/properti/tangerang-selatan/hos13886874/,15 Menit ke Mall Pamulang Square. 20 Menit ke Pasar Pagi Pondok Benda. 20 Menit ke Pasar Serpong. 30 Menit ke Mall AEON BSD City. 9 Menit ke RS Hermina Serpong. 10 Menit ke UPT Puskesmas Setu Tangerang Selatan.
07-06-2023,60,36,2,1,0,1,"KARAWACI, TANGERANG",SHM,1300,Selatan,398000000,https://www.rumah123.com/properti/tangerang/hos13131718/,"Doubel Dinding. Genteng beton warna. Lantai Granit ht. Plafon Silling tinggi 4,2m. Bioseptitank. Security 24jam one gate."
07-06-2023,120,120,3,3,0,1,"Serua, Tangerang",SHM,2200,Timur Laut,1280000000,https://www.rumah123.com/properti/tangerang/hos13348201/,"Hunian nyaman dan aman, strategis, bebas banjir, harga all in (termasuk biaya KPR, notaris, BPHTB)! Perumahan Bukit Indah. Serua, Tangerang Selatan."
07-06-2023,112,100,3,2,0,1,Rawakalong,SHM,1300,Tenggara,1140000000,https://www.rumah123.com/properti/tangerang/hos13785604/,"Hunian nyaman dan aman, strategis, bebas banjir, harga all in (termasuk biaya KPR, notaris, BPHTB)! Bukit Dago Rawakalong. Rawakalong, Gunung Sindur, Bogor."
07-06-2023,112,200,3,1,0,1,Kelapa Dua,SHM,3300,Utara,1680000000,https://www.rumah123.com/properti/tangerang/hos13785131/,"Hunian nyaman dan aman, strategis, bebas banjir, harga all in (termasuk biaya KPR, notaris, BPHTB) Komplek Harapan Kita. Bencongan, Kelapa Dua, Tangerang."
07-06-2023,72,41,2,1,0,1,Serpong,SHM,2200,Selatan,948000000,https://www.rumah123.com/properti/tangerang-selatan/hos13748587/,"Hunian nyaman dan aman, strategis, bebas banjir, harga all in (termasuk biaya KPR, notaris, BPHTB)! Green Serpong Bintaro. Lengkong Wetan, Serpong, Tangerang Selatan."
07-06-2023,116,107,2,1,0,1,Serpong,SHM,2200,Selatan,1200000000,https://www.rumah123.com/properti/tangerang-selatan/hos13699568/,"Hunian nyaman dan aman, strategis, bebas banjir, harga all in (termasuk biaya KPR, notaris, BPHTB)! Alam Serpong. Rawa Mekarjaya, Serpong, Tangerang Selatan."
07-06-2023,120,200,2,1,0,1,Ciputat,SHM,2200,Timur Laut,1560000000,https://www.rumah123.com/properti/tangerang-selatan/hos13699124/,"Hunian nyaman dan aman, strategis, bebas banjir, harga all in (termasuk biaya KPR, notaris, BPHTB)! Villa Bintaro Indah. Jombang, Ciputat, Tangerang Selatan."
19-09-2023,120,198,5,4,0,3,"BSD CITY, TANGERANG","lainnya(PPJB, GIRIK, ADAT, dll)",3500,Selatan,6000,https://www.rumah.com/listing-properti/dijual-rumah-3lt-bagus-unfurnish-di-zora-kimora-tangerang-bsd-city-oleh-edo-20903506,"Rumah 3lt Bagus Unfurnish di Zora Kimora Tangerang Bsd City Lokasi dekat Qbig, Ipeka, BCA konsep Smart Home Premium, lantai marmer cantik, low-e glass hawa dingin ruangan, smart home system rumah pintar, solar water, heater hemat energi, cctv & Free canopy, wet kitchen full set"
19-09-2023,264,290,4,4,,,"BSD, TANGERANG",SHM,2200,Utara,5950,https://www.rumah.com/listing-properti/dijual-bsd-tangerang-oleh-juan-tan-19746953,Bangunan Mandiri Cluster Foresta Foglio bagus dan rapi luas 264m
19-09-2023,221,350,4,4,,,"BSD, TANGERANG","lainnya(PPJB, GIRIK, ADAT, dll)",11000,,10500,https://www.rumah.com/listing-properti/dijual-bsd-tangerang-oleh-susy-20371660,Rumah mewah sultan di tangerang bsd exclusive furnish
19-09-2023,114,225,4,6,2,2,"BSD, TANGERANG",SHM,4400,,4300,https://www.rumah.com/listing-properti/dijual-bsd-tangerang-oleh-edo-hendra-21619089,"Rumah 3 Lantai Shm di Cluster Welton Hiera, Bsd, Tanggerang"
19-09-2023,120,106,3,3,,,"BSD, TANGERANG",SHM,2200,,2000,https://www.rumah.com/listing-properti/dijual-bsd-tangerang-oleh-tommy-22104175,"Rumah Rapih Di Bsd Harga 2 M, dijual furnished lokasi strategis dekat Aeon Mal, QBIG, MacDonald"
19-09-2023,119,95,3,2,,,"BSD, TANGERANG",SHM,2200,,2200,https://www.rumah.com/listing-properti/dijual-bsd-tangerang-oleh-tommy-22104168,"Rumah Dijual Rapih Di Bsd Full Furnished Harga 2 M An dekat dgn Mal Aeon, QBIG"
19-09-2023,163,115,10,10,2,,"BSD, TANGERANG",SHM,11000,Utara,4500,https://www.rumah.com/listing-properti/dijual-dijual-rumah-type-kost-di-foresta-studento-di-tangerang-bsd-city-oleh-rini-wulandari-20693644,Dijual rumah type kost di bsd city tangerang
19-09-2023,98,118,3,3,2,,"BSD, TANGERANG",SHM,2200,,2400,https://www.rumah.com/listing-properti/dijual-bsd-tangerang-oleh-edo-hendra-21618990,"Rumah 2 Lantai Type 7 SHM di Cluster Welton Hiera,bsd,tanggerang"
19-09-2023,82,80,2,1,1,,"BSD, TANGERANG",SHM,1300,,950,https://www.rumah.com/listing-properti/dijual-dijual-rumah-seken-harga-all-in-bisa-kpr-siap-huni-strategis-di-ciputat-tangsel-j-15479-oleh-astried-21653696,"Rumah Seken Terawat Strategis 10 Menit ke Gerbang Tol Serpong, terawat, bebas banjir, lokasi hunian yang aman dan nyaman untuk keluarga Anda, lokasi strategis dekat dengan berbagai fasilitas publik."
19-09-2023,94,88,3,3,1,,"BSD, TANGERANG",SHM,2200,Utara,1350,https://www.rumah.com/listing-properti/dijual-rumah-minimalis-harga-nego-strategis-di-golden-park-2-cisauk-bisa-kpr-j-15248-oleh-yonathan-mouses-21392118,"Rumah Seken Terawat 2 Lantai Strategis 9 Menit Ke Stasiun Cisauk, bebas banjir, lokasi hunian yang aman dan nyaman untuk keluarga Anda, lokasi strategis dekat dengan berbagai fasilitas publik."
19-09-2023,125,250,10,10,1,,"BSD, TANGERANG",SHM,3500,,1300,https://www.rumah.com/listing-properti/dijual-rumah-dijual-di-tangerang-bsd-bagus-siap-huni-oleh-kiky-21732155,"Dekat tol Jakarta - Merak DIJUAL RUMAH + KOST TANGERANG KOTA Rp. 1,300,000,000 Luas Tanah 125m Luas Bangunan 250m"
19-09-2023,102,90,2,2,1,,"BSD, TANGERANG",SHM,4400,Utara,1350,https://www.rumah.com/listing-properti/dijual-rumah-alam-sutera-siap-huni-minimalis-modern-tangerang-bsd-serpong-oleh-alfano-harun-fano-21506803,Rumah Alam Sutera siap huni minimalis modern Tangerang BSD Serpong Cluster Griya Sutera
19-09-2023,50,60,3,2,1,,"BSD, TANGERANG",SHM,1300,Utara,700,https://www.rumah.com/listing-properti/dijual-dijual-cepat-rumah-tingkat-minimalis-di-cisauk-tangerang-bsd-banten-oleh-rangga-permana-darmawan-17702476,Dijual Cepat Rumah Tingkat Minimalis di Cisauk Tangerang Bsd Banten Harga 700 juta (nego)
19-09-2023,77,90,3,2,1,2,Bintaro,SHM,2200,,1250,https://www.rumah.com/listing-properti/dijual-rumah-di-jual-semi-furnish-flourist-terrace-serpong-bsd-oleh-andri-brick-16365230,"FLOURIST TERRACE SERPONG Hunian Exclusive 22 Unit di Serpong, Tangerang Selatan Harga mulai 1 M'an Bangunan Full Bata Merah Carport 2 Mobil FULL BATA MERAH Akses 2 Mobil Bebas Banjir Hanya 10 Menit dari Sta. Serpong&Sta. Rawa Buntu dan Gate Tol BSD"
19-09-2023,71,80,3,3,1,,"BSD, TANGERANG",SHM,3500,,1500,https://www.rumah.com/listing-properti/dijual-rumah-dijual-di-the-patio-premiere-serpong-oleh-hera-sadarriza-21271133,"Hunian yang memberikan kebangaan dan kenyamanan bagi keluarga Anda. The Patio Premiere didesain dengan fitur premium dan material terbaik menjadikan hunian yang berkelas dan mengutamakan kenyamanan. Menikmati segarnya udara pagi dan keasrian di Private Cozy Patio merupakan satu dari sekian banyak kemewahan dan suatu kebanggaan tersendiri. Berada di lokasi yang strategis dan dikelilingi berbagai fasilitas terbaik di area Serpong, menjadikan The Patio Premiere pilihan sempurna yang Anda berikan untuk keluarga tercinta."
19-09-2023,72,43,2,1,1,,Serpong,SHM,900,Barat Laut,1290,https://www.rumah.com/listing-properti/dijual-jual-cepat-rumah-seken-shm-siap-huni-harga-all-in-di-serpong-bisa-kpr-j-13725-oleh-astried-21800305,"Rumah Seken Terawat Bebas Banjir Strategis Dekat Gerbang Tol Serpong lokasi hunian yang aman dan nyaman untuk keluarga Anda, lokasi strategis dekat dengan berbagai fasilitas publik."
19-09-2023,137,70,10,6,1,,Gading Serpong,"lainnya(PPJB, GIRIK, ADAT, dll)",5500,,2100,https://www.rumah.com/listing-properti/dijual-gading-serpong-tangerang-oleh-rafas-21738042,Dijual Murah Rumah Kost Aktif Allogio! LT 70 m2 LB 139 m2 Dimensi 5x14 3 Lantai
19-09-2023,126,170,4,4,1,,Gading Serpong,SHM,4400,,2700,https://www.rumah.com/listing-properti/dijual-gading-serpong-tangerang-oleh-rima-nasution-22167517,DIJUAL CEPAT RUMAH SIAP HUNI Cluster Darwin Scientia Gading Serpong LT : 126 m2 (7x18) LB : 170 m2 2 Lantai
19-09-2023,129,160,3,2,1,,Gading Serpong,SHM,2200,,2350,https://www.rumah.com/listing-properti/dijual-gading-serpong-tangerang-oleh-rima-nasution-22165013,"Di Jual Rumah di Gading Serpong, Tangerang DIJUAL Rumah 2 Lantai Cluster Fluorite Gading Serpong Luas tanah 129 m² (7.5 x 17) Luas bangunan 160 m² 2 Lantai"
19-09-2023,162,162,5,4,1,,Gading Serpong,SHM,2200,,2900,https://www.rumah.com/listing-properti/dijual-gading-serpong-tangerang-oleh-herry-20575337,Dijual Cepat Rumah 2 Lantai Di Cluster Gading Serpong Luas tanah : 162 m2 Ukuran : 9x18 m2
19-09-2023,114,110,4,3,2,,Ciputat,SHM,2200,,2750,https://www.rumah.com/listing-properti/dijual-ciputat-tangerang-selatan-oleh-raditya-widjaya-22122822,Hunian Exclusive dan Viral di Ciputat THE SAMARA INHUTANI
19-09-2023,243,315,5,5,2,2,Ciputat,SHM,4400,Utara,3200,https://www.rumah.com/listing-properti/dijual-ciputat-tangerang-selatan-oleh-clarissa-maruni-21973786,Dijual Rumah Nyaman Asri di Ciputat Tangsel (dijual unfurnished) LT / LB =243 m2 / 315 m2
19-09-2023,146,123,4,4,,,Ciputat,SHM,3500,,2650,https://www.rumah.com/listing-properti/dijual-ciputat-tangerang-selatan-oleh-rifia-nurdiana-22007420,"Lokasi siap huni dan sangat strategis Dijual Rumah di Bintaro, Tangerang Selatan. Rumah nyaman, Lingkungan Bersih, Keamanan Terjamin 24 jam"
19-09-2023,132,150,5,3,,,Ciputat,SHM,3500,,2300,https://www.rumah.com/listing-properti/dijual-ciputat-tangerang-selatan-oleh-rifia-nurdiana-22007376,"Lokasi siap huni dan sangat strategis Dijual Rumah di Ciputat, Tangerang Selatan. Rumah nyaman, Lingkungan Bersih, Keamanan Terjamin 24 jam"
19-09-2023,121,95,3,2,,,Ciputat,SHM,2200,,1450,https://www.rumah.com/listing-properti/dijual-ciputat-tangerang-selatan-oleh-rifia-nurdiana-22004722,"Lokasi siap huni dan sangat strategis Dijual Rumah di Ciputat, Tangerang Selatan. Rumah nyaman, Lingkungan Bersih, Keamanan Terjamin 24 jam"
19-09-2023,120,44,2,1,,,Ciputat,"lainnya(PPJB, GIRIK, ADAT, dll)",2200,,1950,https://www.rumah.com/listing-properti/dijual-ciputat-tangerang-selatan-oleh-rifia-nurdiana-22004673,"Lokasi siap huni dan sangat strategis Dijual Rumah di Ciputat, Tangerang Selatan. Rumah nyaman, Lingkungan Bersih, Keamanan Terjamin 24 jam"
19-09-2023,60,45,2,1,,,Tigaraksa,SHM,1300,,290,https://www.rumah.com/listing-properti/dijual-rumah-dijual-siap-huni-tigaraksa-tangerang-oleh-eka-erna-17614496,Rumah Dijual siap huni Tigaraksa Tangerang
19-09-2023,60,36,2,1,1,,Tigaraksa,SHGB,1300,,280,https://www.rumah.com/listing-properti/dijual-dijual-rumah-siap-huni-di-tigaraksa-tangerang-oleh-bariyah-21303909,Dijual Rumah Siap Huni Di Tigaraksa - Tangerang
19-09-2023,240,240,4,3,2,,Tigaraksa,SHM,5500,,2500,https://www.rumah.com/listing-properti/dijual-di-jual-rumah-toko-dan-gudang-di-tigaraksa-tangerang-oleh-erik-jak-21950121,Di Jual Rumah Toko dan Gudang Tigaraksa Tangerang Di jual Rumah & Toko/Gudang/Workshop RP. 2.5 Milyar Luas Tanah 240m2 Luas bangunan 240 m2 2 Lantai
21-09-2023,98,118,7,7,1,2,"BSD, TANGERANG","lainnya(PPJB, GIRIK, ADAT, dll)",4400,,3700,https://www.rumah.com/listing-properti/dijual-dijual-rumah-mewah-cluster-welton-hiera-bsd-city-oleh-christy-souw-17143930,"Cluster WELTON HIERA Lokasi : West BSD City, Total lahan 108 ha, Dikeliling green facility, green belt, green loop, water front dan pedestrian walk sebelar 9 meter, Terkoneksi dengan stasiun KRL Jatake dan mall, Direct access by tol JORR 2 (pintu 5) dan flyover"
21-09-2023,216,200,4,4,1,2,Gading Serpong,SHM,4400,,170,https://www.rumah.com/listing-properti/dijual-illago-cluster-san-lorenzo-oleh-adhie-dharma-22201650,Cluster San Lorenzo Illago 2 lantai Lt 216 (12x18) Lb 200 Kt 3+1 Km 3+1
21-09-2023,84,137,5,4,1,1,"BSD, TANGERANG",SHM,2200,,2993,https://www.rumah.com/listing-properti/dijual-new-tanakayu-vasya-7-x-12-bsd-city-full-furnished-last-cluster-chava-oleh-gaby-17012450,Tipe 7 x 12 Kpr Tanpa Dp. 2 Lantai Roof Top Full Furnished Dekat Tol Dipasarkan cluster ke 6 Tanakayu BSD by Sinarmas Land BSD City
21-09-2023,75,68,3,3,1,1,Lippo Karawaci,SHM,2200,,1088,https://www.olx.co.id/item/rumah-2-lantai-strategis-di-lippo-karawaci-tangerang-iid-903384705,"Cendana Arbory merupakan cluster ke-19 dari seri Cendara Homes Series. Cluster yang satu ini hadir dengan konsep hunian yang nyaman dan asri karena dikelilingi oleh area terbuka hijau yang luas. Tidak hanya itu, lokasinya juga strategis sehingga akses semakin mudah dan menyenangkan. Cendana Arbory merupakan cluster terbaru yang memiliki desain nyaman dengan pilihan tipe unit yang lebih besar dan lebih luas. Tentunya, tipe unitnya sangat cocok untuk Anda dan keluarga."
21-09-2023,80,75,2,2,1,1,Karang Tengah,SHM,2200,Utara,1385,https://www.olx.co.id/item/rumah-baru-karang-tengan-nempel-metro-permata-iid-908006651,Rumah Cluster Karang Tengah (Raden Saleh) Rumah Dalam One Gate Sistem Karang Tengah Raden Saleh Tangerang Kota. Luas Tanah 80m2 Luas Bangunan 75m2 Kamar Tidur 2 Kamar Kamdi 2 Lantai 2
21-09-2023,144,166,4,3,1,1,Gading Serpong,SHM,4400,,3890,"https://www.olx.co.id/item/hot-listing-9x16-caribbean-at-flamingo-summarecon-row-20-mtr-39man-iid-903515592",Cluster di Gading Serpong - BSD dengan konsep yang nyaman banget rumah ready dan semi ready by Summarecon Serpong