created_at,LT,LB,KT,KM,garasi,carport,lokasi,sertifikat,listrik,hadap,harga,URL,deskripsi 
01-12-2021,999,300,2,1,,,"Gunung Bahagia, Balikpapan, Kalimantan Timur",HGB,900,Barat,6200000000,https://www.rumah123.com/properti/balikpapan/hos9265592/,"Dijual Rumah di Jl.Ke Lap.Terbang,- Komp. Decoriont H4, Gunung Bahagia, Balikpapan selatan. Sertifikat SHGB."
01-12-2021,300,84,3,2,,,"Balikpapan Utara, Balikpapan",SHM,1300,,700000000,https://www.rumah123.com/properti/balikpapan/hos8392306/,"Rumah Dijual Balikpapan RUMAH 1 LANTAI, ASRI"
01-12-2021,949,341,2,1,,,"Gunung Bahagia, Balikpapan",HGB,900,Barat,619000000,https://www.rumah123.com/properti/balikpapan/hos9265517/,"Dijual Rumah di Jl.Ke Lap.Terbang,- Komp. Decoriont H3-7, Gunung Bahagia, Balikpapan selatan.
Sertifikat SHGB."
01-12-2021,696,341,2,1,1,1,"Gunung Bahagia, Balikpapan",HGB,900,Timur,591000000,https://www.rumah123.com/properti/balikpapan/hos9265345/,"Dijual Rumah di Jl.Ke Lap.Terbang,- Komp. Decoriont H3-6, Gunung Bahagia, Balikpapan selatan.
Sertifikat SHGB."
01-12-2021,90,60,1,1,,,"Sungai Pinang, Samarinda",SHM,2200,,780000000,https://www.rumah123.com/properti/samarinda/hos9264628/,"Dijual Rumah siap huni
Di Perumahan Citraland
Jln DI Panjaitan
Samarinda
Lt: 90m2, Lb: 60m2, Kt: 1, Km:1, PDAM, Listrik: 2200watt, SHM, Furnish, Harga : 780jt nego"
02-12-2021,211,400,4,4,,,"Balikpapan Baru, Balikpapan",SHM,2200,,2500000000,https://www.rumah123.com/properti/balikpapan/hos9266517/,"Rumah Dijual Balikpapan Rumah mewah, harga bisa nego tipis, row jalan bisa 2 mobil , dekat sekolah ipeka, one gate sistem, lokasi strategis tengah kota"
02-12-2021,96,45,2,1,,,"Balikpapan Selatan, Balikpapan",SHM,1300,,330000000,https://www.rumah123.com/properti/balikpapan/hos9266960/,"Rumah Dijual Balikpapan. HUNIAN BARU SIAP PAKAI
HANYA BEBERAPA MENIT DENGAN BANDARA INTERNASIONAL SEPINGGAN BALIKPAPAN
RUMAH MINIMALIS
DEKAT DENGAN PASAR TRADISIONAL"
02-12-2021,96,45,2,1,,,"Balikpapan Selatan, Balikpapan, Kalimantan Timur",SHM,1300,,300000000,https://www.rumah123.com/properti/balikpapan/hos9266960/,"Rumah Dijual Balikpapan  HUNIAN BARU SIAP PAKAI

- HANYA BEBERAPA MENIT DENGAN BANDARA INTERNASIONAL SEPINGGAN BALIKPAPAN

- RUMAH MINIMALIS

- DEKAT DENGAN PASAR TRADISIONAL"
02-12-2021,1120,700,10,7,,,"Samboja, Kutai Kartanegara",SHM,2200,,1200000000,https://www.rumah123.com/properti/kutai-kartanegara/hos9267017/,"Rumah Dijual Kutai Kartanegara RUMAH NOL JALAN. TERDAPAT BEBERAPA BANGUNAN DI DALAM AREA YANG DIJUAL.
BANGUNAN TERDIRI DARI 2 RUMAH, 3 KOS-KOSAN DAN 1 MINI RUKO. TERDAPAT HALAMAN DI BAGIAN BELAKANG DAN PAGAR DI SEKELILING AREA PROPERTI.
JUMLAH KAMAR TIDUR DAN KAMAR MANDI YANG TERTERA ADALAH JUMLAH TOTAL YANG TERDAPAT DI DALAM SELURUH BANGUNAN YANG ADA."
03-12-2021,864,288,3,2,,2,"Pontianak Kota, Pontianak",SHM,5500,Timur,2000000000,https://www.rumah123.com/properti/pontianak/hos9276334/,"Rumah Putri Candra Midi, Pontianak, Kalimantan Barat. Lokasi Jl. Putri Candra Midi, Gg. Catur Jaya. Hadap Timur; Lokasi Tengah Kota;
Tenang dan Aman;
Taman Belakang Sangat Luas"
03-12-2021,200,375,6,6,,,"Pontianak Tenggara, Pontianak",SHM,3500,,4500000000,https://www.rumah123.com/properti/pontianak/hos9275773/,"Rumah Ar. Saleh IA, Pontianak, Kalimantan Barat. Luas Tanah 10m x 20m
Luas Bangunan 10m x 15m x 2,5Lt
K. Tidur 6; K. Mandi 6
PDAM; PLN 3500w
Full Furnish Baru & Mewah
Sewakan Plus Full Furnish"
03-12-2021,120,135,3,2,,,"Pontianak Selatan, Pontianak",SHM,1300,,1050000000,https://www.rumah123.com/properti/pontianak/hos9275029/,"Rumah Merdeka, Gg. Kakaktua, Pontianak, Kalimantan Barat. Luas Tanah 10m x 12m
Luas Bangunan 10m x 9m x 1,5Lt
K. Tidur 3; K. Mandi 2
PDAM; PLN 1300w"
03-12-2021,210,171,3,2,,1,"Pontianak Kota, Pontianak",SHM,2200,Timur,1300000000,https://www.rumah123.com/properti/pontianak/hos9276323/,"Rumah Purnama Permata, Pontianak, Kalimantan Barat. Luas Tanah 11m x 19m
Luas Bangunan 11m x 15,5m
K. Tidur 3; K. Mandi 2
Ada Garasi; Bak Air Bawah Tanah 6 Kubik
PDAM; PLN 2200w
Hadap Timur"
03-12-2021,2280,225,4,2,,,"Balikpapan Timur, Balikpapan",SHM,1300,,3000000000,https://www.rumah123.com/properti/balikpapan/hos9276469/,"Rumah Dijual Balikpapan RUMAH DAN TANAH KEBUN LUAS
DIPINGGIR JALAN POROS PROVINSI
JALAN BESAR
BEBAS BANJIR
KAWASAN KOMERSIL KE IKN
JALAN LURUS KEBANDARA SEPINGGAN 30 MENIT"
04-12-2021,190,140,4,2,,,"Pontianak Selatan, Pontianak",SHM,2200,,550000000,https://www.rumah123.com/properti/pontianak/hos9283186/,"Terletak di jalan Purnama, dulu disebut Purnama Agung 7 Blok U
Saat ini berubah menjadi Jalan Parit Demank Dalam Blok u5
Bisa tembus ke parit demank"
04-12-2021,127,45,2,1,,1,"Pontianak Timur, Pontianak",SHM,1300,Timur,265000000,https://www.rumah123.com/properti/pontianak/hos9281026/,Segera Launching perumahan 
04-12-2021,220,190,4,3,,,"Balikpapan Selatan, Balikpapan, Kalimantan Timur",SHM,2200,,3500000000,https://www.rumah123.com/properti/balikpapan/hos9280090/,"Rumah Dijual Balikpapan - DALAM CLUSTER PERUMAHAN GRANDCITY
- DEKAT RS SILOAM
- RUMAH SIAP HUNI
- DEKAT DENGAN SEKOLAH IPEKA
- ROW JALAN LEBAR
- LINGKUNGAN NYAMAN"
04-12-2021,300,180,3,2,1,1,"Balikpapan Selatan, Balikpapan, Kalimantan Timur",SHM,2200,Utara,2990000000,https://www.rumah123.com/properti/balikpapan/hos9280112/,"JUAL MURAH, PEMILIK MAU PINDAH, LOKASI DI PERUMAHAN ELITE.
BALIKPAPAN BARU, DOUBLE HOOK HADAP UTARA FASILITAS LENGKAP SIAP HUNI,NEGO HARGA LANGSUNG PEMILIK"
04-12-2021,152,50,2,1,,1,"Kubu, Kubu Raya, Kalimantan Barat",SHM,1300,Timur,280000000,https://www.rumah123.com/properti/kubu-raya/hos9280080/,"Di jual Rumah type 50
Jln. Adisucipto
Gang. M. Yusuf(Hanura permai)"
04-12-2021,103,36,2,1,,1,"Kubu, Kubu Raya, Kalimantan Barat",SHM,1300,Timur,190000000,https://www.rumah123.com/properti/kubu-raya/hos9279856/,"Depan Indogrosir, daerah berkembang, jalan lebar, hanya 350meter dari jalan utama Arteri Supadio"
04-12-2021,189,225,5,3,,,"Pontianak Barat, Pontianak",SHM,5500,,2200000000,https://www.rumah123.com/properti/pontianak/hos9279848/,"Rumah Komp. Puri Garden, Pontianak, Kalimantan Barat"
04-12-2021,113,144,3,1,,,"Pontianak Barat, Pontianak",SHM,1300,,490000000,https://www.rumah123.com/properti/pontianak/hos9279835/,"Rumah Gg. Meranti 15, Pontianak, Kalimantan Barat"
05-12-2021,80,140,2,2,1,1,"Pontianak Kota, Pontianak",SHM,1300,,495000000,https://www.rumah123.com/properti/pontianak/hos9283796/,"Tengah kota di Jalan Setiabudi. Bisa tembus ke gg Ketapang
Bebas banjir dan harga nego"
05-12-2021,138,104,2,1,,2,"Pontianak Tenggara, Pontianak",SHM,2200,Timur Laut,650000000,https://www.rumah123.com/properti/pontianak/hos9283728/,"Rumah Cluster dengan keamanan 24 jam, bebas banjir, harga nego
Dekat dengan Transmart, Megamall, Gaia Mall, kantor Polisi, sekolahan"
05-12-2021,239,130,4,3,,2,"Pontianak Selatan, Pontianak",SHM,3500,,2600000000,https://www.rumah123.com/properti/pontianak/hos9283702/,"jalan purnama komplek Family resident bisa dilalui lewat gg Keluarga, Purnama Griya dan Purnama Dalam, tembusannya bisa ke Wonoyoso gg V
Cocok banget buat tempat tinggal, aman, tenang, nyaman
Dekat dengan megamall, sekolah internasional, Kantor polisi, rumah sakit"
05-12-2021,307,250,4,3,,2,"Pontianak Selatan, Pontianak",SHM,3500,,3200000000,https://www.rumah123.com/properti/pontianak/hos9283688/,"Rumah jual di Jalan Purnama Komplek Family Resident ini bisa masuk dari gg Keluarga, Purnama Griya maupun Purnama Dalam. Tembusan bisa ke wonoyoso gg V
Rumah baru ini siap huni, tinggal rapi2 in dikit aja sudah cakep
Dekat banget sama megamall, sekolah internasional, pusat kuliner, kantor polisi, rumah sakit"
05-12-2021,108,36,2,1,,1,"Kubu, Kubu Raya, Kalimantan Barat",SHM,1300,Timur,195000000,https://www.rumah123.com/properti/kubu-raya/hos9283458/,"PROMO !!!Potongan Harga pembelian cash!! Bonus Carport & Pagar. Lokasi Strategis :
- Dekat Kota Pontianak
- Dekat Kampus (UNTAN, BSI)
- Dekat Rumah Sakit
- Dekat GAIA Mall & Transmart
- Dekat Ayani Mega Mall
- Dekat Bandara Supadio"
05-12-2021,108,112,2,1,,1,"Pontianak Tenggara, Pontianak",SHM,2200,,480000000,https://www.rumah123.com/properti/pontianak/hos9284775/,"Depan komplek ada Bank Kalbar, banyak sekali restoran
Dalam komplek ada rumah kos, sekolahan, gereja"
05-12-2021,64,106,4,2,,1,"Pontianak Kota, Pontianak",SHM,1300,,460000000,https://www.rumah123.com/properti/pontianak/hos9284939/,"Jalan Tanjung pura gg. Baiduri 1.
SHM
Bebas banjir
Harga nego"
05-12-2021,180,54,2,1,,1,"Sungai Raya, Kubu Raya",SHM,1300,,340000000,https://www.rumah123.com/properti/kubu-raya/hos9285099/,"Jalan Wonodadi 1 gg Pendidikan
Dekat banget sama jalan utama Arteri Supadio"
05-12-2021,72,100,3,1,,1,"Pontianak Kota, Pontianak",SHM,1300,,550000000,https://www.rumah123.com/properti/pontianak/hos9285079/,"Jalan Veteran gg Syukur IV
termasuk :
kompor, meja kompor, mesin cuci, lemari kaca, meja makan, kursi kayu, bunk bed, spring bed queen size, lemari pakaian, kulkas, meja TV, meja kerja"
05-12-2021,180,165,3,1,,1,"Pontianak Timur, Pontianak",SHM,3500,,850000000,https://www.rumah123.com/properti/pontianak/hos9285054/,"Rumah minimalis siap huni, dilengkapi dengan perabotan utama
SHM, harga nego"
05-15-2021,255,312,5,4,1,1,"Pontianak Kota, Pontianak",SHM,3500,,3200000000,https://www.rumah123.com/properti/pontianak/hos9284734/,"kawasan ramai, akses mudah, dekat megamall, sekolahan, rumah sakit, kantor poltabes"
05-12-2021,139,210,3,1,1,1,"Sungai Raya, Kubu Raya",SHM,1300,,750000000,https://www.rumah123.com/properti/kubu-raya/hos9284987/,"Rumah siap huni jual dan sewa
SHM
Nego
Sewa 35jt nego"
05-12-2021,56,112,2,2,,1,"Sungai Raya, Kubu Raya",SHM,1300,,450000000,https://www.rumah123.com/properti/kubu-raya/hos9284962/,"komplek Grya Alam Raya, kawasan nyaman, tenang
Disertakan 3 AC, pompa air, meja kompor tanam, 2 tangki air, TV LED 21""
Bebas banjir, SHM, bebas nego"
05-12-2021,200,40,1,1,,1,"Sungai Ambawang, Kubu Raya",SHM,1300,,180000000,https://www.rumah123.com/properti/kubu-raya/hos9284357/,"kawasan komplek yang sangat luas, aman, tenang, nyaman dan harga bersahabat
Bebas banjir"
05-12-2021,192,288,5,5,1,2,"Pontianak Tenggara, Pontianak",SHM,1300,Timur Laut,1850000000,https://www.rumah123.com/properti/pontianak/hos9284150/,"Rumah mewah kondisi baru, tengah kota
dekat Megamall, transmart, Gaia Mall, Sekolah Internasional, Rumah Sakit, Kantor Polisi
Cocok untuk kantor atau rumah tinggal
harga sewa Rp 85juta
Harga Nego, bebas banjir"
06-12-2021,200,375,6,6,,,"Pontianak Tenggara, Pontianak",SHM,3500,,4500000000,https://www.rumah123.com/properti/pontianak/hos9291210/,"Rumah Ar. Saleh IA, Pontianak, Kalimantan Barat. Full Furnish Baru & Mewah
Sewakan Plus Full Furnish"
06-12-2021,180,120,3,3,,,"Pontianak Tenggara, Pontianak",SHM,3500,,1650000000,https://www.rumah123.com/properti/pontianak/hos9291195/,"Rumah Pondok Pelangi, Pontianak, Kalimantan Barat. Lokasi Jl. Karya Baru, Komp. Pondok Pelangi;
- Furnish : AC 3, Mesin Cuci, Kulkas, Sofa, Springbed, Pompa Air,Tangki 2, TV, Kitchenset
+ Kompor & Tabung Gas, Water Heather, Exchaust Fan, Meja Makan, Meja Rias, Lemari Pakaian 2, Lemari Hias;
- Lokasi Tengah Kota; Bisa Akses Mobil;
- Sgt Dekat Universitas Widya Dharma, STMIK, Rumah Sakit, Supermarket, Mall, Pusat Kuliner, Pasar Tradisional"
06-12-2021,893,360,6,5,,,"Pontianak Barat, Pontianak",SHM,7600,,5600000000,https://www.rumah123.com/properti/pontianak/hos9291162/,"Rumah Karya Baru, Pontianak, Kalimantan Barat. Lokasi Tepi Jalan Karya Baru
- Bak Air Bawah Tanah 8 Kubik
- Semi Furnish berupa AC 3 Unit
- Cocok untuk Usaha Kantor, Cafe, Tempat Tinggal"
06-12-2021,533,567,7,5,2,2,"Pontianak Timur, Pontianak",SHM,3500,,3800000000,https://www.rumah123.com/properti/pontianak/hos9291121/,"Rumah KHA. Dahlan, Gg. Dini, Pontianak, Kalimantan Barat
- Full Furnish : AC (6), Watr Heather (3), Bathup (2), Kitchen Set 2, Lemari 3
- PDAM
- Bak Air BT 20 Kubik"
06-12-2021,180,120,4,4,,,"Pontianak Timur, Pontianak",SHM,3500,,1800000000,https://www.rumah123.com/properti/pontianak/hos9291099/,"Rumah Pondok Pelangi, Karya Baru, Pontianak, Kalimantan Barat
- Bak Air Bawah Tanah 6 Kubik
- Full Renovasi
- Full Furnished Berupa : Kitchen Set, AC 3, Water Heather, Lemari Set Tiap K. Tidur, Tandon Air, Lemari TV, Sekat R. Tamu
- Kondisi Siap Huni"
06-12-2021,150,240,2,2,,,"Pontianak Kota, Pontianak",SHM,2200,,1250000000,https://www.rumah123.com/properti/pontianak/hos9291021/,"Rumah Gajahmada 18, Pontianak, Kalimantan Barat"
06-12-2021,180,252,5,3,,,"Pontianak Kota, Pontianak",SHM,2200,,2500000000,https://www.rumah123.com/properti/pontianak/hos9291008/,"Rumah Chairil Anwar, Pontianak, Kalimantan Barat
- Bak Air Bawah Tanah 18 Kubik
- Kawasan Sangat Strategis Pusat Kota
- Lebar Jalan 8m
- Siap Huni"
06-12-2021,100,96,2,1,,1,"Kubu, Kubu Raya",SHM,1300,,300000000,https://www.rumah123.com/properti/kubu-raya/hos9290943/,Rumah Murah Parit Tengkorak || Komp. Taman Mawar
06-12-2021,220,142,1,2,,3,"Pontianak Kota, Pontianak",SHM,1300,,650000000,https://www.rumah123.com/properti/pontianak/hos9290929/,Rumah Nirbaya || Tepi jalan
06-12-2021,166,36,1,1,,,"Sungai Ambawang, Pontianak",SHM,,,200000000,https://www.rumah123.com/properti/pontianak/hos9289336/,"Rumah Pontianak, Interesting, Hunian Nyaman, Rumah Baru"
06-12-2021,532,403,6,3,,,"Siantan, Pontianak",SHM,,,650000000,https://www.rumah123.com/properti/pontianak/hos9289337/,"Rumah Pontianak, Interesting, Hunian Nyaman,"
06-12-2021,205,135,3,2,,,"Pontianak Tenggara, Pontianak",SHM,,,800000000,https://www.rumah123.com/properti/pontianak/hos9289338/,"Rumah Siap Huni, komplek cluster. Harga terjangkau dengan fasilitas umum yang lengkap, dan akses ke tengah kota, mall, tempat ibadah, sekolah international, kampus dan taman kota."
06-12-2021,61,60,1,1,,,"Pontianak Kota, Pontianak",SHM,,,290000000,https://www.rumah123.com/properti/pontianak/hos9289339/,"Rumah Siap Huni, Lingkungan aman dan nyaman. Harga terjangkau dan akses ke tengah kota, mall, tempat ibadah, sekolah, kampus dan taman kota."
06-12-2021,373,175,4,2,,,"Balikpapan Utara, Balikpapan, Kalimantan Timur",SHM,2200,,2200000000,https://www.rumah123.com/properti/balikpapan/hos9290307/,"Rumah dijual Balikpapan semi funished, ada sisa tanah dibelakang, bebas anjir, lokasi strategis tengah kota, dekat RS Hermina dan dekat Living plaza."
06-12-2021,180,150,3,2,,,"Balikpapan Selatan, Balikpapan, Kalimantan Timur",SHM,2200,,1500000000,https://www.rumah.com/listing-properti/dijual-bukit-damai-indah-oleh-andry-lauw-19391098,"Rumah cantik dan murah di perumahan Bdi. Siap Huni, rumah cantik dan bersih. siap huni tinggal masuk harga murah di perum elit balikpapan. cocok buat hunian dan investasi
                                    ."
06-12-2021,216,150,4,3,,,"Balikpapan Selatan, Balikpapan, Kalimantan Timur",SHM,2200,,1250000000,https://www.rumah.com/listing-properti/dijual-bukit-damai-indah-oleh-andry-lauw-19335817,harga terjangkau sekali. rumah dengan luas tanah yg luas. di perum elit bpp
06-12-2021,180,36,1,1,,,"Siantan, Pontianak",SHM,,,164000000,https://www.rumah123.com/properti/pontianak/hos9289340/,"Dijual rumah baru siap huni, lokasi dekat kota, aman dan nyaman."
06-12-2021,240,45,2,1,,,"Siantan, Pontianak",SHM,,,220000000,https://www.rumah123.com/properti/pontianak/hos9289342/,"Dijual rumah baru siap huni, lokasi dekat kota, aman dan nyaman."
06-12-2021,156,80,3,1,,,"Pontianak Barat, Pontianak",SHM,,,850000000,https://www.rumah123.com/properti/pontianak/hos9289343/,"Rumah Siap Huni, Lingkungan aman dan nyaman. Harga terjangkau dan akses ke tengah kota, mall, tempat ibadah, sekolah, kampus dan taman kota."
06-12-2021,160,240,5,2,,,"Siantan, Pontianak",SHM,,,475000000,https://www.rumah123.com/properti/pontianak/hos9289345/,"Dijual rumah siap huni, lokasi dekat kota, lingkungan aman dan nyaman."
06-12-2021,194,80,3,1,,,"Pontianak Tenggara, Pontianak",SHM,,,825000000,https://www.rumah123.com/properti/pontianak/hos9289347/,"Rumah Siap Huni, Lingkungan aman dan nyaman. Harga terjangkau dan akses ke tengah kota, mall, tempat ibadah, sekolah, kampus dan taman kota."
06-12-2021,125,80,2,1,,,"Pontianak Kota, Pontianak",SHM,,,510000000,https://www.rumah123.com/properti/pontianak/hos9289348/,"Rumah Siap Huni, Lingkungan aman dan nyaman. Harga terjangkau dan akses ke tengah kota, mall, tempat ibadah, sekolah, kampus dan taman kota.
"
06-12-2021,174,140,2,1,,,"Siantan, Pontianak",SHM,,,350000000,https://www.rumah123.com/properti/pontianak/hos9289349/,"Dijual rumah siap huni, lokasi dekat kota, lingkungan aman dan nyaman."
06-12-2021,143,149,3,1,,,"Sungai Raya, Pontianak",SHM,,,320000000,https://www.rumah123.com/properti/pontianak/hos9289351/,"Dijual rumah siap huni, lokasi dekat kota, lingkungan aman dan nyaman."
06-12-2021,214,141,10,3,,,"Sungai Kakap, Pontianak",SHM,,,650000000,https://www.rumah123.com/properti/pontianak/hos9289352/,"Dijual rumah kos siap pakai, lokasi dekat kota, lingkungan aman dan nyaman.
"
06-12-2021,123,40,2,1,,,"Sungai Ambawang, Pontianak",SHM,,,350000000,https://www.rumah123.com/properti/pontianak/hos9289353/,"Dijual rumah siap huni, lokasi dekat kota, lingkungan aman dan nyaman."
06-12-2021,123,45,2,1,,,"Pontianak Timur, Pontianak",SHM,,,250000000,https://www.rumah123.com/properti/pontianak/hos9289354/,"Dijual rumah siap huni, lokasi dekat kota, lingkungan aman dan nyaman."
06-12-2021,157,168,4,1,,,"Pontianak Barat, Pontianak",HGB,,,450000000,https://www.rumah123.com/properti/pontianak/hos9289355/,"Dijual rumah siap huni, lokasi dekat kota, lingkungan aman dan nyaman."
06-12-2021,190,213,3,2,,,"Pontianak Tenggara, Pontianak",SHM,,,750000000,https://www.rumah123.com/properti/pontianak/hos9289357/,"Dijual rumah siap huni, lokasi dekat kota, lingkungan aman dan nyaman."
06-12-2021,325,112,4,3,,,"Pontianak Barat, Pontianak",SHM,,,1000000000,https://www.rumah123.com/properti/pontianak/hos9289358/,"Rumah Siap Huni, Desain klasik, Lingkungan aman dan nyaman. Harga terjangkau dan akses ke tengah kota, mall, tempat ibadah, sekolah, kampus dan taman kota."
06-12-2021,170,36,1,1,,,"Sungai Kakap, Pontianak",SHM,,,164000000,https://www.rumah123.com/properti/pontianak/hos9289359/,"Dijual rumah siap huni, lokasi dekat kota, lingkungan aman dan nyaman."
06-12-2021,208,45,2,1,,,"Pahandut, Palangka Raya, Kalimantan Tengah",SHM,1300,,280000000,https://www.rumah.com/listing-properti/dijual-perumahan-langkawi-pahandut-palangkaraya-oleh-hamzah-17775769,"Royal Zarmina Residence
Perumahan konsep syariah di Langkawi Pahandut kota Palangkaraya
- Tanpa Bank, Tanpa denda, Tanpa sita, Tanpa BI Checking
Fasilitas: Rumah Tahfidz, Masjid/Musholla, Program Tahfidz Al-Qur'an, One Gate System, Taman Bermain, Area Hijau, CCTV
Strategis Dalam Kota: 300 Meter dari Jl.RTA.Milono, 16 menit ke bandara, 5 menit masjid Ar Rahman, 5 menit Ma'had Asy-syafi'i AMCF
11 menit IAIN Palangkaraya, 10 menit kantor Gubernur
"
06-12-2021,60,30,2,1,,,"Samarinda Utara, Samarinda, Kalimantan Timur",SHM,1300,,195000000,https://www.rumah.com/listing-properti/dijual-perumahan-islami-di-samarinda-kaltim-promo-190jt-fasilitas-lengkap-oleh-diky-18800741,"Perumahan Islami Di Samarinda Kaltim Promo 190jt Fasilitas Lengkap. Kabar baik untuk anda warga Samarinda dan sekitarnya
Telah Hadir Perumahan Konsep Islami yang nyaman adalah dambaan setiap keluarga muslim di Indonesia
Perumahan Islami Mahakam Mountain View dengan Skema 100% sesuai syariah dan Lingkungan Islami.
Berikut Alasan anda harus memilih Mahakam Mountain View : Legalitas Aman, Developer Berpengalaman, Fasilitas Rumah Tahfidz, Masjid, Area Memanah dan Area berkuda
Harga Promo Launching 190 Jutaan, Dp awal Mulai 10 Jutaan, Cicilan Flat Mulai 2,4 Jutaan
Dengan kemudahan Akses yang sangat Strategis 7 KM Mall Samarinda Square 14 Menit, 7,5 KM Mall Lembuswana 15 Menit, 8 KM RS Abdul Wahab Sjahranie 17 Menit
10 KM Air Wisata Terjun Berambai 20 Menit, 3 KM Pasar Simpang 3 Bengkuring 5 Menit, 7 Km SMA Negri 1 10 Menit, 7 Km SMP Negri 1 10 Menit, 7 km SD SMP Cordova Islam Terpadu"
06-12-2021,150,240,2,2,,,"Jl Gajahmada 18, Pontianak, Kalimantan Barat",SHM,2200,,1250000000,https://www.rumah.com/listing-properti/dijual-rumah-gajahmada-18-pontianak-selatan-kalimantan-barat-oleh-hengki-heng-18478026,"Rumah Gajahmada 18 Pontianak Selatan Kalimantan Barat
Rumah Gajahmada 18, Pontianak, Kalimantan Barat
Luas Tanah 6m x 25m
Luas Bangunan 6m x 20m x 2Lt
K. Tidur 2; K. Mandi 2
PDAM; PLN 2200w"
06-12-2021,189,225,5,3,2,,"Jl Karya Baru, Pontianak, Kalimantan Barat",SHM,5500,,2200000000,https://www.rumah.com/listing-properti/dijual-rumah-puri-garden-pontianak-selatan-kalimantan-barat-oleh-hengki-heng-19066559,"Rumah Komp. Puri Garden, Pontianak, Kalimantan Barat
Lokasi Jl. Karya Baru, Komp. Puri Garden, Luas Tanah 9m x 21m; Luas Bangunan 9m x 12,5m x 2Lt; K. Tidur 4+1; K. Mandi 3;
PDAM; PLN 5500w; Plus : AC (4), Meja Makan + Kursi, Sofa, Pompa, Kitchenset dengan Kompor + Exchaust Fan, Water Heather (2), BABT, Tangki (2);
Belakang Ada Taman; Posisi Hadap Timur; Kawasan One Gate System + CCTV & Security 24 Jam"
06-12-2021,75,108,3,2,,,"Jl Waduk, Permai Pontianak, Kalimantan Barat",SHM,1300,,900000000,https://www.rumah.com/listing-properti/dijual-rumah-waduk-permai-pontianak-selatan-kalimantan-barat-oleh-hengki-heng-16445947,"Rumah Istimewa, Waduk Permai, Pontianak
Dekat Pasar Tradisional
Dekat Pusat Kuliner
Dekat Hotel dan Pusat Bisnis
Mudah Akses
"
06-12-2021,168,240,4,3,1,,"Jalan Purnama, Pontianak Selatan, Pontianak, Kalimantan Barat",SHM,2200,,1300000000,https://www.rumah.com/listing-properti/dijual-dijual-rumah-jalan-purnama-permai2-oleh-amy-18717937,"Dijual Rumah Cantik Siap Huni
Siap Huni
Lokasi strategis
Tenang dan nyaman"
06-12-2021,133,180,3,2,1,,"Jalan Perintis Kemerdekaan, Pontianak Selatan, Pontianak, Kalimantan Barat",SHM,1300,,650000000,https://www.rumah.com/listing-properti/dijual-diuual-rumah-siap-huni-jln-perintis-kemerdekaan-oleh-amy-19289833,"Dijual Rumah Jalan Perintis.Kemerdekaan
Siap Huni
Dapur full keramik
Jalan komplek lebar"
06-12-2021,200,250,4,3,,,"Jl S Raya Dalam, Pontianak, Kalimantan Barat",SHM,2200,,2300000000,https://www.rumah.com/listing-properti/dijual-rumah-permata-khatulistiwa-pontianak-tenggara-kalimantan-barat-oleh-hengki-heng-18087709,"Rumah Permata Khatulistiwa, Blok Cempaka, Pontianak, Kalimantan Barat
Luas Tanah 10m x 20m, Luas Bangunan Type 250, K. Tidur 4; K. Mandi 3, PLN 2200w; Ada PDAM
Keamanan Sekurity 24 Jam + CCTV Komplek, Lebar Komplek 2 Jalur, Jogging Area & Taman Bermain
Bebas Banjir, Sangat Dekat ke Sekolah, Mall, Transmart, Perkantoran & Kuliner"
06-12-2021,372,180,4,3,1,,"Jl Arteri Supadio, Pontianak, Kalimantan Barat",SHM,2200,,3000000000,https://www.rumah.com/listing-properti/dijual-rumah-citra-garden-aneka-pontianak-tenggara-kalimantan-barat-oleh-hengki-heng-19331189,"Rumah Citra Garden Aneka, Pontianak, Kalimantan Barat
Rumah Posisi Hook; Luas Tanah 15,5m x 24m; Luas Bangunan 7,7m x 11,7m x 2Lt; Tanah Samping 7,7m;
K. Tidur 3+1; K. Mandi 3; Ada Balkon; Ada Teras Jemur; PDAM; PLN 2200w; Carport 2 Mobil;
Fasilitas : Kolam Renang, Fitness & Gym, Jogging Track, Lapangan Basket; Kawasan Hijau, Nyaman, Bebas Banjir + Keamanan Sekurity & CCTV"
06-12-2021,105,72,2,2,1,,"Jalan Paris 1, Pontianak Tenggara, Pontianak, Kalimantan Barat
",SHM,2200,,400000000,https://www.rumah.com/listing-properti/dijual-dijual-rumah-siap-huni-plus-perabot-oleh-amy-19361840,"Dijual Rumah Suap Huni Plus Perabot
Ac 3 unit, Tv,kasur2,set kursi jati,meja kompor,lemari kaca,kulkas.
Dekat untan,ayani mega mal,sekolah Al Azar"
06-12-2021,60,30,2,1,1,,"Samarinda Utara, Samarinda, Kalimantan Timur",SHM,1300,,195000000,https://www.rumah.com/listing-properti/dijual-perumahan-islami-di-samarinda-kaltim-promo-190jt-fasilitas-lengkap-oleh-diky-188007411,"Perumahan Islami Mahakam Mountain View dengan Skema 100% sesuai syariah dan Lingkungan Islami.
Berikut Alasan anda harus memilih Mahakam Mountain View :
- Legalitas Aman - Developer Berpengalaman - Fasilitas Rumah Tahfidz, Masjid, Area Memanah dan Area berkuda
- Harga Promo Launching 190 Jutaan - Dp awal Mulai 10 Jutaan - Cicilan Flat Mulai 2,4 Jutaan
Dengan kemudahan Akses yang sangat Strategis:  7 KM Mall Samarinda Square 14 Menit, 7,5 KM Mall Lembuswana 15 Menit
8 KM RS Abdul Wahab Sjahranie 17 Menit, 10 KM Air Wisata Terjun Berambai 20 Menit, 3 KM Pasar Simpang 3 Bengkuring 5 Menit
- 7 Km SMA Negri 1 10 Menit - 7 Km SMP Negri 1 10 Menit - 7 km SD SMP Cordova Islam Terpadu
"
06-12-2021,1120,700,10,7,,,"Samboja, Kutai Kartanegara",SHM,2200,,1200000000,https://www.rumah123.com/properti/kutai-kartanegara/hos9290704/,"Rumah Dijual Kutai Kartanegara RUMAH NOL JALAN
DI AREA JALAN LINTAS PROVINSI. BISA DIJADIKAN AREA USAHA.
TERDAPAT BEBERAPA BANGUNAN DI DALAM AREA YANG DIJUAL.
BANGUNAN TERDIRI DARI 2 RUMAH, 3 KOS-KOSAN DAN 1 MINI RUKO.
TERDAPAT HALAMAN DI BAGIAN BELAKANG DAN PAGAR DI SEKELILING AREA PROPERTI.
JUMLAH KAMAR TIDUR DAN KAMAR MANDI YANG TERTERA ADALAH JUMLAH TOTAL YANG TERDAPAT DI DALAM SELURUH BANGUNAN YANG ADA."
06-12-2021,100,55,2,1,,,"Banjarmasin Timur, Banjarmasin Kota, Kalimantan Selatan",SHM,,,600000000,https://www.olx.co.id/item/jual-cepat-rumah-iid-849352605,Rumah type 55.dijual cepat karena pindah ke jawa
06-12-2021,893,360,6,5,,3,"Pontianak Timur, Pontianak",SHM,8000,,5600000000,https://www.rumah123.com/properti/pontianak/hos9288474/,"Rumah Karya Baru, Pontianak, Kalimantan Barat
Lokasi Tepi Jalan Karya Baru, Ada 2 Unit Rumah, Luas Tanah 19m x 47m, Luas Bangunan (14m x 15m)+(10m x 15m)
K. Tidur 6; K. Mandi 5, PDAM 2 meteran, PLN 2200w+1300w+3500w, Bak Air Bawah Tanah 8 Kubik
Semi Furnish berupa AC 3 Unit, Cocok untuk Usaha Kantor, Cafe, Tempat Tinggal"
06-12-2021,180,120,4,4,,2,"Pontianak Barat, Pontianak",SHM,3500,,1800000000,https://www.rumah123.com/properti/pontianak/hos9288118/,"Rumah Pondok Pelangi, Karya Baru, Pontianak, Kalimantan Barat
Luas Tanah 10m x 18m, Luas Bangunan 10m x 12m, K. Tidur 3+1; K. Mandi 4, PDAM; PLN 3500w
Bak Air Bawah Tanah 6 Kubik, Full Renovasi, Full Furnished Berupa : Kitchen Set, AC 3, Water Heather, Lemari Set Tiap K. Tidur,
Tandon Air, Lemari TV, Sekat R. Tamu, Kondisi Siap Huni"
06-12-2021,105,210,3,3,,1,"Pontianak Kota, Pontianak",SHM,4400,,900000000,https://www.rumah123.com/properti/pontianak/hos9287820/,"Rumah Siaga Makmur, Pontianak, Kalimantan Barat
Luas Tanah 6m x 17,5m, Luas Bangunan 6m x 14m x 2,5Lt, K. Tidur 3; K. Mandi 3, PLN 3500w + 1300w; PDAM
Plus Bak Air Bawah Tanah 6 Kubik & Tangki Air, Full Furnish, Kondisi Siap Huni"
06-12-2021,214,180,2,1,,1,"Pontianak Kota, Pontianak",SHM,1300,,580000000,https://www.rumah123.com/properti/pontianak/hos9287802/,"Rumah Prasetyo, Korpri, Serdam, Pontianak, Kalimantan Barat
Luas Tanah 13m x 16,5m, Luas Bangunan 12m x 15m, K. Tidur 2; K. Mandi 1, PLN 1300w + 450w
Ada Sumur Bor, Cocok Buka Usaha Plus Rumah Tinggal"
06-12-2021,260,160,3,1,1,,"Jl hantasan raya, Pulang Pisau, Kalimantan Tengah",SHM,,,650000000,https://www.olx.co.id/item/rumah-dijual-bisa-nego-iid-849313509,"lokasi ditengah perkotaan,akses menuju rumah diaspal,dan isi rumah kosongan atau polos,satu satunya rumah yang cukup luas serta halaman nya."
07-12-2021,105,100,2,1,,,"Balikpapan Selatan, Balikpapan",SHM,1300,,550000000,https://www.rumah123.com/properti/balikpapan/hos9293489/,"Rumah Dijual Balikpapan - LOKASI DALAM PERUMAHAN FASILITAS LENGKAP
- DEKAT RUMAH SAKIT HERMINA
- DEKAT GRAND CITY, TRANS MART
- DEKAT SEKOLAH"
07-12-2021,144,36,2,1,,1,"Jalan Perdamaian, Kota Baru",SHM,,,164500000,https://www.olx.co.id/item/harga-murah-angsuran-tetap-iid-831032360,"Tiffany & La Residence 2
Keunggulan & Fasilitas komplek : Tanah tidak gambut, Bangunan kokoh berstandar, jalan paving blok lebar 6 meter, saluran drainase komplek, Taman komplek
Lapangan olahraga, Fasum jalan putar, Air sumur bersih"
07-12-2021,153,75,3,2,1,1,"Jl ujung pandang 1, Kota Pontianak",SHM,,,585000000,https://www.olx.co.id/item/perumahan-cluster-one-gate-system-iid-820749770,"D’KINAN RESIDENCE
PRIDES OF UJUNG PANDANG
lokasi jl ujung pandang 1 kota pontianak
* Fasilitas pendukung terbaik : - Cluster - one gate - cctv - security - jalan paving blok 6 meter  - taman bermain"
07-12-2021,140,45,2,1,,1,Jln Harapan Jaya - Kota Baru,SHM,,,275000000,https://www.olx.co.id/item/rumah-siap-huni-type-45-iid-849400584,"TYPE 45 SIAP HUNI
miliki segera
Komplek perumahan
jl.prof m.yamin
Harapan jaya Kota baru
Desain modern,lokasi strategis
SPESIFIKASI: rumah tunggal, bangunan T.45, luas tanah 10mx15m, 2 kamar tidur 1 kamar mandi, ruang tamu, ruang dapur, ruang makan, carport mobil, wc duduk
rangka baja ringan dan atap metal, keramik 40x40, gerbang komplek, jalan komplek 5 meter cor beton"
07-12-2021,139,200,2,2,,1,Jalan Daranante Gang Andayani,SHM,,,1300000000,https://www.olx.co.id/item/dijual-rumah-siap-huni-jalan-daranante-iid-828220998,"Rumah baru
Siap huni
Pusat kota"
07-12-2021,190,160,4,3,,1,Jl. Parit haji husin 2,SHM,2200,,1600000000,https://www.olx.co.id/item/rumah-komplek-graha-anindya-residence-paris-2-pontianak-kalbar-iid-849356537,"Akses jalan komplek 6m paving blok, siap pakai, dekat untan, bonus kanopi, pusat kota, strategis, ada bak air, carport, pondasi full beton, carport full keramik, cocok untuk tempat tinggal, lapis 1 dari jalan raya"
07-12-2021,120,40,2,1,,1,"Jalan Tabrani Ahmad 2, Pontianak",SHM,1300,,225000000,https://www.olx.co.id/item/promo-rumah-type-40-iid-849364039,"Spesifikasi: ukuran tanah 10x12M², luas bangunan -+40m², 2 kamar tidur, 1 kamar mandi, rangka atap kayu, listrik 1300 watt, air bersih PDAM
bonus: Pagar liter U, Carport mobil"
07-12-2021,206,120,3,3,1,1,"Jalan Dr. Wahidin, Pontianak Kota",SHM,2200,,1128000000,https://www.olx.co.id/item/jalan-dr-wahidin-iid-840443908,"Keunggulan & fasilitas : - Komplek Pinggir jalan utama - dekat sekolahan & Kampus - Dekat (SPBU & Sekolahan SMA 4) - New Design - Tanah Keras - Bebas banjir
- Pondasi tinggi
Spesifikasi : - Type 120 ( 2 LANTAI ) - Luas Tanah 9 x 23 meter (Hadap Timur) - 3 kamar tidur - 3 kamar mandi/Wc - Ruang keluarga - Closed Duduk Merk TOTO - DAPUR
- PARTISI TV & PARTISI RUANG TAMU - Air PDAM - Listrik 2200 watt - lantai granite 60 x 60 cm - Akses Jalan 2 mobil lebar 6 meter ASPAL
Bonus : - Kitchen Set - Kompor Tanam + Exshouse - Pagar - trap flapon Lampu bias - Taman Mini Bagian Depan - Khusus Cash Bonus Potongan Harga 50juta - AC

"
07-12-2021,160,150,3,3,,1,"Jalan Parit H Husein 2, Pontianak Tenggara",SHM,2200,,1200000000,https://www.olx.co.id/item/rumah-mewah-siap-huni-2-lantai-iid-849392360,"SPESIFIKASI: Type 150 2 Lantai, Uk Tanah 8x20m, 3 Kamar tidur, 3 Kamar mandi, Pagar, Carport full keramik, Listrik 2200watt, PDAM
BONUS: kitchen set, pagar, taman, lampu dalam rumah termasuk lampu bias"
07-12-2021,72,36,2,1,,,"Sumber Rejo, Balikpapan",SHM,1300,,498000000,https://www.rumah123.com/properti/balikpapan/hos9293449/,"Rumah Dijual Balikpapan - RUMAH IMPIAN LOKASI SANGAT STRATEGIS DAN MUDAH TERJANGKAU
- BEBAS BANJIR
- RUMAH DENGAN DESAIN SANGAT MODERN MINIMALIS ELEGAN
- AKSES MASUK DEKAT JALAN UTAMA
- HARGA SUDAH TERMASUK BIAYA PENINGKATAN SHM, BPHTB, AJB, PPN, BIAYA BALIK NAMA"
07-12-2021,198,280,4,4,,1,"Jl. Karya baru, Pontianak Selatan, Pontianak Kota",SHM,4400,,2600000000,https://www.olx.co.id/item/rumah-mewah-komplek-puri-garden-karya-baru-pontianak-kalimantan-barat-iid-849392198,
07-12-2021,165,210,5,4,,1,"Jl. Mitra perdana, Pontianak Selatan, Pontianak Kota",SHM,4400,,1900000000,https://www.olx.co.id/item/rumah-komplek-grand-perdana-residence-pontianak-kalimantan-barat-iid-849356698,
07-12-2021,200,45,2,2,1,,"Jl perjuangan, panarung, palangkaraya",SHM,,,225000000,https://www.olx.co.id/item/dijual-rumah-siap-huni-iid-849354094,"Dijual rumah siap huni,
Murah meriah, pembeli puas, harga bersaudara."
07-12-2021,165,48,2,1,,1,"Jl Golf Landasan Ulin, Banjarbaru Kota, Kalimantan Selatan",SHM,,,250000000,https://www.olx.co.id/item/hunian-modern-minimalis-iid-849400364,Hunian modern dengan desain rumah minimalis di tengah kota banjarbaru
07-12-2021,150,150,2,2,1,,"Jl handil bakti komp persada raya 3, Banjarmasin Tengah, Kalimantan Selatan",SHM,,,250000000,https://www.olx.co.id/item/djual-rumah-dhandil-bakti-iid-849412527,"Lokasi strategisT
Full keramik"
07-12-2021,100,36,2,1,,1,"Tanjung Selor, Bulungan Kab., Kalimantan Utara",HGB,,,164500000,https://www.olx.co.id/item/perumahan-subsidi-type-36100-diutamakan-cash-keras-iid-827727764,"Kami Wujudkan Rumah Impian Anda.
Perumahan Sofwa Indah Permai 2
Kami menawarkan rumah siap huni, konsep rumah tunggal dengan type rumah 36/100.(dikhususkan cash keras).
Pesan unit dan miliki keunggulan lokasi dengan type 36."
03-11-2021,256,247,3,2,1,1,"Pahandut, Palangkaraya",SHM,,,500000000,https://www.rumah123.com/properti/palangkaraya/hos9097389/,"perumahan luas, aman nyaman bersih , masih baru"
12-11-2021,2300,250,6,2,,,"Jekan Raya, Palangkaraya",SHM,2200,,2000000000,https://www.rumah123.com/properti/palangkaraya/hos9143837/,Murah ada 2 rumah bagus siap huni
12-11-2021,200,252,6,4,,1,"Sungai Raya, Pontianak",SHM,5500,,2150000000,https://www.rumah123.com/properti/pontianak/hos9092170/,"Rumah Mewah , Nyaman Siap Huni dalam Kawasan Tenang dan Luas
Royal Serdam 1 Pontianak"
29-11-2021,900,320,6,3,,,"Pontianak Selatan, Pontianak",SHM,4400,,5500000000,https://www.rumah123.com/properti/pontianak/hos9229133/,"Rumah Mitra Perdana, Karya Baru 2, Pontianak, Kalimantan Barat. Luas Tanah 20m x 45m
Luas Bangunan 16m x 20m
K. Tidur 6; K. Mandi 3
Ada Bak Air Bawah Tanah 25 Kubik
PLN 4400w; Ada PDAM
Sudah Ada Usaha Kost, Siap huni"
29-11-2021,200,200,3,3,,,"Balikpapan Selatan, Balikpapan, Kalimantan Timur",SHM,2200,,2600000000,https://www.rumah123.com/properti/balikpapan/hos9248573/,"Rumah Dijual Balikpapan - Harga sudah termasuk full furnished, Harga masih bisa nego dikit, Lokasi strategis tengah kota, Dekat RS restu ibu & Siloam, dan Dekat living plaza"
29-11-2021,157,170,4,2,,,"Rumah Komp. Spring Park, Pontianak",SHM,2200,,1200000000,https://www.rumah123.com/properti/pontianak/hos9229080/,"One Gate System; Nyaman & Aman;
Siap Huni"
30-11-2021,234,156,6,2,,,"Balikpapan Selatan, Balikpapan",SHM,2200,,2300000000,https://www.rumah123.com/properti/balikpapan/hos9254805/,"Rumah Dijualsewa Balikpapan - RUMAH KAWASAN ELITE DALAM CLUSTER
- RUMAH 1 LANTAI,  DENGAN 6 KAMAR
- COCOK UNTUK MESS KARYAWAN
- DEKAT MALL FANTASI"
02-10-2021,128,90,3,2,,,"Banjar Baru, Banjar Baru",HJB,2200,,300000000,https://www.rumah123.com/properti/banjar-baru/hos8929942/,Rumah Dijual Banjar Baru Tampak lebar
20-10-2021,180,180,3,2,,,"Banjar Baru, Banjar Baru",SHM,2200,,975000000,https://www.rumah123.com/properti/banjar-baru/hos9025429/,"Dijual Rumah di lotus Regency Banjar baru kebun karet Banjar baru Lt:180 Lb: 180 Kt: 3+1 Km: 2+1 Furnished: kitchen set, AC 3 di setiap kamar"
22-10-2021,552,287,2,1,1,1,"Pulau Laut Utara, Kota Baru",PPJB,2200,,5000000000,https://www.rumah123.com/properti/kota-baru/hos9037279/,RUMAH jual dijual Jalan Veteran Rumah Cocok untuk Investasi! KOTA BARU PULAU LAUT UTARA
27-10-2021,200,150,3,2,,,"Banjar Baru, Banjar Baru",PPJB,1300,,750000000,https://www.rumah123.com/properti/banjar-baru/hos9060633/,Rumah Dijual Banjar Baru FOR SALE RUMAH BARU GRESS.. DI PERUMAHAN CITRA MITRA CITY BY CITRALAND PERUMAHAN ELEGAN DAN NYAMAN DI BANJARBARU KALIMANTAN SELATAN. TELAH HADIR MENJANGKAU ANDA YG DI BANJARBARU
22-09-2021,1800,150,5,3,5,5,"Arut Selatan, Kota Waringin Barat",SHM,3500,,2500000000,https://www.rumah123.com/properti/kota-waringin-barat/hos8881999/,"Dijual Rumah ukuran besar
Lokasi berda di pinggir jalan raya 
Jl. M. Noor
Bebas banjir
Luas
Sangat strategis"
09-09-2021,274,224,3,3,,,"Banjar Baru, Banjar Baru",SHM,1300,Timur,1900000000,https://www.rumah123.com/properti/banjar-baru/hos8816775/,Dijual Rumah Full Furnish di Jalan Guntung Alaban Kalimantan Selatan
07-08-2021,113,100,3,2,,,"Tanjung Selor, Bulungan",SHM,2200,,495000000,https://www.rumah123.com/properti/bulungan/hos8665040/,"Lokasi sangat strategis sekitar 100m dari jalan raya Jelarai Tanjung Selor, 500m dari rumah dinas Bupati, Sebelah Kantor PUPR Kab Bulungan."
18-08-2021,40,80,2,1,,,"Banjar Baru, Banjar Baru",SHM,1300,,500000000,https://www.rumah123.com/properti/banjar-baru/hos8705954/,"Rumah Dijual Banjar Baru dijual rumah komplek bcb banjarbaru kawasan tinggi bebas banjir fasilitas lengkap dekat kantor gubernur, sekolahan, pasar, rumah sakit, masjid"
27-08-2021,220,107,2,1,,,"Kertak Hanyar, Banjar",SHM,,,550000000,https://www.rumah123.com/properti/banjar/hos8749026/,Spesifikasi : SHM LT. 220 M2 / LB. 107 M2 1 Lantai 2 Kamar Tidur 1 Kamar Mandi Carport PDAM Cash atau Kredit
02-06-2021,128,170,4,3,1,1,"Banjarmasin Selatan, Banjarmasin",SHM,2200,,1500000000,https://www.rumah123.com/properti/banjarmasin/hos8376742/,Rumah citra garden banjarmasin blok c Luas tanah : 128 m2 Luas bangunan : 170 m2 Kamar tidur : 4 Kamar mandi : 3 Bonus AC 5 unit Minat hubungi atau WA 085268951xxx
22-06-2021,200,36,2,1,,,"Jekan Raya, Palangkaraya",SHM,,,198000000,https://www.rumah123.com/properti/palangkaraya/hos8468263/,Rumah minimalis modern idaman
22-06-2021,200,45,2,1,,,"Jekan Raya, Palangkaraya",SHM,1300,,298000000,https://www.rumah123.com/properti/palangkaraya/hos8468253/,Rumah minimalis modern idaman
20-05-2021,299,366,7,5,,,"Banjarmasin, Banjarmasin",SHM,2200,,3000000000,https://www.rumah123.com/properti/banjarmasin/hos8324629/,"Rumah 2Lantai Siap Huni Lokasi Strategis Di Artha Kencana Banjarmasin...Cocok Untuk Hunian Atau Rumah Kost, Dekat Fasilitas Umum, Lingkungan Aman Dan Nyaman...Harga Nego Pemilik"
25-05-2021,144,79,2,2,1,1,"Banjarmasin, Banjarmasin",SHM,2200,,1000000000,https://www.rumah123.com/properti/banjarmasin/hos8351370/,DI JUAL RUMAH perumahan anugerah dian regency.banjarmasin Kondisi rumah baru. Belum ada 1 tahun di tempatin.
07-06-2023,200,99,3,2,0,1,"Samarinda Ulu, Samarinda",HGB,2200,,1800000000,https://www.rumah123.com/properti/samarinda/hos13790549/,"Lokasi rumah yang strategis, dekat dengan Kantor Dinas Perhubungan, Barista and Industri Samarinda, dan Balitbang Kota Samarinda."
07-06-2023,78,42,3,1,0,0,"Balikpapan Tengah, Balikpapan",SHM,1300,,585000000,https://www.rumah123.com/properti/balikpapan/hos13948035/,"Berada di kawasan yang eksklusif yang asri, indah dan nyaman terletak di jalan mayjen TNI AD imat saili atau lebih di kenal sebagai jalan sungai ampal dengan akses yang mudah dan berbagai fasilitas umum, pendidikan, perkantoran dan bisnis, kesehatan dan pusat berbelanjaan serta kuliner."
07-06-2023,72,36,2,1,0,0,"Balikpapan Tengah, Balikpapan",SHM,1300,,585000000,https://www.rumah123.com/properti/balikpapan/hos13948027/,"Berada di kawasan yang eksklusif yang asri, indah dan nyaman terletak di jalan mayjen TNI AD imat saili atau lebih di kenal sebagai jalan sungai ampal dengan akses yang mudah dan berbagai fasilitas umum, pendidikan, perkantoran dan bisnis, kesehatan dan pusat berbelanjaan serta kuliner."
07-06-2023,108,60,3,1,0,0,"Balikpapan Tengah, Balikpapan",SHM,2200,,1010000000,https://www.rumah123.com/properti/balikpapan/hos13947908/,"Berada di kawasan yang eksklusif yang asri, indah dan nyaman terletak di jalan mayjen TNI AD imat saili atau lebih di kenal sebagai jalan sungai ampal dengan akses yang mudah dan berbagai fasilitas umum, pendidikan, perkantoran dan bisnis, kesehatan dan pusat berbelanjaan serta kuliner."
07-06-2023,120,93,3,1,0,1,"Balikpapan Baru, Balikpapan",SHM,5500,,1500000000,https://www.rumah123.com/properti/balikpapan/hos13947895/,"LINGKUNGAN AMAN TENANG DAN TENTERAM. DEKAT KEMANA MANA KE MALL, PASAR SEGAR, RUMAH SAKIT. BEBAS BANJIR. DEKAT ATM CENTER. DEKAT PUSAT PERKANTORAN. DEKAT PUSAT PERKANTORAN. DEKAT KULINER PAGI, SIANG, MALAM."
07-06-2023,98,60,2,1,0,0,"Balikpapan Selatan, Balikpapan",SHM,1300,,895000000,https://www.rumah123.com/properti/balikpapan/hos13947800/,"Lokasinya sangat strategis ke manapun dekat. Daun village berada di Jalan MT Haryono, Balikpapan Selatan. Kawasan ini dikelilingi berbagai fasilitas publik, seperti pusat perbelanjaan Transmart, tempat ibadah, dekat dengan lembaga pendidikan, sarana kesehatan atau rumah sakit, sampai pusat grosir, Lottemart."
07-06-2023,171,93,3,2,0,0,"Balikpapan Selatan, Balikpapan",SHM,1300,,1600000000,https://www.rumah123.com/properti/balikpapan/hos13947791/,"Lokasinya sangat strategis ke manapun dekat. Daun village berada di Jalan MT Haryono, Balikpapan Selatan. Kawasan ini dikelilingi berbagai fasilitas publik, seperti pusat perbelanjaan Transmart, tempat ibadah, dekat dengan lembaga pendidikan, sarana kesehatan atau rumah sakit, sampai pusat grosir, Lottemart."
07-06-2023,170,100,4,2,0,0,"Bontang Selatan, Bontang",SHM,2200,,485000000,https://www.rumah123.com/properti/bontang/hos13947691/,"Rumah Dijual Bontang RUMAH MURAH SIAP HUNI ADA 2 RUMAH JEJER , LOKASI PUSAT KOTA , DIJUAL EDISI PINDAH LUAR KOTA , SIAPA CEPAT DIA DAPAT , HANYA UNTUK YANG SERIUS SAJA GUYS."
07-06-2023,140,90,2,2,0,1,"Balikpapan Baru, Balikpapan",SHM,2200,,1200000000,https://www.rumah123.com/properti/balikpapan/hos13942963/,"RUMAH DALAM CLUSTER. BEBAS BANJIR. DEKAT AREA KULINER PAGI, SIANG, MALAM. DEKAT SEKOLAH PG, TK, SD. DEKAT PUSAT BERBELANJAAN."
07-06-2023,136,55,2,1,0,1,"Sepinggan, Balikpapan",SHM,1300,,695000000,https://www.rumah123.com/properti/balikpapan/hos13939702/,Rumah Baru di Cluster Turquoise Palm Hills.
07-06-2023,208,120,4,2,1,0,"Pontianak Kota, Pontianak",SHM,900,,450000000,https://www.rumah123.com/properti/pontianak/hos13683703/,"Dekat lokasi kuliner, dekat pasar dan rumah ibadah. Full keramik, tralis, AC 1, mesin cuci, 1 set meja makan, 1 set meja kursi ruang tamu, 4 tempayan, 1 pinguin, lemari, Wi-fi dan kolam ikan."
07-06-2023,240,120,3,3,0,1,"Sungai Raya, Kubu Raya",SHM,2200,,1180000000,https://www.rumah123.com/properti/kubu-raya/hos13919272/,"DIJUAL RUMAH. Lokasi di Komp. Mega Lavender, Jalan Desa Kapur. Akses menuju: RSUD Sudarso: 11 menit. Sekolah TERPADU: 6 menit. STIE: 16 menit. Gaia Bumi Raya City Mall: 10 menit. Qubu Resort: 14 menit"
07-06-2023,133,150,3,3,1,1,"Pontianak Selatan, Pontianak",SHM,4400,Timur,1800000000,https://www.rumah123.com/properti/pontianak/hos8797958/,"Dijual rumah fully furnished Gg.Purnama 1, Pontianak lt. 8 x 17 lb. 8 x 12 x 2lt Lokasi ramai, Siap Huni, Strategis, Dekat Ayani Megamall dan sekolah Immanuel, PC, Siap Huni, Lokasi Favorite. Dilengkapi 4 unit AC, Water heater, Lemari."
07-06-2023,162,378,7,6,0,1,"Sungai Raya, Kubu Raya",SHM,4400,,1700000000,https://www.rumah123.com/properti/kubu-raya/hos13459668/,"Jl.Sei Raya Dalam Komp Nilam Permai. SHM, LT. 10 m x 16,2 m ; LB. 9 m x 14 m x 3lt. LT 162. LB 378. Kamar Tidur 7. Kamar mandi 6. Listrik 4400. Air PDAM."
07-06-2023,366,174,6,4,1,4,"Pontianak Selatan, Pontianak",SHM,2200,Tenggara,1600000000,https://www.rumah123.com/properti/pontianak/hos13822908/,"Letak strategis di tepi jalan, dekat tempat kuliner, rumah sakit, kantor pemerintahan, toko baju, dll."
07-06-2023,140,80,3,2,0,1,"Pontianak Kota, Pontianak",SHM,2200,,650000000,https://www.rumah123.com/properti/pontianak/hos13947909/,Dekat dengan: Universitas STKIP. Politeknik Aisyiyah Pontianak. Kolam Renang Ampera. Polsek Pontianak Kota
07-06-2023,165,50,2,1,0,1,"Sungai Raya, Kubu Raya",SHM,1300,,325000000,https://www.rumah123.com/properti/kubu-raya/hos13942431/,"Lingkungan aman dan tenang, Bebas banjir, Jalan Gang Aspal bisa masuk mobil, PDAM, Bonus : Carport Ukuran 4 x 6,5, Pagar Letter U, Lampu Hias, Shower."
07-06-2023,133,36,2,1,0,1,"Sungai Kakap, Kubu Raya",SHM,1300,,164000000,https://www.rumah123.com/properti/kubu-raya/hos13941271/,"Lokasi Strategis. Dekat dengan sekolah,kantor dan pasar. Primary. Kawasan aman. Akses kemana-mana dekat. Jalan Perumahan 5 meter. free carport. Siap Huni."
07-06-2023,141,140,3,2,0,1,"Sungai Raya, Kubu Raya",SHM,900,Tenggara,495000000,https://www.rumah123.com/properti/kubu-raya/hos13559058/,"Lokasi agak depan di desa kapur, lokasi ramai penduduk, dekat Gaia mall dan transmart, include AC, kipas angin, meja, kursi, pompa air, saringan, 2 tangki pinguin."
07-06-2023,120,70,2,1,0,1,"Sungai Ambawang, Kubu Raya",SHM,2200,,275000000,https://www.rumah123.com/properti/kubu-raya/hos13559349/,"Lokasi berkembang, ramai penduduk, rumah baru siap huni."
07-06-2023,144,36,2,1,0,0,"Sungai Ambawang, Kubu Raya",SHM,2200,,155000000,https://www.rumah123.com/properti/kubu-raya/hos13600202/,"Harga mulai dari 155 juta, bisa cash tempo dengan dp 30%, lokasi berkembang, bangunan tunggal, carport cor beton, jalan Pavling block 5 meter."
07-06-2023,115,80,1,2,0,0,"Pontianak Selatan, Pontianak",SHM,1300,,485000000,https://www.rumah123.com/properti/pontianak/hos13581035/,Universitas Tanjungpura: 7 menit. Ayani Megamall: 7 menit. Sekolah Kristen Immanuel: 5 menit. TK Kinderfield School: 1 menit. RS Mitra Medika: 6 menit.
07-06-2023,115,96,5,4,0,0,"Pontianak Selatan, Pontianak",SHM,5500,,1200000000,https://www.rumah123.com/properti/pontianak/hos13581031/,SMA Santo Paulus: 9 menit. Universitas Widya Dharma: 8 menit. Pasar Flamboyan: 4 menit. RS Kharitas Bhakti: 4 menit. Ayani Megamall: 10 menit.
07-06-2023,180,90,3,2,0,0,"Pontianak Selatan, Pontianak",SHM,2200,,825000000,https://www.rumah123.com/properti/pontianak/hos13581030/,SMA Negri 10: 5 menit. Sekolah Kristen Immanuel: 9 menit. Ayani Megamall: 10 menit. RS Mitra Medika: 9 menit. RS St. Antonius: 15 menit.
07-06-2023,143,142,3,2,0,1,"Sungai Raya, Kubu Raya",SHM,1300,,780000000,https://www.rumah123.com/properti/kubu-raya/hos13581028/,Universitas Tanjungpura: 10 menit. Sekolah Gembala Baik: 8 menit. Gaia Bumi Raya City Mall: 13 menit. RSIA Anugrah: 9 menit. RSUD Dr. Sudarso: 11 menit.
06-06-2023,300,220,3,3,0,1,Banjarmasin,SHM,2200,Barat Laut,2000000000,Rumah Siap Huni di Banjarmasin Kalimantan Selatan | Rumah123.com,"Dijual Rumah rapi di Banjarmasin Kalimantan Selatan, Lt : 220 m2, Uk : 11 x 20 m, Barat Laut, 3 Ktdr, 3 Kmd, 2.200 watt, Harga : 2 M nego"
06-06-2023,614,150,3,2,3,0,Banjarmasin,SHM,2200,Barat,1400000000,https://www.rumah123.com/properti/banjarmasin/hos13331790/,Rumah Dijual Banjarmasin RUMAH SIAP HUNI KOMPLEK SURYSA SAKTI BANJAR BARAT BANJARMASIN
06-06-2023,254,157,3,2,1,1,Banjarmasin,SHM,2200,,1600000000,Rumah Di Kompleks Kayutangi Permai Banjarmasin KalSel | Rumah123.com,"Halaman depan, samping dan belakang
Listrik token 2200 w
Air PDAM Bandarmasin"
06-06-2023,216,107,3,2,0,1,Banjarmasin,SHM,2200,,625000000,Rumah hoek murah siap huni di banjarmasin | Rumah123.com,"Rumah hoek di komplek perdagangan permai
Banjarmasin
Dijual cepat banting harga
Samping ada sisa tanah bisa buat kebun"
06-06-2023,128,170,4,3,1,1,Banjarmasin,SHM,2200,,1500000000,Rumah citra garden banjarmasin blok C | Rumah123.com,"Rumah citra garden banjarmasin blok c
Luas tanah : 128 m2
Luas bangunan : 170 m2
Kamar tidur : 4
Kamar mandi : 3
Bonus AC 5 unit"
06-06-2023,114,59,2,1,0,1,Banjarmasin,SHM,2200,Selatan,750000000,https://www.rumah123.com/properti/banjarmasin/hos13329948/,"rumag dalam cluster
full furnish
siap masuk
jalan 2 mobil
lokasi ramai dan tenang"
06-06-2023,240,192,3,3,0,1,"Samarinda Ulu, Samarinda",SHGB,2200,,2400000000,Dijual Rumah 2 Lantai di Kota Samarinda | Rumah123.com,"Rumah berlokasi strategis, dekat dengan Kantor Dinas Perhubungan Samarinda, Barista dan Industri Samarinda, Balitbang Kota Samarinda"
06-06-2023,150,98,2,1,0,1,"Samarinda Ulu, Samarinda",SHM,1300,,1600000000,https://www.rumah123.com/properti/samarinda/hos13659712/,"Rumah Dijual Samarinda untuk melihat video gunakan browser google chrome, copy paste link dibawah ini ke google chrome"
06-06-2023,128,120,4,2,0,1,"Sungai Pinang, Samarinda",SHM,2200,,1500000000,"Hunian Ekslusif, aman dan nyaman | Rumah123.com","Rumah Dijual Samarinda \u2713 area perumahan
\u2713 security 24 jam"
06-06-2023,98,98,2,2,0,1,"Samarinda Ulu, Samarinda",SHM,900,,960000000,https://www.rumah123.com/properti/samarinda/hos13521329/,"umah Dijual Samarinda Rumah di Perumahan Rawasari Samarinda

* Akses Jalan Cor bisa dilewati 2 Mobil,
* Suasana Lingkungan Aman,
* Bangunan dan Tanah 98/98 M2,"
06-06-2023,300,230,3,3,2,1,"Samarinda Utara, Samarinda, Kalimantan Timur",SHGB,3500,Timur,2500000000,Rumah untuk keluarga di Jl PM Noor Bagus | Rumah123.com,"Dijual Rumah lokasi perunahan kota Samarinda
KM 4, KM 4
Listrik 3500 watt. PDAM"
06-06-2023,184,120,5,4,1,1,SHM,SHM,5500,,2500000000,Rumah Mewah Full furnis | Rumah123.com,"Rumah Dijual Samarinda Rumah mewah full furnise perumahan bumi sempaja, AC 4, Mesin cuci 1, kulkas 1, Perumahan nyaman lingkungan arsih dan aman"
06-06-2023,84,60,3,2,0,2,"Samarinda Seberang, Samarinda",SHM,2200,Tenggara,499000000,Rumah Halal SHM Dekat 2 Pintu Tol Samarinda di Elfida Mulia | Rumah123.com,"RUMAH DENGAN SISTEM INDENT!
Mempersembahkan karya terbaru dari Panglima Propertindo, sebuah Pemukiman Halal untuk Kaum Milenial berkonsep Smart Home & Spiritual Smart Environment dengan lokasi Strategis Super Prospektif !"
06-06-2023,72,40,2,1,0,1,"Samarinda Seberang, Samarinda",SHM,1300,Selatan,344000000,Rumah Halal Di Samarinda Seberang Dekat 2 Pintu Tol Samarinda | Rumah123.com,"RUMAH DENGAN SISTEM INDENT!
Mempersembahkan karya terbaru dari Panglima Propertindo, sebuah Pemukiman Halal untuk Kaum Milenial berkonsep Smart Home & Spiritual Smart Environment dengan lokasi Strategis Super Prospektif !"
06-06-2023,96,45,2,1,0,1,"Sungai Pinang, Samarinda",SHM,2200,,1250000000,https://www.rumah123.com/properti/samarinda/hos12717590/,"Rumah Dijual Samarinda Citraland City Samarinda yang dipersembahkan oleh Ciputra Group bukan perumahan klaster biasa, tetapi dikembangkan secara khusus seperti townhouse.

Kawasan residensial ini berada CitraGarden City Samarinda yang dekat dengan menawarkan kelebihan dari berbagai aspek, mulai dari lingkungan yang tertata rapi hingga lokasi strategis."
06-06-2023,196,222,6,2,0,1,"Samarinda Ulu, Samarinda",SHM,4400,,2500000000,"Rumah aman dan nyaman, area pusat bisnis. Leo 067 smd | Rumah123.com","Rumah Dijual Samarinda rumah lokasi strategis, kawasan aman dan nyaman, dekat jalan utama, area pusat bisnis dan cafe. bebas banjir. dekat dengan mall, islamic center."
06-06-2023,240,240,2,2,0,1,"Samarinda Ulu, Samarinda",SHM,5500,,2500000000,HUNIAN ASRI DAN NYAMAN DI BUKIT MEDITERANIA SAMARINDA. LEO SMD 025 | Rumah123.com,Rumah Dijual Samarinda PERUMAHAN ASRI DITENGAH KOTA. LINGKUNGAN AMAN DAN BEBAS BANJIR. ADA KOLAM RENANG. AREA BELAKANG TEMPAT GYM. KT 2. KM 2. NEGO HALUS.
06-06-2023,249,78,3,2,0,0,"Pahandut, Palangkaraya",SHM,1300,,525000000,"Rumah Tinggal Minimalis di Palangkaraya, Dekat Bandara Cilik Riwut | Rumah123.com","Untuk anda yang berkeinginan untuk memiliki rumah di Kalimantan Tengah, tepatnya daerah Pahandut, Palangkaraya, rumah ini dapat menjadi salah satu pilihan.

Rumah dengan desain minimalis dilengkapi dengan 3kamar tidur, 2kamar mandi, listrik 1300watt, air sumur."
06-06-2023,985,450,5,2,1,3,"Ketapang, Kota Waringin Timur",SHM,3500,Timur,3500000000,"Jual cepat Rumah besar bagus hook di Sampit, Ketapang , Kalimantan Tengah | Rumah123.com","Aman, strategis, siap huni"
06-06-2023,184,75,2,2,0,2,"Pontianak Kota, Pontianak",SHM,2200,,1100000000,Alfa Property Rumah Baru Murah Tunggal Smart Home Kota Pontianak | Rumah123.com,"Bonus : AC 2 Unit dan Water Heater
Posisi Hadap Timur
Smart Home System
Security 24 Jam + CCTV Kawasan
Ada Lapangan Badminton, Play dan Gym Ground"
06-06-2023,200,250,4,3,0,1,"Pontianak Kota, Pontianak",SHM,2200,,2100000000,https://www.rumah123.com/properti/pontianak/hos13952062/,"Keamanan Sekurity 24 Jam + CCTV Kawasan
Lebar Komplek 2 Jalur
Jogging Area dan Taman Bermain
Kawasan Bebas Banjir
Sangat Dekat ke Sekolah, Mall, Perkantoran dan Kuliner"
06-06-2023,560,588,6,5,2,2,"Pontianak Kota, Pontianak",SHM,7700,Timur,5500000000,https://www.rumah123.com/properti/pontianak/hos13948691/,"Posisi Hook; Hadap Timur
Kondisi Siap Pakai
Kawasan Rumah Elite
Lokasi Tengah Kota
Sebrang Ayani Mega Mall
"
06-06-2023,220,103,2,2,0,1,"Pontianak Kota, Pontianak",SHM,2200,Timur,1280000000,https://www.rumah123.com/properti/pontianak/hos13729685/,"Rumah Gading Beverly, Pontianak, Kalimantan Barat

Lokasi Jalan Ujung Pandang 2, Komplek Gading Beverly
Lokasi Sebelah Kolam Renang Ampera"
06-06-2023,244,300,4,4,0,2,"Balikpapan Selatan, Balikpapan",SHGB,5500,,2950000000,"Dijual Rumah di Perumahan Citra Bukit Indah Ciputra , Balikpapan | Rumah123.com","KT: 4+1
KM: 4+1
Lantai: 2
Listrik: 5500
Air: WTP"
06-06-2023,412,450,3,2,0,2,"Pontianak Tenggara, Pontianak",SHM,7700,,5800000000,"Rumah 2 Lantai Modern Tropis Siap Huni Paris 2, Kota Pontianak | Rumah123.com","Dijual rumah jalan parit haji husin 2
shm
lt 412 23 x 18
type 450+
rumah modern tropis, siap huni, fully furnished, lokasi kota pontianak, strategis dan bebas banjir"
09-11-2023,104,38,2,1,0,1,"sambaliung, Sambaliung, Berau",SHM,1300,,315000000,https://www.rumah.com/listing-properti/dijual-mahoni-residence-berau-perumahan-syariah-berkualitas-harga-terjangkau-oleh-ojon-19620784,Mahoni Residence Berau Perumahan Syariah Berkualitas Harga Terjangkau
09-11-2023,270,100,3,1,0,1,"Wahana Asri, Balikpapan Selatan, Balikpapan",SHM,2200,,1600000000,https://www.rumah.com/listing-properti/dijual-rumah-wahana-asri-oleh-andre-22180475,Dijual Rumah Wahana Asri
09-12-2023,600,499,6,7,1,1,"balikpapan baru, Balikpapan Selatan, Balikpapan,",SHM,11000,,7000000000,https://www.rumah.com/listing-properti/dijual-dijual-rumah-di-balikpapan-baru-oleh-hermin-marina-21741184,Dijual rumah dibalikpapan bau
09-01-2023,250,250,16,16,1,0,"Bontang, Bontang Barat, Bontang",SHM,2200,,3600000000,https://www.rumah.com/listing-properti/dijual-aset-properti-istimewa-di-pulau-jawa-kost-modern-ring-1-kampus-undip-semarang-oleh-budi-better-22065365,"Istimewa aset properti di pulau Jawa,kost modern ring 1 Undip Semarang"
09-09-2023,86,43,2,1,1,0,"Jl Palm hills garden villa sepinggan, Balikpapan Selatan, Balikpapan",SHM,1300,,665000000,https://www.rumah.com/listing-properti/dijual-cluster-sepinggan-balik-papan-kalimantan-oleh-ahmad-kosasih-20835868,Rumah 1 lantai sepinggan Balik papan hanya 600 jutaan . Lokasi strategis View Laut Laut Batakan. One gate sistem. lokasi ramai penghuni.
08-04-2023,227,55,2,1,1,0,"Balikpapan Selatan, Balikpapan",SHM,1300,,875000000,https://www.rumah.com/listing-properti/dijual-palm-hills-sepinggan-balikpapan-oleh-ahmad-kosasih-21828875,"Cluster Tourquies dengan konsep Tropical home, New Consept Classik, modern and Comfortable, Cluster yang dibangun di area yang sangat strategis dan View pantai"
08-19-2023,220,191,4,4,1,0,"Balikpapan Selatan, Balikpapan,",SHM,3500,,3500000000,https://www.rumah.com/listing-properti/dijual-rumah-grand-city-oleh-andre-22113241,Dijual Rumah Grand City
08-02-2023,634,400,10,4,1,0,"Balikpapan Selatan, Balikpapan",SHM,3500,,7000000000,https://www.rumah.com/listing-properti/dijual-dijual-rumah-kost-strategis-pasar-besar-di-tengah-kota-balikpapan-bisa-untuk-guest-house-kantor-oleh-sylviana-hendrawan-19713497,"Cocok untuk guest house maupun kantor. Dkt area pertokoan, perkantoran"
08-10-2023,460,223,2,2,0,1,"Balikpapan Selatan, Balikpapan",SHM,2200,,1650000000,https://www.rumah.com/listing-properti/dijual-dijual-rumah-di-pupuk-oleh-hermin-marina-21803898,Dijual rumah di pupuk
08-09-2023,260,350,4,3,0,1,"Balikpapan Selatan, Balikpapan",SHM,2200,,5000000000,https://www.rumah.com/listing-properti/dijual-balikpapan-baru-oleh-andry-lauw-20349071,"Rumah cantik , megah di perum elite BB . ada Pool siap Huni aman dan lingkungan nyaman . rumah tinggal masuk . design cantik dan minimalis. cluster paris"
07-11-2023,84,45,2,1,1,0,"Balikpapan Selatan, Balikpapan",SHM,1300,,350000000,https://www.rumah.com/listing-properti/dijual-rumah-balikpapan-kalimantan-timur-oleh-ahmad-kosasih-20688120,Rumah 1 lantai Manggar mulawarman balikpapan
07-10-2023,589,250,4,2,1,0,"Balikpapan Selatan, Balikpapan",SHM,2200,,3500000000,https://www.rumah.com/listing-properti/dijual-rumah-besar-dekat-mall-ewalk-balikpapan-superblok-cocok-kost-oleh-rico-21918596,Rumah Besar Dekat Mall Ewalk Balikpapan Superblok Cocok Kost 039jr
07-27-2023,234,293,7,3,1,0,"Balikpapan Timur, Balikpapan",SHM,5500,,3250000000,https://www.rumah.com/listing-properti/dijual-dijual-cepat-rumah-lux-full-furnished-cantik-di-poka-balikpapan-oleh-wilson-chen-17418063,Dijual cepat rumah lux full furnished cantik di poka balikpapan
07-22-2023,600,620,8,8,1,1,"balikpapan baru, Balikpapan Selatan, Balikpapan",SHM,3500,,6500000000,https://www.rumah.com/listing-properti/dijual-dijual-rumah-kolam-renand-di-jalan-utama-boulevard-balikpapan-baru-oleh-hermin-marina-21433022,Dijual rumah ada kolam renang di jalan utama boulevard balikpapan baru
07-22-2023,610,400,4,4,1,1,"Balikpapan Utara, Balikpapan",SHM,10000,,4200000000,https://www.rumah.com/listing-properti/dijual-dijual-rumah-wika-ada-kolam-renang-oleh-hermin-marina-21449487,Dijual rumah wika asa kolam renang
07-09-2023,73,50,2,1,,,"Bontang Utara, Bontang, Kalimantan Timur",SHM,1300,,,,
09-16-2023,300,200,3,3,0,2,"Swadaya, Banjar Baru Selatan, Banjar Baru, Kalimantan Selatan",SHM,3500,,600000000,https://www.rumah.com/listing-properti/dijual-rumah-minimalis-dijual-lokasi-di-kota-banjar-baru-oleh-amin-nurdin-22192171,Rumah minimalis dijual. Bangunan 1 lantai. Lokasi strategis. Di tengah kota Banjar Baru. Lingkungan asri dan nyaman. Harga murah.
09-12-2023,225,115,3,4,0,1,"Banjarmasin Timur, Banjarmasin, Kalimantan Selatan",SHM,1300,,650000000,https://www.rumah.com/listing-properti/dijual-5135ef-rumah-banjarmasin-timur-banjarmasin-kalimantan-selatan-oleh-efie-20807162,"(5135EF) Rumah Banjarmasin Timur Kalimantan Selatan Murah. Dijual CEPAT, BUTUH UANG SEGERA, Rumah di daerah Banjarmasin Timur, Banjarmasin, Kalimantan Selatan, Lt.225m, SHM, 2lt, 3Kt, 4Km, 1 Carport, bebas banjir. Lokasi strategis dekat kota, dekat kampus, dekat RS. Ulin dan Duta Mall. Mendapatkan harga murah sekarang adalah INVESTASI tak ternilai untuk masa depan KARENA harga properti/rumah terus naik, Murah Rp.650jt nego langsung dengan pemilik"
09-12-2023,614,150,3,2,0,3,"Banjarmasin Barat, Banjarmasin, Kalimantan Selatan",SHM,2200,,1200000000,https://www.rumah.com/listing-properti/dijual-5240ef-rumah-di-banjarmasin-barat-kalimantan-selatan-oleh-efie-21520173,"Rumah Banjarmasin Barat Kalimantan Selatan Murah. Dijual CEPAT, BUTUH UANG SEGERA, Rumah di daerah Banjarmasin Barat, Banjarmasin, Kalimantan Selatan, Lt.614m, SHM, 1lt, 3Kt, 2Km, 3 Carport, bebas banjir. Lokasi strategis dekat dengan banyak fasilitas umum. Mendapatkan harga murah sekarang adalah INVESTASI tak ternilai untuk masa depan KARENA harga properti/rumah terus naik, Murah Rp.1,2M langsung dengan pemilik"
09-07-2023,162,120,2,2,,,"Banjarmasin Selatan, Banjarmasin, Kalimantan Selatan",SHM,2200,,2100000000,https://www.rumah123.com/properti/banjarmasin/hos12848288/,"Rumah dalam cluster di Citraland Banjarmasin, siap huni, rapi, jalan 2 mobil"
09-05-2023,254,157,3,2,1,1,"Banjarmasin Utara, Banjarmasin",SHM,2200,,1600000000,https://www.rumah123.com/properti/banjarmasin/hos14687101/,"LT 254 M2. LB 157 M2. KTidur 3+1. KMandi/wc 2+1. Garasi 1 mobil + carport. Halaman depan, samping dan belakang. Listrik token 2200 w. Air PDAM Bandarmasih. SHM"
09-04-2023,150,110,3,2,,1,"Landasan Ulin, Banjar Baru, Kalimantan Selatan",SHM,3500,selatan,1200000000,https://www.rumah123.com/properti/banjar-baru/hos12919184/,"Rumah Dijual Banjar Baru *BANJARBARU KALSEL PERUMAHAN LOTUS REGENCY MURAH*. 5 45 MENIT KE BANJARMASIN. LT 10 X 15 ( 150 ). LB 110 - 1 LANTAI. KT = 3, KM = 2, TANDON ATAS. SEMI FURNISH, DAPUR KOMPOR TANAM, MINI BAR, 3 AC. PLN 3500. HADAP SELATAN. SHM. *HARGA = 1,2 M NEGO*"
08-18-2023,215,40,2,,,,"Landasan Ulin, Banjar Baru, Kalimantan Selatan",SHM,900,,195000000,https://www.rumah.com/listing-properti/dijual-rumah-type-40-jl-kasturi-ii-banjarmasin-oleh-zul-andiko-5378933,"Dijual rumah sederhana di Komplek Sumber Cahaya Indah, Jl Kasturi II, Landasan Ulin, Kalimantan Selatan. Luas tanah 215, hoek. Dekat Bandara Syamsudin Noor, 1.5 km. Dekat jalan lingkar ke Martapura, 500 m. Air PDAM"
08-10-2023,200,65,2,1,,1,"Cempaka, Banjar Baru, Kalimantan Selatan",SHGB,2200,,1058100000,https://www.rumah.com/listing-properti/dijual-elegancy-citra-mitra-banjarbaru-the-jewel-of-borneo-dp-105-jt-oleh-rahadyan-dhira-21999667,"Banjarbaru City. Kota Seribu Taman. Ibukota Provinsi Kalimantan Selatan dan Hari Jadi Pada Tanggal 27 April 1999. Tari Baksa Kembang, Nasi Kabuli, Danau Seran dan Tugu Kencana Sebagai Ikon"
08-10-2023,614,150,3,2,1,3,"Banjarmasin Barat, Banjarmasin, Kalimantan Selatan",SHM,2200,barat  ,1400000000,https://www.rumah.com/listing-properti/dijual-rumah-siap-huni-komplek-surya-sakti-banjar-barat-banjarmasin-oleh-della-dll-21525061,"RUMAH SIAP HUNI KOMPLEK SURYA SAKTI BANJAR BARAT BANJARMASIN. Luas Tanah = 614m². Luas Bangunan = 150m². 1 Lantai, 3 kamar ridur, 2 kamar mandi, Dapur basah, Dapur kering, Tempat cuci pakaian, Tanah kosong belakang rumah 300M, Garasi luas untuk 3 mobil, SHM, Listrik 2200watt, PAM, Hadap Barat"
08-10-2023,263,243,3,3,,3,"Kertak Hanyar, Banjar, Kalimantan Selatan",SHGB,2200,,4980000000,https://www.rumah.com/listing-properti/dijual-viola-french-colonial-style-citra-land-banjarmasin-dp-490-jt-oleh-rahadyan-dhira-21999496,"Banjar Regency. Melayu Martapaura. Hari Jadi Pada Tanggal 14 Agustus 1950. Tari Baksa Kembang, Soto Banjar, Pasar Terapung dan Tugu 17 Mei Sebagai Ikon"
08-03-2023,220,150,3,3,0,2,"Bunyamin Residence, Banjarmasin Timur, Banjarmasin, Kalimantan Selatan",SHM,2200,barat laut,2000000000,https://www.rumah.com/listing-properti/dijual-rumah-dijual-siap-huni-di-bunyamin-residence-banjarmasin-oleh-vivi-21533965,"Rumah luas, mewah, berlokasi di Bunyamin Residence. Ada taman bermainnya, Tempat berolah Raga keamanan 24 jam. Dekat dengan Bunyamin Fresh Market. Ada sekolahan dan dekat dengan Pemancingan ikan. Rumah hadap Barat laut"
08-03-2023,114,59,2,1,0,2,"Gambut, Banjar, Kalimantan Selatan",SHM,2200,,750000000,https://www.rumah.com/listing-properti/dijual-rumah-modern-dijual-minimalis-siap-huni-di-perumahan-baru-kompleks-dian-anugerah-regency-gambut-oleh-vivi-21534277,"Rumah Modern Dijual Minimalis, siap huni di Perumahan baru. Aman nyaman keamanan 24 jam. Dekat dengan pasar, sekolahan dan fasilitas umum lainnya."
08-02-2023,300,200,3,2,0,,"Banjarmasin Selatan, Banjarmasin, Kalimantan Selatan",SHM,2200,,3000000000,https://www.rumah.com/listing-properti/dijual-komp-gatot-subroto-banjarmasin-oleh-wiwi-widiati-22033415,Rumah Siap Huni. LT 300. Lb 200. KT 2+1. KM 2. SHM
07-16-2023,300,210,4,3,0,4,"Banjarmasin Timur, Banjarmasin, Kalimantan Selatan",SHM,2200,,999000000,https://www.rumah.com/listing-properti/dijual-rumah-dijual-cepat-dibawah-harga-pasar-rumah-1-5-lantai-dalam-komplek-dprd-banjarmasin-kalimantan-se-oleh-agus-sugandhi-18150954,"Rumah Dijual Cepat *Dibawah Harga Pasar* Rumah Bagus Siap Huni 1,5 Lantai dengan Lahan Besar di Komplek DPRD Kalimantan Selatan. *BONUS : Perabot dan Perlengkapan yang ada dalam rumah*. Legalitas SHM IMB"
07-10-2023,80,60,2,1,0,1,"Banjarmasin Tengah, Banjarmasin, Kalimantan Selatan",SHM,1300,,400000000,https://www.rumah.com/listing-properti/dijual-unit-terbatas-rumah-type-55-77-hanya-rp-400-juta-di-banguntapan-jogja-2-kt-1-km-oleh-fajar-21902027,"RUMAH MODERN BERKUALITAS DI BANGUNTAPAN YOGYAKARTA -GRAHA NARATAMA BANGUNTAPAN- HARGA MULAI 400JT LEGALITAS SHM & IMB. Lokasi : Jl. Pleret km 4 Jambidan Banguntapan Yogya. ALL TYPE DISC 20JT ( CASH ). FREE BBN, IMB DAN NOTARIS. SEGERA SURVEY LOKASI DAN AMANKAN UNIT ANDA INVESTASI RUMAH MURAH DIKAWASAN BERKEMBANG YOGYAKARTA. Tersedia 8 Unit Rumah Siap Bangun Di Banguntapan Bantul Yogyakarta. Lokasi Strategis Dengan Akses Jalan Mudah Dijangkau Berbagai Transportasi. Kawasan Lengkap Fasilitas Umum. 4 menit ke RS Rajawali Citra, 5 menit ke Pasar Pleret, 9 menit ke Stikes Surya Global, 10 menit ke Kampus 4 UAD, 15 menit ke Ambarrukmo Plaza, 20 menit ke Malioboro. Spesifikasi : Tersedia 8 UNIT, Type Rumah 55 - 65, Luas Tanah 77m² - 97m², 2 Kamar Tidur, 1 Kamar Mandi, Ruang Tamu, Ruang Keluarga, Dapur, Carport, Air Sumur, Listrik 1300 Watt, Akses Mobil Papasan"
08-26-2023,200,45,2,1,0,1,"Jl. Perintis, Pahandut, Palangka Raya, Kalimantan Tengah ",SHM,1300,,285000000,https://www.rumah.com/listing-properti/dijual-grand-ann-naafi-residence-pahandut-kota-palangka-raya-kalimantan-tengah-74-oleh-nani-salani-20241257,
08-09-2023,985,450,6,3,0,5,"Sampit, Ketapang, Kalimantan Tengah",SHM,3500,,3500000000,https://www.rumah.com/listing-properti/dijual-rumah-dijual-di-sampit-ketapang-kalimantan-tengah-posisi-rumah-hook-pinggir-jalan-oleh-angeline-20938683,"Rumah Dijual di Sampit, Ketapang, Kalimantan Tengah Posisi rumah hook pinggir jalan, aman , strategis , siap huni"
08-06-2023,1044,300,6,2,0,2,Jl. Patih Rumbih No. 5. Kelurahan Langkai Kec. Pahandut Kota Palangka Raya. Kode Pos 73111.,SHGB,900,,7000000000,https://www.rumah.com/listing-properti/dijual-dijual-cepat-rumah-dengan-halaman-luas-di-tengah-kota-palangkaraya-oleh-ricky-theus-matatula-20039520,"Dijual cepat rumah dengan halaman luas di tengah kota Palangkaraya
Info Rumah :
* Alamat : Jl. Patih Rumbih No. 5. Kelurahan Langkai Kec. Pahandut Kota Palangka Raya. Kode Pos 73111.
* Aksesibilitas : Berada di Pusat Kota.
* Fasilitas : 6 Kamar Tidur, 2 Kamar Mandi, 1 Ruang Makan (Luas), 2 Ruang Tamu (Luas),Telpon & Wifi, Air tanah Ruang Beranda/ Place luas dan Carpot utk 2 Mobil, Air lancar (Air Tanah)
* Sertifikat : HGB/ Sudah di Dum dari Pemda Prop Kalteng.
* Daya Listrik : 900 Watt.
* Dibangun : Bertahap, Pembangunan terakhir th.1993.
* Interior : Full Furnished Sederhana.
* Kondisi Properti : Bagus, rehab seperlunya.
* Nilai lebih Property :
- Terletak di Pusat Kota
- Dekat Perkantoran (Gubernur, Kejaksaan Tinggi, Kumham, Bawaslu Propinsi, Pengadilan Tinggi dan Korem)
- Perumahan Pejabat (Kapolda n Jajarannya, Kajati n Jajarannya, Ketua Dprd dan Kadis2.
- Perumahan Elit.
- Dekat RSUD Propinsi.
- Dekat Pertokoan."
07-28-2023,336,60,2,1,0,1,"Jl. Mufakat, Pahandut, Palangka Raya, Kalimantan Tengah",SHM,1300,,490000000,https://www.rumah.com/listing-properti/dijual-royal-zarmina-residence-oleh-nani-salani-20065084,"Rumah di Kota Palangkaraya Dekat Perkantoran Royal Zarmina Residence

Royal Zarmina Residence merupakan perumahan syariah (bebas riba, tanpa denda, tanpa sita, tanpa BI checking) di kota Palangka Raya.
Hadir 3 tipe Premium siap bangun dengan luas tanah 336m2.

Keunggulan Fasilitas:
- Rumah Tahfidz,
- Masjid/Musholla,
- Program Tahfidz Al-Qur'an, One Gate System,
- Taman Bermain,
- Area Hijau,
- CCTV dll

7 Keunggulan Konsep Islami:
1. 100% Syariah (Tanpa Bank,
2. Tanpa Riba,
3. Tanpa Denda,
4. Tanpa Sita,
5. Tanpa BI checking,
6. Tanpa Akad Bermasalah,
7. Tanpa Asuransi)

Keunggulan tetangga : insyAllah Muslim Yang Baik

Keunggulan Lokasi Strategis Dalam Kota:
-+ 300 Meteran masuk dari Jl.RTA.Milono
-+16 menitan ke bandara
-+ 5 menitan ke masjid Ar Rahman
-+5 menitan Ma'had Asy-syafi'i AMCF Palangkaraya
-+3 menitan ke Alfamart
-+11 menitan IAIN Palangkaraya
-+8 menitan komplek Perkantoran Kota Palangkaraya
-+10 menitan kantor Gubernur
-+7menitan Akademi Kebidanan Betang Asi
-+ 5 menitan Sekolah Sahabat Alam

Pilihan Tipe:
Tipe: 60 plus/LT 336m2
Tipe: 80 plus/LT 336m2
Tipe: 120 plus/LT 336m2 1 lantai
Tipe: 120 plus/LT 336m2 1 lantai + kolam renang
Tipe: 120 plus/LT 336m2 2 lantai + kolam renang

Segera miliki 2 unit terakhir dan datang ke Kantor Pemasaran kami untuk amankan unitnya anda dan dapatkan Harga Menarik.

Info lebih lanjut, hubungi www.w*****

#PerumahanSyariahPalangkaraya
#TanpaRiba
#TanpaKPRBank
#TanpaDenda
#TanpaSita
#TanpaPenalty
#TanpaAkadBermasalah
#TanpaAsuransi"
07-08-2023,78,40,2,1,0,1,"sentolo utara, Pahandut, Palangka Raya, Kalimantan Tengah",SHM,1300,,200000000,https://www.rumah.com/listing-properti/dijual-rumah-dijual-promo-baletuanku-pertama-barat-yogyakarta-dekat-exit-tol-sentolo-oleh-maulana-ikhsan-20442244,"Rumah Dijual Di Dekat pendidikan dan wisata

Harga mulai 200jtan dan angsuran mulai dari 1jtan.
booking fee 2,5 jt. yu, sebelum harga naik..
dekat Rencana exit tol dan Dekat pasar

Perumahan Ecoliving Pertama di Barat Yogyakarta Cuma 200jtan, Mau?


Bale Tuanku Mbah Jono adalah Perumahan Ecoliving Pertama di Barat Yogyakarta, Konsep Eco Living ini sangat bermanfaat karena bisa menjaga Sirkulasi Udara di dalam Rumah Terjaga, Bisa menghemat Listrik, dan juga dapat Menabah Kenyamanan Pemilik Rumah Pastinya.
Dengan Konsep Ecoliving ini anda dapat merasakan kenyamanan Berada di Taman serasa ada di dalam Rumah anda, wahh kaya gimana tuh yaa

Apalagi Di dekat Lokasi Perumahan akan di Bangun Exit TOL, Semakin mudah kemana mana dan semakin menambah Value Properti di Sekitar Rencana Exit TOL Tersebut.
Selain Dekat Dengan Exit TOL, Perumahan Bale Tuanku Mbah Jono juga dekat dengan Berbagai Fasilitas Umum Terdekat Seperti :
- 5 Menit Exit TOL Sentolo
- 5 Menit RSUD Nyi Ageng Serang
- 5 Menit SMA N Sentolo
- 4 Menit Puskesmas
- 5 Menit Terminal
- 10 menit Stasiun Sentolo
- 20 Menit Universitas Mercu Buana
- 30 Menit Bandara YIA

Type 40/80 Spesifikasi :
- 2 KT
- 1 KM
- Sunlouvre
- Carport
- Ruang Tamu
- Ruang Makan
- Dapur
- Listrik 1300 Watt
- Jalan kawasan 6 m Jangan sampai Ketinggalan Kesempatan
Emas In

Promo Merdeka Bale Tuanku Mbah Jono
BONUS

harga 200 jta n"
07-14-2023,750,120,3,2,0,4,"Jl. Damang Batu, Pahandut, Palangka Raya, Kalimantan Tengah",SHM,2200,Selatan,2750000000,https://www.rumah.com/listing-properti/dijual-rumah-dijual-jl-damang-batu-palangka-raya-oleh-abadi-david-20907296,"RUMAH DIJUAL DAN TANAH DIJUAL JL. DAMANG BATU PALANGKA RAYA KALIMANTAN TENGAH

Ukuran Tanah 25x30m
Luas Tanah 750 m²
Luas Bangunan 120 m²

3 Kamar Tidur
2 Kamar Mandi
4 Carport

Listrik 2.200 Watt
Air Tanah
Hadap Selatan
Sertifikat SHM

HARGA = 2,75 M - NEGO!!!
HUBUNGI : 0822.9918.1131


Lokasi sangat strategis dekat dengan perkantoran, perdagangan, pasar, sekolah, rumah sakit, dan pusat kuliner Palangka Raya

Berada di lokasi perumahan yang aman dan nyaman"
08-05-2023,2500,800,7,9,0,5,"Jl Simpang Runti, Pangkalan Lada, Kotawaringin Barat, Kalimantan Tengah",SHM,5500,,6500000000,https://www.rumah.com/listing-properti/dijual-pangkalan-bun-oleh-dewi-sri-mulyani-21946665,"Dijual Sepaket Rumah, Resto, Wisata Kolam renang umum (Dewasa, Remaja, Balita/Batita) dan Peralatan usaha yang lengkap.

Lokasi super strategis di pinggir jalan poros propinsi, dekat fasilitas umum: Kantor Kecamatan, Kantor Desa, SPBU, SPBE, Minimarket dll.
Cocok buat tempat tinggal, kantor ataupun investasi.

Deskripsi / fasilitas:
1. Tanah SHM / Sertifikat
2. LuasTanah dan ukuran tanah 2.500 m² (25 x 100 mtr).
3. Luas:
a). Bangunan rumah, resto,Pendopo dan gazebo 800 m²
b). Area wisata kolam renang 1.140 m².
c). Tanah kosong / Parkir 560 m²
3. Ada Izin Mendirikan Bangunan (IMB)
4. Listrik PLN, daya 5.500 watt.
5. Sumber air:
a. Sumur Bor
b. Sumur Gali
6. Ruangan / Room:
a. Pendopo
b. Indoor umum
c. VIP Room / Meeting Room
7. Kamar tidur, ada 7 (3 ber AC).
8. Kamar Mandi 9
9. AC 5 unit
10. Spec Kolam Renang:
a). Dewasa 12 x 6 x 1,6 mtr
b). Remaja 12 x 6 x 0,75 mtr
c). Balita/Batita 6 x 2,5 x 0,25 mtr
11. Genset Gasoline, daya 7.500 watt.
12. Pagar keliling permanen"
09-20-2023,144,110,3,2,1,,"Arut Selatan, Kotawaringin Barat Kab., Kalimantan Tengah",SHM,2200,,1500000000,https://www.olx.co.id/item/sidoarjo-kota-perum-elit-kahuripan-nirwana-3-menit-dr-pintu-tol-iid-907826071,"Perumahan Kahuripan Nirwana 1,5 Lantai 1 Menit ke Pintul Tol Sidoarjo Spesifikasi : Luas Tanah 8 x 18 (144 m2) Luas Bangunan 110 m2 Kamar Tidur 3 Kamar Mandi 2 Hadap Utara Air PDAM Listrik 2200 watt Row Jalan 9 meter Pagar Canopy Kitchen Set Legalitas SHM Harga 1,5 M (Nego) MPG01"
08-21-2023,736,450,5,3,0,3,"Arut Selatan, Kota Waringin Barat",SHM,2200,,2000000000,https://www.rumah123.com/properti/kota-waringin-barat/hos14419239/,"Jual Rumah Bagus di Arut Selatan, Kota Waringin Barat Kalteng
LT 32 m x 23 m
LB 25 m x 18 m
KT 5
KM 3
Listrik 2.200
Air sumur bor
Garasi/carport 3
SHM
Harga 2 M
TAN

LINA SUTANTY
0813-9555-9xxx"
06-06-2023,814,217,4,2,0,,"Jekan Raya, Palangkaraya",SHM,1300,,850000000,https://www.rumah123.com/properti/palangkaraya/hos13896796/,"Rumah Dijual Palangkaraya Dijual Rumah Tanah Luas di Jekan Raya Palangka Raya

Uk rumah lbr 14 x pjg 15,5 m
Tanah +/- 800 M2 lihat di Sertifikat, SHM

Kamar Tidur ada 4
Toilet ada 2
1 diluar dan 1 ada dikamar

Dinding bata merah
Air tanah Hitachi
Listrik 1.300 Watt
Lantai sebagian keramik, sebagian cor diaci, atap genteng,
Ada tandom penampung air
Satu lantai

*Harga masih bisa nego"
08-29-2023,216,200,3,2,0,2,"Bukit Batu, Palangkaraya",SHM,,,1100000000,https://www.rumah123.com/properti/palangkaraya/hos10925445/,"Dijual Rumah Mewah Harga Negosiable Good Location Di Palangkaraya Kalimantan Tengah

Luas tanah 216 m
Luas bangunan 200 m
Kamar tidur 3
Kamar mandi 2
Taman
Carport 2 mobil

Harga Rp.1.2 M nego
"
08-27-2023,900,105,3,1,0,,"Pahandut, Palangkaraya",SHM,1300,,2500000000,https://www.rumah123.com/properti/palangkaraya/hos7538376/,MURAH DAN STRATEGIS
09-04-2023,249,78,3,2,0,,"Pahandut, Palangkaraya",SHM,1300,,525000000,https://www.rumah123.com/properti/palangkaraya/hos9378588/,"Untuk anda yang berkeinginan untuk memiliki rumah di Kalimantan Tengah, tepatnya daerah Pahandut, Palangkaraya, rumah ini dapat menjadi salah satu pilihan.

Rumah dengan desain minimalis dilengkapi dengan 3kamar tidur, 2kamar mandi, listrik 1300watt, air sumur.

Berada di lingkungan yang masih asri, dekat dari pemukiman penduduk, lokasi nyaman dan aman untuk ditinggali keluarga muda, pasangan baru, atau investasi untuk anda yang baru pertama kali membeli rumah.

NO PAP : 4084"
09-11-2023,160,72,3,2,0,1,"Jekan Raya, Palangkaraya
",SHM,1300,,425000000,https://www.rumah123.com/properti/palangkaraya/hos14743003/,"Rumah Dijual Palangkaraya Rumah dijual di perumahan taman badak regency, Palangkaraya.
Rumah nyaman dan terawat.

Ada Carport.
4 unit AC.
3 unit spring bed.
Ada kitchen set

Surat SHM"
08-31-2023,165,70,3,2,0,2,"Pahandut, Palangkaraya",HGB,2200,,640000000,https://www.rumah123.com/properti/palangkaraya/hos14591300/,"Hub Admin Cluster Ibrahim :
WA : { 0822-8000-4xxx }
IG : { rimbamembangun.property }
FB : { Rimba Membangun }
Kawasan Perumahan Cluster Ibrahim Di Bangun Di Tengah Kota Palangkaraya, Dekat Dengan Fasilitas Umum & Pemerintahan.
Terdapat Type 50,70 & 90 ( Jika Cash Bisa Di Bangun Sesuai Permintaan Dengan Syarat Ketentuan Berlaku )."