created_at,LT,LB,KT,KM,garasi,carport,lokasi,sertifikat,listrik,hadap,harga (Rp),URL,deskripsi 
27-11-2021,72,45,2,1,,1,tanjung seneng bandar Lampung,SHM,1300,,238000000,https://www.olx.co.id/item/rumah-murah-komersil-griya-annisa-iid-847593719,"keunggulan : Lokasi strategis di tengah kota

Bandarlampung, Keamanan 24 jam, ada pos Satpam, Lingkungan perumahan aman dan nyaman"
5-12-2021,384,192,2,2,,,"Perumnas Mustika Raya 1, Lampung Selatan, Lampung",SHM,450 Va/R-1,,300000000,https://www.olx.co.id/item/dijual-rumah-kolam-ikan-2-kavling-perumahan-iid-821295872,"terdapat 2 kolam ikan, sumur bor, tandon, mesin pompa"
8-12-2021,407,323,5,3,2,2,"Kedaton, Bandar Lampung",SHM,3500 Watt,,2750000000,https://rumahdijual.com/lampung/11241855-rumah-mewah-bandar-lampung-dekat-unila.html,"Lokasi strategis, lingkungan rumah mewah, dekat dengan pusat pembelanjaan, dan dekat dengan tol"
5-12-2021,1716,1871,109,106,,,"Rajabasa, Bandar Lampung",SHM,Token,Selatan,11000000000,https://rumahdijual.com/lampung/9635319-kost-mewah-baru-terisi-full-dengan-keuntungan-besar-bandar.html,"FASILITAS KAMAR:
1. Kmr lebih Besar 4x4 dg SpringBed 160cm Kelas Hotel *3, lengkap dg Jendela.
2. Komplit dg: AC, ANDROID SMART TV, K. Mandi Dalam, Air Panas, Toilet Duduk, Lemari + Cermin Besa"
5-12-2021,391,,7,7,,,"Teluk Betung Utara, Bandar Lampung",SHM,Token,,1000000000,https://rumahdijual.com/lampung/10121111-rumah-ex-kost-ex-walet-kupang-teba-murah.html,"sumber air tanah, bebas banjir, butuh renovasi"
4-12-2021,75,60,3,1,1,,"Gedong Meneng, Bandar Lampung",SHM,1300 Watt,Timur,330000000,https://rumahdijual.com/lampung/11690650-1-unit-terakhir-rumah-siap-huni-depan-kampus-unila.html,"Sumur bor, palfov pvc, granit double louding, sumber air borsibble, bebas banjir"
2-12-2021,60,36,2,1,1,1,Tanjung Karang Barat Kota Bandar Lampung,SHM,900 Watt,,150000000,https://rumahdijual.com/lampung/11715397-perumahan-2-kamar-tipe-subsidi-di-bandar-lampung.html,"sumber air bor, bebas banjir, dekat dengan puskesmas dan pasar, free DP"
2-12-2021,75,100,3,2,1,1,"Rajabasa, Bandar Lampung",SHM,1300 Watt,Barat,490000000,https://rumahdijual.com/lampung/11263392-rumah-dua-lantai-rumah-murah-lampung-rumah-dekat-kawasan.html,"bangunan 2 lantai, sumur bor 1 rumah, lantai granit, plafon gypsum"
25-11-2021,48,105,2,1,1,,"Rajabasa, Bandar Lampung",SHM,1300 Watt,Utara,415000000,https://rumahdijual.com/lampung/11540711-rumah-komesrsil-murah-lampung-rumah-lokai-strategis.html,"Biaya AJB, lantai granit, closet duduk, sumber air sumur bor, dinding bata merah, plafon pvc"
4-12-2021,72,36,2,1,1,1,"Sukarame, Lampung",SHM,1300 Watt,Timur,200000000,https://rumahdijual.com/lampung/11554042-rumah-subsidi-siap-huni-lengkap-di-sukarame-bandar-lampung.html,"rumah dihook, bebas banjir, sudah ada teras dan dapur dan kelebihan tanah 33 meter, siap huni"
4-12-2021,72,36,2,1,1,1,"Sukarame, Lampung",SHM,1300 Watt,Timur,150500000,https://rumahdijual.com/lampung/11111753-ini-rumah-subsidi-bukan-rumah-komersil-angsuran-955-rb.html,"bebas banjir, sumber air arthesis, plafon full pvc, keramik motif, tinggi bangunan 4 meter"
2-12-2021,50,105,2,1,,1,Bandar Lampung,SHM,1300 Watt,Barat,385000000,https://rumahdijual.com/lampung/11262184-rumah-siap-huni-rumah-murah-lampung-kawasan-pednidikan-lampung.html,"bebas banjir, sumber air sumur bor, lokasi strategis, lantai granit, kithen zink, bangunan 1 lantai"
4-12-2021,145,80,2,2,2,,Bandar Lampung,SHM,1300 Watt,,800000000,https://rumahdijual.com/lampung/8352369-rumah-di-perum-elite-bukit-kencana-bandar-lampung.html,"Bebas banjir, lokasi strategis, rumah 1 lantai, sumber air sumur bor, lantai granit "
27-11-2021,180,90,3,2,1,,Lampung,SHM,1300 Watt,,585000000,https://rumahdijual.com/lampung/9817995-rumah-mewah-nan-asri-di-jl-pulau-singkep-sukabumi.html,"sumber air sumur bor, rumah 1 lantai, bebas banjir"
4-12-2021,72,36,2,1,1,1,"Sukabumi, Lampung",SHM,1300 Watt,Timur,150000000,https://rumahdijual.com/lampung/10840084-rumah-subsidi-plus-bentuk-komersil-kualitas-komersil-angsuran-950an.html,"Sumur bor, sertifikat PBB+IMB, tidak ada AC, bebas banjir, bisa diakses mobil, lokasi aman"
3-12-2021,60,119,2,1,,1,"Sukabumi, Lampung",SHM,1300 Watt,Utara,425000000,https://rumahdijual.com/lampung/11753314-rumah-komersil-murah-lampung-rumah-letak-strategis-pinggir-jalan.html,"bebas banjir, sumber air sumur bor, akses dekat dengan pusat kota, rangka atap baja ringan"
6-12-2021,72,36,2,1,1,,Bandar Lampung,SHM,1300 Watt,,170000000,https://rumahdijual.com/lampung/9791968-cluster-hajimena-promo-dp5jt-type36-72-type45-96-tlp.html,"rumah 1 lantai, sumber air bor, bebas banjir. akses menuju tempat kerja/usaha dekat"
6-12-2021,94,75,3,2,,1,"Jalan H. Komarudin, Lampung",SHM,1300 Watt,,100000000,https://rumahdijual.com/lampung/10753337-perumahan-cluster-2-bisa-cash-dan-kredit-syariah-tanpa.html,"bebas banjir, sumber air sumur bor, mobil bisa masuk"
6-12-2021,71,36,2,1,1,,"Jalan Terusan Ryacudu, Lampung",SHM,900 Watt,,150500000,https://rumahdijual.com/lampung/8287780-griya-jati-asri-4-itera-promo-dp1jt-all.html,"bebas banjir, sumber air: bor, lantai keramik, plafon gypsum, genting metal, rangka atap baja ringan"
6-12-2021,84,45,2,1,1,,"Jalan Sitara, Lampung",SHM,1300 Watt,,30000000,https://rumahdijual.com/lampung/10219777-kredit-rumah-tanpa-bank-syariah-perum-merak-1-tlp.html,"sumber air: bor, bebas banjir, bangunan 1 lantai, angsuran bisa sampai 100 bulan"
6-12-2021,104,55,2,1,1,1,"Jalan Ratu Dibalau, Bandar Lampung",SHM,1300 Watt,,310000000,https://rumahdijual.com/lampung/8564008-promo-dp31jt-tlp-wa-085384626841-anara-residence.html,"rangka atap baja ringan, sumber air sumur bor, plafon gypsum, lantai ruangan keramik, bebas banjir"
3-12-2021,117,117,,,,,"Pringsewu, Jalan Ahmad Yani, Lampung",SHM,,Utara,68500000,https://rumahdijual.com/lampung/11764150-tanah-kavling-murah-tanpa-dp-promo-akhir-tahun-gading.html,"tanah kavling tanpa riba, sumber air sumur bor, bisa diakses berbagai kendaraan, bebas banjir"
4-12-2021,90,45,2,1,1,,"Jalan Cendana 2, Lampung Selatan",,1300 Watt,,250000000,https://rumahdijual.com/lampung/10917466-promo-dp-khusus-perum-surya-alam-permai-tlp-wa.html,"rumah lantai 1, sumber air: gali, bebas banjir, tersisa beberapa unit lagi"
2-12-2021,54,100,2,2,1,1,"Jatimulyo, Lampung Selatan",SHM,1300 Watt,Barat,260000000,https://rumahdijual.com/lampung/11541183-rumah-syariah-tersisa-2-unit-jatimulyo.html,"Bebas banjir, sumber air sumur bor, akses menuju pusat pembelanjaan dan kantoran dekat"
30-11-2021,84,45,2,1,1,,"Jalan Sitara, Cluster Merak, Lampung",SHM,1300 Watt,,150000000,https://rumahdijual.com/lampung/10875324-cluster-merak-1-natar-promo-dp5jt-all-tlp-wa.html,"Sumber air sumur bor, bebas banjir, bangunan 1 lantai, bisa kredit syariah tanpa bank"
27-11-2021,105,54,2,1,,1,"Natar, Branti, Lampung Selatan",SHM,1300 Watt,,350000000,https://rumahdijual.com/lampung/8573073-rumah-depan-bandara-raden-inten-lampung-hanya-100-meter.html,"Bebas banjir, bisa diakses berbagai kendaraan, berada di depan bandara raden inten"
4-12-2021,2200,100,4,2,1,1,"Kecamatan Terbanggi Besar, Lampung Tengah",SHM,1300 Watt,Barat,5500000000,https://rumahdijual.com/lampung/11757058-rumah-tanah-2000-m-pinggir-jalan-raya-terbanggi-besar.html,"sumber air: PAM, bebas banjir, rumah 2 lantai, lokasi strategis, dekat dengan gerbang tol"
4-12-2021,161,85,5,3,1,,"Tanjung Karang Timur, Bandar Lampung",SHM,1300 Watt,Barat,675000000,https://rumahdijual.com/lampung/11567141-rumah-di-jual-bu-cepat-yang-cari-rumah-di.html,"sumber air PDAM dan sumur gali, bebas banjir, tidak ada AC, tidak ada koneksi internet, lokasi strategis"
16-10-2021,84,45,2,1,1,1,"Kota Baru, ITERA Lampung",SHM,1300 Watt,,260000000,https://rumahdijual.com/lampung/11514704-rumah-murah-itera.html,"bebas banjir, sumber air sumur bor, closed duduk, taman, rumah 1 lantai, atap genting"
26-09-2021,88,70,3,2,,1,"Jalan Swadaya, Purnawirawan, Lampung",SHM,1300 Watt,,350000000,https://rumahdijual.com/lampung/9772892-hunian-komersil-tengah-kota-gunter-estate-purnawirawan-bandar-lampung.html,"bebas banjir, sumber air bor,torrenr, dan mesin, lantai granit, plafon gypsum, baja ringan"
22-09-2021,108,70,3,2,1,1,"Jalan Merbau Kecapi, Tanjung Gading, Bandar Lampung",SHM,1300 KWh,,525000000,https://rumahdijual.com/lampung/10102766-rumah-mewah-tanjung-karang-timur.html,"Bebas banjir, sumber air sumur bor, ada koneksi internet, plafon gypsum, taman, pintu minimalis"
11-09-2021,1560,650,6,5,5,,"Jalan Cendana, Tanjung Karang Timur, Bandar Lampung",SHM,Token,,8600000000,https://rumahdijual.com/lampung/9310194-jual-cepat-rumah-mewah-di-bandar-lampung-siap-huni.html,"Terdapat AC, genset, dan pemanas air, bebas banjir, sumber air PDAM, rumah 2 lantai"
10-09-2021,90,45,2,1,,1,"Jalan Haji Said, Kota Baru, Lampung",SHM,1300 Watt,Timur Laut,455000000,https://rumahdijual.com/lampung/10337679-rumah-kedamaian-kota-baru.html,"Sumber air bor, bebas banjir. plafond gypsum, closet duduk, struktur bangunan besi tulang"
08-09-2021,75,45,2,1,,1,"Jalan Kupang Raya, Teluk Betung, Bandar Lampung",SHM,1300 Watt,,355000000,https://rumahdijual.com/lampung/10849292-rumah-murah-dekat-pahoman-bandar-lampung.html,"Lingkungan asri, lokasi strategis, bebas banjir, akses kendaraan luas"
01-09-2021,143,64,2,2,1,,"Jalan Pulau Singkep, Sukarame, Bandar Lampung",SHM,1300 Watt,,450000000,https://rumahdijual.com/lampung/10841656-rumah-murah-komersil-bandar-lampung-lokasi-dekat-kampus-uin.html,"Bebas banjir, bangunan 1 1/2 lantai,  bebas banjir, sumber air sumur bor"
3-12-2021,178,110,3,2,1,1,"Jalan Purnawirawan, Lampung",SHM,1300 Watt,Timur,550000000,https://rumahdijual.com/lampung/11691470-rumah-siap-huni-kota-bandar-lampung-dekat-mall-dan.html,"Bangunan 1 lantai, lokasi strategis, bebas banjir, sumur air borsibble, ada sambungan internet"
5-12-2021,400,375,5,5,,1,"Jalan Way Paguyuban, Pahoman, Bandar Lampung",SHM,1300 Watt,Utara,3000000000,https://rumahdijual.com/lampung/11690496-rumah-strategis-siap-huni-belakang-rri-pahoman-bandar-lampung.html,"Bebas banjir, ada telepon rumah, sumber air bor sibble, taman ruangan outdoor, lokasi strategis"
15-11-2021,379,56,11,11,,1,"Kota Prabumulih, Sumatera Selatan",SHM,1300 Watt,,1100000000,https://www.iklanrumah.com/list/detail/36283/jual-rumah-10-kamar-kost-di-kota-prabumulih-dekat-rsud-kota-prabumulih-dan-rs-ar-bunda,"Lokasi strategis, sumber air dari jet pump, rumah 2.5 lantai, lokasi asri dan nyaman"
27-10-2021,160,85,3,1,,1,"Banyuasin, Talang Kelapa",SHM,1300 Watt,,600000000,https://www.iklanrumah.com/list/detail/34851/rumah-dijual-murah-di-palembang-dekat-indogrosir-palembang-dan-ptc-mall-palembang,"sumber air jet pump dan PAM, rumah dibangun sejak 2019, lokasi strategis, dan bebas banjir"
17-10-2021,215,215,7,3,1,1,"Palembang, Ilir Barat",SHM,1300 Watt,,2300000000,https://www.iklanrumah.com/list/detail/34190/rumah-strategis-multifungsi,"Bebas banjir, sumber air PDAM, lokasi strategis, bisa sebagai rumah tinggal maupun kost"
16-10-2021,182,143,3,3,,1,"Palembang, Sako",SHM,2300 Watt,,1300000000,https://www.iklanrumah.com/list/detail/34097/dijual-rumah-townhouse-baru-2-lantai-lokasi-strategis-dekat-ptc-mall-palembang,"Lingkungan tenang dan nyaman, bahan bangunan berkualitas, lokasi strategis, sumber air PAM dan sumur"
15-10-2021,1064,168,5,3,1,,"Palembang, Ilir Barat I",SHM,1300 Watt,,8000000000,https://www.iklanrumah.com/list/detail/34063/rumah-beserta-tanah-di-perkotaan-palembang,"Akses kemana saja dekat, lingkungan aman dan nyaman, halaman luas, bangunan dari beton"
13-10-2021,336,336,5,2,1,,Baturaja Timur,SHM,Lainnya,,920000000,https://www.iklanrumah.com/list/detail/33928/jual-rumah-baturaja-ogan,"Bangunan rumah 1 lantai, memiliki telepon rumah, posisi dihook"
3-10-2021,571,270,5,4,1,,"Palembang, Seberang Ulu II",SHM,1300 Watt,,2300000000,https://www.iklanrumah.com/list/detail/33394/rumah-dijual-pinggir-jalan,"Rumah dijual beserta perabotannya, keamanan tempat main anak terjamin, bebas banjir dan bersih"
1-10-2021,240,200,5,3,1,1,"Banyuasin, Rambutan",SHM,2200 Watt,,1350000000,https://www.iklanrumah.com/list/detail/33301/rumah-dijual-di-perumahan-opi-jakabaring-dekat-opi-mall-stadion-jakabaring-palembang,"Bangunan rumah 2 lantai, rumah dibangun pada 2015 dan sudah renovasi, bebas banjir, sumber air dari jet pump dan PAM"
26-09-2021,77,36,2,2,,1,"Palembang, Ilir Barat I",SHM,Lainnya,,330000000,https://www.iklanrumah.com/list/detail/33093/rumah-di-barangaroo-kirana-home-palembang,"Keamanan terjamin 24 jam, rumah sudah direnovasi, lingkungan rumah aman dan nyaman"
17-09-2021,91,36,2,1,1,1,"Palembang, Sukarami",Lainnya,1300 Watt,,275000000,https://www.iklanrumah.com/list/detail/32650/perumahan-premier-kedaton-kirana,"Rumah dijual beserta perabotannya, lokasi strategis, keamanan terjamin, air bersih"
28-08-2021,549,246,4,3,1,1,"Musi Banyuasin, Sekayu",SHM & IMB,3500 KWh,,1500000000,https://www.iklanrumah.com/list/detail/31594/dijual-rumah-beserta-isinya,"Fasilitas lengkap, keamanan terjamin, sumber air PDAM, lokasi dekat jika ingin kemana saja"
19-08-2021,102,150,4,4,2,,"Palembang, Kemuning",SHM,2400 Watt,,1500000000,https://www.iklanrumah.com/list/detail/31124/rumah-dijual-di-kota-palembang-dekat-mall-ptc-palembang-dan-palembang-icon-mall,"lingkungan komplek aman, nyaman, dan tentram, sumber air PAM, lokasi strategis"
4-12-2021,150,70,3,2,1,1,"Kedaton, Bandar Lampung",SHM,1300 Watt,,630000000,https://www.rumah123.com/properti/bandar-lampung/hos9247787/,Bisa request tata ruang dan desain ( khusus cash/progress)
4-12-2021,659,650,5,5,2,2,"Kedaton, Bandar Lampung",SHM,2200 Watt,,7500000000,https://www.rumah123.com/properti/bandar-lampung/hos9247795/," Pemanas air : solard jaya, Jendela/pintu/kusen : full kayu merbau sumatera CAT DUCO, Pintu utama atas bawah dan samping : kayu merbau papua utuh tanpa sambung"
23-11-2021,114,45,2,2,,,"Kemiling, Bandar Lampung",SHM,1300 Watt,,330000000,https://www.rumah123.com/properti/bandar-lampung/hos7498769/,"HARGA PERDANA Rp 330jt !! RUMAH READY LOKASI STRATEGIS! Datang dan Langsung Survey Hanya 7 menit menuju Chandra, McD, dan Superindo Kemiling. Dekat dengan Fasilitas Kesehatan dan Pendidikan. Lokasi sangat strategis dan harga terus naik."
4-12-2021,140,120,3,2,1,1,"Tanjung Senang, Bandar Lampung",SHM,1300 Watt,,800000000,https://www.rumah123.com/properti/bandar-lampung/hos9247766/,Alamat:Jln.Bumi Harta. Tanjung senang.B.LAMPUNG.
6-10-2021,360,100,2,2,,,"Kotabumi, Lampung Utara",SHM,1300 Watt,,320000000,https://www.rumah123.com/properti/lampung-utara/hos8947934/,"Dijual CEPAT, BUTUH UANG SEGERA, Rumah di daerah Lampung Utara, Lampung, Lt.360m, SHM, 1lt, 2Kt, 2Km. Lingkungan asri, aman dan nyaman."
17-7-2021,840,180,3,2,2,2,"Metro Kibang, Lampung Timur",SHM,900 Watt,Selatan,700000000,https://www.rumah123.com/properti/lampung-timur/hos8573278/,"Rumah dgn kondisi lt siap huni dan lt 2 80 % jadi dengah halaman luas, namun harga nego sampai deal."
22-11-2021,500,316,7,7,,,"Terbanggi Besar, Lampung Tengah",SHM,3500 Watt,,2650000000,https://www.rumah123.com/properti/lampung-tengah/hos9201808/,"RUMAH DEPAN RUMAH PANGGUNG YG UNIK DAN CANTIK, RUMAH DEPAN HADAP TIMUR, RUMAH BELAKANG HADAP UTARA, FURNITURE RUMAH DEPAN DITINGGAL"
4-12-2021,2200,100,4,2,1,1,"Terbanggi Besar, Lampung Tengah",SHM,1300 Watt,Barat,5500000000,https://www.rumah123.com/properti/lampung-tengah/hos9281496/,"Di lokasi yang sangat strategis berada di pinggir jalan Raya Lintas Sumatra maka tanah ini cocok untuk dijadikan tempat usaha atau rumah tinggal, juga bisa menjadi Investasi yang sangat menguntungkan di masa depan."
9-12-2021,84,45,2,1,1,1,"Natar, Lampung Selatan",SHM,1300 Watt,,275000000,https://www.rumah123.com/properti/lampung-selatan/hos9309420/,".RUMAH SYARIAH & KAVLING RUKO, PINGGIR JALAN UTAMA."
9-12-2021,91,42,2,1,1,1,"Jati Agung, Lampung Selatan",SHM,1300 Watt,,170000000,https://www.rumah123.com/properti/lampung-selatan/hos9309417/,"Rumah Syariah Promo 5 unit dengan harga 170 juta aja,  Lokasinya dekat banget sama UIN Lampung lhooo..."
9-12-2021,72,50,2,1,,1,"Tanjung Bintang, Lampung Selatan",SHM,1300 Watt,,225000000,https://www.rumah123.com/properti/lampung-selatan/hos9306767/,Kpr dp 5 juta all in angsuran 2jtaan 15 thn
9-12-2021,78,45,2,1,,1,"Sukabumi, Bandar Lampung",SHM,1300 Watt,,298000000,https://www.rumah123.com/properti/bandar-lampung/hos9310714/,Tj.Seneng Bandar Lampung Perumahan one gate system dgn keamanan dan cctv 24jam
9-12-2021,106,60,3,2,1,1,"Sukarame, Bandar Lampung",SHM,1300 Watt,,425000000,https://www.rumah123.com/properti/bandar-lampung/hos9309419/,Perumahan Kedamaian Indah Cluster
9-12-2021,152,75,3,2,1,1,"Sukarame, Bandar Lampung",SHM,1300 Watt,,600000000,https://www.rumah123.com/properti/bandar-lampung/hos9309405/,"Rumah Type Besar dan Tanah Luas serta strategis pinggir aspal jalan raya singkep Sukarame , terbatas hanya 5 unit"
9-12-2021,174,130,4,2,1,1,"Kemiling, Bandar Lampung",SHM,1300 Watt,,549000000,https://www.rumah123.com/properti/bandar-lampung/hos9309412/,"Luas 174, Kamar 4, Shm, Harga masih nego"
3-11-2021,483,500,8,6,,6,"Rajabasa, Bandar Lampung",SHM,2200 Watt,,2500000000,https://www.rumah123.com/properti/bandar-lampung/hos9099575/,Dijual cepat rumah mewah tanah luas di kota bandar Lampung
28-10-2021,72,45,2,1,1,1,"Tanjung Senang, Bandar Lampung",SHM,1300 Watt,,255000000,https://www.rumah123.com/properti/bandar-lampung/hos9065950/,"Griya Almunakareem AMD, Type : 45/72"
14-10-2021,160,81,3,2,,1,"Sukarame, Bandar Lampung",SHM,1300 Watt,Tenggara,636000000,https://www.rumah123.com/properti/bandar-lampung/hos8994507/,"Lokasi Sangat Strategis JL. Ryacudu, Gang Nangka 4, sukarame, Bandar Lampung ( hanya 40 meter dari jalan raya Ryacudu, Korpri), Akses jalan aspal depan rumah lebar 8 Meter"
13-10-2021,425,450,4,3,1,2,"Teluk Betung, Bandar Lampung",SHM,3500 Watt,,1500000000,https://www.rumah123.com/properti/bandar-lampung/hos8990042/,"Dijual cepat rumah mewah siap huni nyaman View kota, View laut"
01-07-2021,400,350,6,4,1,1,"Tanjung Karang Pusat, Bandar Lampung",SHM,3300 Watt,,1800000000,https://www.rumah123.com/properti/bandar-lampung/hos8509818/,Dijual rumah view laut dan kota.
15-04-2021,140,120,4,3,,2,"Way Halim, Bandar Lampung",SHM,1300 Watt,,1050000000,https://www.rumah123.com/properti/bandar-lampung/hos8177867/,"Rumah Murah di Wayhalikn Bandar Lampung, Mau ke Transmart tinggal gas dikit"
08-04-2021,2662,378,7,5,2,2,"Kedaton, Bandar Lampung",SHM,1300 Watt,,2550000000,https://www.rumah123.com/properti/bandar-lampung/hos8142174/,"Pekarangan luas kiri kanan dpn blkg, Parkir : luas, Pagar keliling"
23-11-2021,105,105,3,3,2,2,"Alang Alang Lebar, Palembang",SHM,2200 Watt,,875000000,https://www.rumah123.com/properti/palembang/hos6441128/,"Dengan konsep rumah tumbuh, yaitu rumah yang masih bisa dikembangin lagi ketika anggota keluarga anda sudah semakin banyak,"
25-11-2021,206,300,5,3,,,"Kalidoni, Palembang",SHM,4400 Watt,,3500000000,https://www.rumah123.com/properti/palembang/hos9224095/,"BELAKANG ADA 2 LANTAI, KEAMANAN 24 JAM, BEBAS BANJIR, 10 MENIT KE MALL PTC, DEKAT SEKOLAH KUSUMA BANGSA, SEKOLAH IPEKA, MAITREYAWIRA."
11-11-2021,512,130,5,3,,2,"Seberang Ulu II, Palembang",SHM,1300 Watt,,5000000000,https://www.rumah123.com/properti/palembang/hos9141009/,"Rumah berada di jalan KH Balqi banten Plaju, kawasan aman dan nyaman, akses jalan 2 mobil. Cocok buat tempat tinggal,Kos kosan, Kantor,Bangun ruko, Toko dan tentu nya sesuai kebutuhan Anda."
24-11-2021,2500,120,3,2,,,"Banyuasin III, Banyuasin",SHM,900 Watt,,400000000,https://www.rumah123.com/properti/banyuasin/hos9217727/,"Dijual rumah seluas 120m2 dan diatas lahan 2.500m2 dengan harga Rp.400jt, dengan 3 kamar tidur, 2 kamar mandi, 2 ruang tamu, 1 ruang keluarga, 1 dapur, listrik 900, air sumur. di tanjung lago, tanjung api api banyuasin"
03-11-2021,84,36,2,1,,1,"Sako, Palembang",SHM,1300 Watt,Timur,150000000,https://www.rumah123.com/properti/palembang/hos9098201/,Pelita Borang Residen rumah subsidi spek batu bata lokasi hanya 800 meter dari Indomaret jembatan 1
23-06-2021,68,128,3,2,,,"Ilir Timur I, Palembang",SHM,2200 Watt,Utara,750000000,https://www.rumah123.com/properti/palembang/hos8474470/,"Dijual 2 unit Rumah, bangunan 2 lantai berada Di pusat kota Palembabg KM 3.5, akses dkt kemana mana,kawasan pdt penduduk. Cocok buat tmpt tinggal, kostan atau pun Investasi"
7-12-2021,372,150,5,3,,,"Ilir Barat II, Palembang",SHM,900 Watt,,3200000000,https://www.rumah123.com/properti/palembang/hos9296377/,"Jalan depan rumah rapih, aspal, bisa dilalui 2 mobil. Jarak hanya 100 meter dari kantor Camat dan Polsekta Ilir Barat II. Hanya 10 menit ke Kambang Iwak, Jembatan Musi 6, dan area bisnis lainnya."
01-07-2021,150,190,5,1,,,"Sukarame, Palembang",SHM,1300 Watt,Timur,410000000,https://www.rumah123.com/properti/palembang/hos8512364/,"Rumah dilingkungan padat penduduk namun tetap Memberikan pd penghuninya, ketenangan dan Kenyamanan posisi rumah menghadap timur,serta ruang terbuka yg menjamin"
4-12-2021,135,60,3,2,,,"Tanjung Senang, Bandar Lampung",SHM,1300 Watt,,435000000,https://www.rumah.com/listing-properti/dijual-way-kandis-cluster-oleh-anton-19385510,"Rumah besar dengan ruangan longgar yang tidak jauh dari pasar, sumber air dari sumur dan mesin"
3-12-2021,110,70,3,2,1,,"Kedaton, Bandar Lampung",SHM,1300 Watt,,535000000,https://www.rumah.com/listing-properti/dijual-griya-pu-pagar-alam-oleh-anton-19381119,"Sumber air dari sumur bor, lantai granit, plafon gypsum trap, lokasi strategis dan bebas banjir"
6-12-2021,130,70,3,2,1,,"Rajabasa, Bandar Lampung",SHM,1300 Watt,,585000000,https://www.rumah.com/listing-properti/dijual-jual-cepat-murah-rumah-mewah-di-rajabasa-bandar-lampung-oleh-anton-19186608,"Berpondasi dari batu belah, dekat dengan pusat pembelanjaan, lokasi elit dan nyaman, bebas banjir"
9-10-2021,72,45,2,1,1,,"Tanjung Karang Barat, Bandar Lampung",SHM,1300 Watt,,258000000,https://www.rumah.com/listing-properti/dijual-lampung-oleh-al-hadian-17987036,"Bernuansa klasik modern dengan lingkungan yang nyaman dan tenram, lokasi strategis, keamanan terjamin, memiliki fasilitas yang lengkap di daerahnya"
9-11-2021,495,400,5,4,1,,"Teluk Betung Utara, Bandar Lampung",SHM,2200 Watt,,3200000000,https://www.rumah.com/listing-properti/dijual-bandar-lampung-oleh-ginanjar-agung-18027533,"Memiliki taman yang asri dengan joglo kecil di halaman, lokasi strategis, fasilitas di komplek lengkap"
2-12-2021,580,630,6,6,2,2,"Teluk Betung Barat, Bandar Lampung",SHM,3500 Watt,,4500000000,https://www.rumah.com/listing-properti/dijual-citra-garden-lampung-oleh-anton-19164681,"Posisi rumah dihook, lingkungan elit,nyaman,dan asri, lokasi strategis, sarana dan prasarana di lingkungan sekitar lengkap"
7-11-2021,150,70,3,2,2,1,"Kedaton, Bandar Lampung",SHM,2200 Watt,,630000000,https://www.rumah.com/listing-properti/dijual-kedaton-bandar-lampung-oleh-nugroho-edi-setiawan-19174573,"Sumur bor+mesin+tower, bebas banjir, atap menggunakan beton, closet duduk, plafon gypsum"
5-10-2021,150,72,3,2,2,2,"Tupai, Bandar Lampung",SHM,2200 Watt,,630000000,https://www.rumah.com/listing-properti/dijual-rumah-bandar-lampung-oleh-anton-19144638,"Lokasi strategis, lingkungan aman dan tentram, bangunan kokoh, bebas banjir"
6-10-2021,91,45,2,1,,1,"Sukabumi, Bandar Lampung",SHM,1300 Watt,,335000000,https://www.rumah.com/listing-properti/dijual-sukabumi-bandar-lampung-oleh-nugroho-edi-setiawan-18744067,"Keamanan terjamin, lokasi strategos, lingkungan terkesan elit dan tentram, sumber air PDAM, fasilitas lengkap"
05-09-2021,222,70,3,2,,2,"Sukabumi, Bandar Lampung",SHM,2200 Watt,,765000000,https://www.rumah.com/listing-properti/dijual-rumah-bandar-lampung-oleh-anton-priono-18657481,"Memiliki taman asri yang minimalis, lingkungan nyaman, lokasi strategis, bisa dijadikan tempat usaha"
26-09-2021,72,80,3,2,,,"Kalidoni, Palembang",SHM,1300 Watt,Timur,800000000,https://www.rumah123.com/properti/palembang/hos8901046/,"Skema KPR TANPA BANK, Tanpa BI Checking, Tanpa Ribet DP 30% , sisa di cicil selama 5 thn, flat."
26-09-2021,90,80,3,2,,,"Ilir Barat I, Palembang",SHM,2200 Watt,Timur,696000000,https://www.rumah123.com/properti/palembang/hos8900612/,"KHAFILA RESIDENCE
Town House murah dan strategis di bukit Palembang
Terletak di pinggir jalan Tanjung barangan Ilir barat 1, hanya 3 mnt dari jln utama Soekarno Hatta
Tersedia tipe 87 dan 95"
26-09-2021,95,36,2,1,,,"Ilir Barat I, Palembang",SHM,1300 Watt,Timur,275000000,https://www.rumah123.com/properti/palembang/hos8900569/,"Lingkungan perumahan sdh berpenghuni, dekat masjid, dekat pasar tradisional, dekat sekolah, mini market.Hanya 10 menit ke kampus UNSRI bukit
Hanya 15 menit ke bandara SMB 2"
26-09-2021,90,45,3,2,,,"Kalidoni, Palembang",SHM,1300 Watt,Timur,375000000,https://www.rumah123.com/properti/palembang/hos8900546/,"Cluster strategis yang dekat dgn PT PUSRI
Terletak di jln KH Azhari sei selayur Kalidoni Palembang, hanya 300 langkah dari graha pinang masak"
25-09-2021,75,80,3,3,1,1,"Ilir Barat I, Palembang",SHM,1300 Watt,Timur,750000000,https://www.rumah123.com/properti/palembang/hos8899762/,"Town House Ekslusif dan strategis di bukit palembang, villa Asalam 2
Jln politeknik bukit lama palembang, bersebalahan dgn perumahan dosesn poltek unsri.
Tersedia tipe 65 - 110
Dgn luas tanah beragam."
24-09-2021,120,110,3,3,2,2,"Ilir Barat I, Palembang",SHM,2200 Watt,Barat Daya,1500000000,https://www.rumah123.com/properti/palembang/hos8896739/,"Town House Eksklusif di bukit palembang.
Hanya 300 meter dari jln utama Demang lebar daun."
23-09-2021,136,120,3,3,,,"Ilir Barat I, Palembang",SHM,4400 Watt,,800000000,https://www.rumah123.com/properti/palembang/hos8888969/,"Dijual CEPAT, 1unit rmh cantik minimalis ( Demang lbr daun ) pusat kota Palembang
Siap huni ,buat klrg tercinta maupun Investasi
Anda jangka panjang.
"
16-09-2021,84,36,2,1,,1,"Sukarame, Palembang",SHM,1300 Watt,Timur,150000000,https://www.rumah123.com/properti/palembang/hos8853755/,Farih residen merupakan rumah subsidi dg spek batu bata dengan tinggi plapon 4 meter lokasi di belakang kantor lurah talang betutu
16-09-2021,98,40,2,1,,,"Alang Alang Lebar, Palembang",SHM,2200 Watt,Barat,408000000,https://www.rumah123.com/properti/palembang/hos8855026/,"Cukup booking unit 5 juta dapatkan cashback senilai 40 jt
free ajb, bphtb, bbn, ppn
free instalasi air ats + listrik token 2200w
free taman rumah
free biaya akad kredit maksimal 15 jt"
15-09-2021,499,300,5,3,,8,"Bukit Kecil, Palembang",SHM,5500 Watt,,3900000000,https://www.rumah123.com/properti/palembang/hos8849981/,"Rumah dilokasi strategis lingkungan nyaman, aman dan tenang. Kondisi rumah bagus dan bersih siap pakai, cocok untuk tempat tinggal, Kantor dan Mess. Akses jalan 2 mobil, dekat dengan PIM, Ramayana, Transmart, Palembang Icon, PS Mall, Sekolah Harapan Mulia, Sekolah SMPN 1, SD Xaverius, Sekolah Pelita Harapan, Dermaga BKB dll."
12-12-2021,72,36,2,1,,1,"Enggal, Bandar Lampung",SHM,,,230000000,,
07-06-2023,69,55,2,1,1,1,"Tanjung Senang, Bandar Lampung",SHM,1300,Timur,230000000,https://www.rumah123.com/properti/bandar-lampung/hos13767852/,RUMAH MURAH STRATEGIS WAY KANDIS. RUMAH MODERN SIAP HUNI.
07-06-2023,148,75,3,2,0,1,"Kedamaian, Bandar Lampung",SHM,1300,,649000000,https://www.rumah123.com/properti/bandar-lampung/hos9786461/,Kedamaian cluster. KPR bank dibantu (harga di luar biaya kpr).
07-06-2023,236,115,3,2,1,1,"Rajabasa, Bandar Lampung",SHM,1300,,895000000,https://www.rumah123.com/properti/bandar-lampung/hos9020676/,"Lokasi: Jl. Pramuka, Rajabasa, Bandar Lampung (Dekat Pusat Pendidikan Global Madani), samsat, univ malahayati dll."
07-06-2023,176,70,2,1,2,2,"Teluk Betung Barat, Bandar Lampung",SHM,1300,Timur,900000000,https://www.rumah123.com/properti/bandar-lampung/hos13244683/,Dijual Rumah Siap Huni. Harga Negotiable. CLUSTER CITRA GARDEN BANDAR LAMPUNG. Konsep Villa.
07-06-2023,100,102,3,2,1,1,"Kemiling, Bandar Lampung",SHM,1300,Timur,555000000,https://www.rumah123.com/properti/bandar-lampung/hos13726761/,"Cluster baru CORDY RESIDENCE unit TERBATAS di Kemiling, Bandar Lampung. Desain modern, kokoh, dan tepercaya. Lingkungan nyaman, bersih, serta aman. Lokasi dekat dengan jalan raya Sumber Agung Kemiling Bandar Lampung."
07-06-2023,72,36,2,1,1,1,"Kedaton, Bandar Lampung",SHM,900,Timur,150000000,https://www.rumah123.com/properti/bandar-lampung/hos13941396/,"Perumahan subsidi TRIA MAHAN CITY Tahap 2, pinggir jalan besar sabahbalau. Design rumah minimalis dengan 2 kamar tidur 1 kamar mandi dan sudah ada meja dapur."
07-06-2023,77,32,2,1,0,1,"Teluk Betung Barat, Bandar Lampung",HGB,1300,Selatan,541000000,https://www.rumah123.com/properti/bandar-lampung/hos13889629/,"Rumah Bandar Lampung, Negeri Olok Gading. Fasilitas Komersial. Akses Tol. CitraGarden Bandar Lampung Kehidupan Kelas Satu."
07-06-2023,95,58,2,1,0,1,"Labuhan Ratu, Bandar Lampung",SHM,1300,,318000000,https://www.rumah123.com/properti/bandar-lampung/hos13884963/,"Lokasi Strategis. 3 Akses Jalan yang Mudah. Dekat Pusat Pendidikan. Dekat Pusat Perbelanjaan (Pasar Tani, MCD, Indomaret, IndoGrosir, dll). Dekat Perkantoraan. Dekat Pelayanan Kesehatan. Dekat Tempat Wisata."
07-06-2023,120,70,1,1,1,1,"Kemiling, Bandar Lampung",SHM,1300,Timur,535000000,https://www.rumah123.com/properti/bandar-lampung/hos13882665/,PERUMAHAN KEMILING BANDAR LAMPUNG THE VISIONER ESTATE. Lokasi: Jl. Raya Dua Jalur BKP/ Springhill Bandar Lampung. Akses mudah jadi semua dapat ditempuh dalam hitungan menit saja.
07-06-2023,72,36,2,1,1,1,"Rajabasa, Bandar Lampung",SHM,1300,Timur,150000000,https://www.rumah123.com/properti/bandar-lampung/hos13882297/,"Rumah Bersubsidi Daerah Natar Lampung. PESONA NATAR RESIDENCE. Lokasi : Jl. Hj. Agustina Caropeboka, Natar Lampung Selatan."
07-06-2023,105,80,3,2,1,1,"Kemiling, Bandar Lampung",SHM,1300,Timur,435000000,https://www.rumah123.com/properti/bandar-lampung/hos13881728/,"Lokasi strategis di jl. Imam bonjol kemiling Bandar Lampung, Security 24 jam, bebas banjir, ± 5 menit dari SMA NEGERI 7 Kemiling , ± 3 menit dari SPBU Kemiling, ±10 menit dari exit tol Natar, ±15 menit Bandara Raden intan dekat McDonald’s, KFC, dan Superindo, serta dekat Rumah Sakit Bintang Amin, Universitas Malahayati , fasilitas pendidikan dan perbankan, pasar, dan mall."
07-06-2023,82,45,2,1,1,0,"Sukarame, Bandar Lampung",SHM,1300,,340000000,https://www.rumah123.com/properti/bandar-lampung/hos13880641/,Rumah Dijual Cepat Di legundi Sukarame. Listrik 1300 VA. Sumur Bor.
07-06-2023,72,36,2,1,1,1,"Kedaton, Bandar Lampung",SHM,1300,Timur,150000000,https://www.rumah123.com/properti/bandar-lampung/hos13813760/,Rumah Subsidi di pesawaran lampung 2022. Perumahan Srimulyo Garden Negeri Sakti Pesawaran dekat Kemiling Bandar Lampung.
07-06-2023,75,36,2,1,1,1,"Bumi Waras, Bandar Lampung",SHM,1300,Timur,150000000,https://www.rumah123.com/properti/bandar-lampung/hos13812654/,"Rumah subsidi dekat bandar Lampung tanpa DP, tanah Sangat luas, lokasi Tepat pinggir jalan utama, dan lingkungan sdh Sangat ramai. Srimulyo Permai Negeri Sakti. Rumah Strategis, aman, nyaman dengan harga terjangkau dekat kota Bandar Lampung."
07-06-2023,105,105,2,1,0,1,"Sukarame, Bandar Lampung",SHM,1300,Utara,520000000,https://www.rumah123.com/properti/bandar-lampung/hos13811043/,RUMAH MINIMALIS DEKAT UIN RADEN INTAN BANDAR LAMPUNG.
07-06-2023,60,36,2,1,1,1,"Langkapura, Bandar Lampung",SHM,900,Utara,150000000,https://www.rumah123.com/properti/bandar-lampung/hos13810481/,Baru Rumah subsidi kota Bandar Lampung. Perumahan Puri Saujana 8 Sukadanaham Tanjung Karang Barat Bandar Lampung. Hunian asri aman dan alami.
07-06-2023,90,90,5,3,0,1,"Kedaton, Bandar Lampung",SHM,2200,Utara,625000000,https://www.rumah123.com/properti/bandar-lampung/hos13809519/,Rumah Desain Modern ditengah Kota Bandar lampung. Rumah Siap Huni. Bisa KPR Bank Syariah. Bisa Cicil ke developer 12 Bulan.
07-06-2023,72,55,3,1,0,1,"Tanjung Karang Barat, Bandar Lampung",SHM,1300,,350000000,https://www.rumah123.com/properti/bandar-lampung/hos13808707/,Rumah Desain Modern ditengah Kota Bandar lampung. Rumah Siap Huni. Bisa KPR Bank Syariah. Bisa Cicil ke developer 12 Bulan.
07-06-2023,84,55,2,1,0,1,"Rajabasa, Bandar Lampung",SHM,1300,,275000000,https://www.rumah123.com/properti/bandar-lampung/hos13808691/,PERUMAHAN MURAH 200JTAAN DI RAJABASA BANDAR LAMPUNG.
07-06-2023,66,40,2,1,0,1,"Tanjung Karang Pusat, Bandar Lampung",SHM,Lainnya Watt,,375000000,https://www.rumah123.com/properti/bandar-lampung/hos13808178/,Rumah kawasan PERUM VILLA MAS.
07-06-2023,96,60,2,1,0,1,"Tanjung Karang Timur, Bandar Lampung",SHM,Lainnya Watt,,500000000,https://www.rumah123.com/properti/bandar-lampung/hos13808177/,Rumah daerah Antasari.
07-06-2023,143,50,2,2,0,1,"Tanjung Karang Timur, Bandar Lampung",SHM,2200,,950000000,https://www.rumah123.com/properti/bandar-lampung/hos13808169/,Hunian Nyaman Dijual Cepat. Listrik 2200 VA. Lantai Granit. One Gate Sistem. Ada Water Heater.
07-06-2023,180,70,3,3,0,1,"Kemiling, Bandar Lampung",SHM,1200,,800000000,https://www.rumah123.com/properti/bandar-lampung/hos13808165/,Rumah 3 Lantai Dijual Murah. Listrik 1200 VA.
07-06-2023,208,216,4,3,0,1,"Rajabasa, Bandar Lampung",SHM,Lainnya Watt,,600000000,https://www.rumah123.com/properti/bandar-lampung/hos13807729/,Rumah Rajabasa Bandar Lampung.
07-06-2023,150,80,3,2,0,1,"Rajabasa, Bandar Lampung",SHM,1300,,595000000,https://www.rumah123.com/properti/bandar-lampung/hos13728145/,RUMAH SIAP HUNI. Hunian Exclusive di Bandar Lampung. Berlokasi di Jl. Flamboyan Raya LABUHAN DALAM. Type 80/150. Harga IDR 595 juta (all in).
06-06-2023,120,120,3,3,0,2,"Ilir Timur li, Palembang",SHM,2200,,1300000000,"Rumah 2 Lantai Bagus di 8 Ilir, Palembang | Rumah123.com","Akses Dekat mall PTC, Bebas banjir, Jalan masuk 2 mobil"
06-06-2023,835,900,5,5,2,6,"Ilir Barat I, Palembang",SHM,4400,Timur,7500000000,Rumah Mewah Di Tengah Kota Setengah Harga | Rumah123.com,Tawaran tak terduga ini akan mengubah impian Anda menjadi kenyataan dengan harga setengah dari yang Anda duga. Mari ikuti petualangan kami untuk menjelajahi keindahan dan keajaiban yang tersembunyi di balik pintu-pintu bergaya klasik ini.
06-06-2023,302,233,4,4,0,2,"Ilir Barat I, Palembang",SHM,3300,,5500000000,Rumah di Jl. Seruni Palembang | Rumah123.com,"Akses gerbang tol palembang, PDAM, Bebas banjir, Jalan masuk 2 mobil"
06-06-2023,110,60,2,1,0,0,"Sako, Palembang",SHM,2200,,650000000,https://www.rumah123.com/properti/palembang/hos13947581/,"Rumah Dijual Palembang HUNIAN MINIMALIS MODERN LOKASI STRATEGIS ,ONE GATE SYSTEM ,SCRUITY 24 JAM ,BEBAS BANJIR, LINGKUNGAN AMAN DAN BEBAS BANJIR, ROW JALAN LUAS"
06-06-2023,150,120,3,2,0,1,"Sako, Palembang",SHM,2200,,1750000000,RUMAH 2 LANTAI | Rumah123.com,"Rumah Dijual Palembang Dijual Rumah 2 lantai, terletak di pinggir jalan, dekat mall PTC"
06-06-2023,135,150,3,2,0,2,"Ilir Timur li, Palembang",SHM,1300,,880000000,Dijual Rumah Siap Huni di Sekojo Indah Residence Palembang | Rumah123.com,"Cari Property dibawah harga pasar ! Cari di INCOME saja, Real Estate Agent terbesar di Palembang dengan pengalaman lebih dari 12 tahun."
06-06-2023,75,80,3,2,0,1,"Alang Alang Lebar, Palembang",SHM,2200,Timur,750000000,Town House Tengah Kota Palembang Dekat Bandara Smb 2 | Rumah123.com,"Town House Siap Huni di Lingkungan yang sudah jadi, Magalo Residence
"
06-06-2023,122,90,3,3,0,1,"Seberang Ulu I, Palembang",SHM,1300,,590000000,Dijual Rumah Taman Ogan Permai Jakabaring Palembang | Rumah123.com,"Cari Properti Murah Harga Dibawah Harga Pasar, Segera Hubungi Agen Properti Income Realty Palembang"
06-06-2023,105,70,3,2,0,1,"Alang Alang Lebar, Palembang",SHM,2200,,1350000000,Rumah Baru Tipe Calathea Komplek The Pavilion Kawasan Citra Grandcity Palembang | Rumah123.com,"Rumah kondisi baru, tipe standart . belakang ada tanah sisa 4,5 meter sehingga masih bisa untuk perluasan bangunan. Komplek aman dan nyaman Kawasan Citra Grand City . kebersihan dan keamanan terjaga, fasilitas umum lengkap , Sekolah, Masjid, Lap Golf , Amanzi waterpark, Gym, Mcd, Apotek, Klinik dll"
06-06-2023,140,70,3,2,0,1,"Bukit Kecil, Palembang",SHM,1300,,775000000,"Dijual Cepat Dan Murah, Rumah di Komplek Permata Siguntang | Rumah123.com","Dijual Cepat dan Murah
rumah secondary di Komplek perumahan permata bukit siguntang palembang"
06-06-2023,96,40,2,1,0,1,"Alang Alang Lebar, Palembang",SHM,1300,Utara,375000000,Rumah Minimalis Ala Scandanavian Dikota Palembang Hanya 300 Jutaan | Rumah123.com,"One gate sistem, security 24 jam, air pdam ats, listrik 1300 watt. Dan sudah ramai penduduk."
06-06-2023,90,42,2,1,0,1,"Alang Alang Lebar, Palembang",SHM,1300,Timur,400000000,"Cluster Elit Dan Lengkap di Palembang, Dp 5 Juta All In | Rumah123.com","Jalan lebar, sudah di cor, Air PAM ATS 24 Jam, Jogging Track, Mushola, Gedung Serbaguna, dll. promo bulan ini DP 5 Juta All in, Free Pajak dan BBN"
06-06-2023,99,57,2,1,0,1,"Ilir Timur li, Palembang",SHM,1300,Utara,600000000,"Rumah Baru di Lemabang Pusri, Hanya 500 Jutaan | Rumah123.com","di Lemabang PUSRI (hanya 50 meter dari jln RE Martadinata), hanya 300 meter ke JM Lembang"
06-06-2023,55,100,3,3,0,1,"Ilir Timur I, Palembang",SHM,2200,Timur,900000000,"Town House Tengah Kota Palembang, Km.5 Bisa Kpr Tanpa Bank | Rumah123.com","Town House siap Huni di Jln Letnan Murod talang ratu Palembang.
Hanya 100 Langkah ke jln Utam Kol H Burlian Km.5
Hanya 5 menit ke RSUD Siti Fatimah
"
06-06-2023,108,100,3,3,0,1,"Ilir Timur li, Palembang",SHM,1300,,850000000,Rumah 2 Lantai Murah Dan Strategis di Celatang Palembang | Rumah123.com,"Rumah 2 lantai Murah dan Strategis di Kota Palembang, Hanya 5 menit ke PT Pusri Palembang."
06-06-2023,90,36,2,1,0,1,"Sako, Palembang",SHM,1300,Barat,325000000,"Rumah Baru di Sako Palembang, Dp 10 All In | Rumah123.com","Cluster ekslusif dan minimalis di sako palembang

Green Bussan Village

yang terletak di pinggir jln lebak murni sako palembang.
"
06-06-2023,158,260,4,3,0,1,"Ilir Timur li, Palembang",SHM,3500,,2700000000,Rumah 2 Lantai Komplek Bhl Evergreen Jalan Residen Abdul Rozak Palembang | Rumah123.com,"Rumah kondisi bagus dan terawat, dalam komplek elit dan bergengsi komplek Evergreen.
One gate system, keamanan 24 jam. Lokasi di pusat kota, mudah dijangkau.
Dekat mall PTC, sekolah internasional Kusuma bangsa , Maitreya dll
Cocok untuk hunian keluarga, ataupun berinvestasi"
06-06-2023,120,54,3,1,0,1,"Seberang Ulu II, Palembang",SHM,2200,,800000000,Rumah keren dalam komplek | Rumah123.com,"Rumah Dijual Palembang Di jual Rumah lokasi dalam komplek Aman lokasi Dekat tabes kota palembang, Dekat poltabes Palembang"
06-06-2023,64,128,2,2,0,1,"Ilir Timur I, Palembang",SHM,1300,Barat,900000000,https://www.rumah123.com/properti/palembang/hos13657546/,"Strategis tengah kota, akses ke mana-mana mudah. Lingkungan aman dan nyaman."
06-06-2023,84,45,2,1,1,1,"Sukarame, Palembang",SHM,1300,Timur,475000000,https://www.rumah123.com/properti/palembang/hos13654716/,"Lokasi strategis
Desain Modern
Sudah di huni lebih dari 220 Kk
Dekat dari Jalan sukabangun 2 dan jalan Noerdin pandji arah bandara kenten"
06-06-2023,72,45,2,2,0,1,Sukarame,SHM,1300,Barat Daya,375000000,https://www.rumah123.com/properti/palembang/hos13654635/,"Lokasi strategis
Desain Modern
Sudah di huni lebih dari 220 Kk
Dekat dari Jalan sukabangun 2 dan jalan Noerdin pandji arah bandara kenten
Dekat dari Indomaret dan Alfamart"
06-06-2023,120,80,3,2,0,2,"Sako, Palembang",SHM,2200,,550000000,RUMAH BAGUS DAN NYAMAN DI KENTEN GARDENA 1 DI SAKO | Rumah123.com,"Rumah Dijualsewa Palembang DIJUAL RUMAH BAGUS DAN NYAMAN DI KENTEN GARDENA 1, SAKO BARU, KEC. SAKO, PALEMBANG.

LOKASI STRATEGIS BERADA DI TENGAH KOTA YANG LENGKAP AKAN FASILITAS UMUM SERTA KEBUTUHAN SEHARI-HARI."
06-06-2023,128,52,2,1,1,1,"Sukarame, Palembang",SHM,1300,Selatan,600000000,https://www.rumah123.com/properti/palembang/hos13592122/,"Rumah Semi Villa Idaman di KM 7 SUKARAMI

Akan memberikan sesuatu yang berbeda bagi anda dan keluarga.
Memberikan kenyamanan dan kebahagiaan pasti bagi anda dan keluarga"
06-06-2023,105,60,3,1,0,1,"Alang Alang Lebar, Palembang",SHM,2200,,795000000,Rumah Siap Huni Tipe Fiore Cluster Green Valley Citragrand City Palembang | Rumah123.com,"Rumah baru, bagus, dan siap huni. Lingkungan dalam cluster elite, security 24 jam. Ada sekolah internasional, pasar modern, tempat ibadah, amanzi waterpark, apotek, McDonald’s. Kawasan perumahan yang berkembang, sudah ramai dan fasilitas umum terlengkap di Palembang. Cocok untuk hunian keluarga ataupun untuk berinvestasi."
06-06-2023,658,142,3,2,0,2,"Ilir Timur li, Palembang",SHM,2000,,3000000000,Rumah Dekat Polsek Lemabang Jalan Ratu Sianum Palembang | Rumah123.com,"Rumah berada di Jalan Ratu Sianum 3 Ilir Kec.Ilir Timur 2 Keamanan baik, karena kawasan aman dan nyaman di dekat POLSEK setempat. Akses jalan 2 mobil, Cocok buat tempat tinggal pribadi, ada tanah lebih di belakang rumah. Bisa di jadikan untuk bisnis bangun bedeng/kost”an."
06-06-2023,250,180,3,3,1,2,"Alang Alang Lebar, Palembang",SHM,2200,,2500000000,Dijual Rumah Tipe Prestige 3 Basic Cluster Orchard Citragrand City Palembang | Rumah123.com,"Rumah bagus dan mewah siap huni, lingkungan dalam cluster elite, security 24 jam. Fasilitas kolam renang dan tempat fitness, ada sekolah internasional, pasar modern, tempat ibadah, amanzi waterpark, apotek 24 jam, McDonald’s."
21-08-2023,360,340,6,4,0,3,"Rambutan, Banyuasin",SHM,5500,,3800000000,https://www.rumah123.com/properti/banyuasin/hos14536839/,"Rumah Dijual Banyuasin RUMAH LUX 6 KAMAR TIDUR TERAWAT,
BONUS FISH POND 13 TONS

SPEKSIFIKASI:
- 2 LANTAI
- LISTRIK 2X 5500 WATT
- CARPORT 3 MOBIL
- SANITARY by TOTO

LINGKUNGAN EKSKLUSIF, ONE GATE SYSTEM DAN TAMAN INDAH.

AKSES DEKAT DENGAN LRT, OPI MALL, JAKABARING SPORT CITY DAN TOL BARU.

PEMBANGUNAN RUKO KOMERSIL DI DEPAN KOMPLEKS MEMBERI NILAI TAMBAH, MENJADIKAN PILIHAN TERBAIK UNTUK ANDA DAN KERABAT ANDA.

UNIT JARANG ADA
HARGA NEGO"
18-09-2023,120,100,3,2,0,0,"Talang Kelapa, Banyuasin",SHM,900,,400000000,https://www.rumah123.com/properti/banyuasin/hos14813098/,"Rumah ini adalah kombinasi sempurna antara kenyamanan, lokasi strategis, dan harga terjangkau. Terletak di dalam Komplek Permata Mas, Jalan Bumi Mas Lr Arisan, Alang Alang Lebar, Banyu Asin, rumah ini memiliki semua yang Anda butuhkan untuk hidup dengan nyaman.

Dengan luas tanah 120 m² dan luas bangunan 100 m², rumah ini menawarkan 3 kamar tidur yang nyaman dan 2 kamar mandi. Sertifikat kepemilikan rumah (SHM)"
08-09-2023,131,36,2,1,0,1,"Talang Kelapa, Banyuasin",SHM,1300,,418000000,https://www.rumah123.com/properti/banyuasin/hos14716315/,"Rumah Dijual Banyuasin HUNIAN KOMERSIL DI KOTA PALEMBANG DENGAN HARGA TERJANGKAU, GOLDEN LAND SOLUSINYA !

Promo cuma-cuma diskon 10% untuk segala jenis rumah & gratis biaya akad s/d 15 jutaan !!

Tunggu apalagi ?? Buruan kepoin dan dapetkan unit sebelum kehabisan diskonnya !!

Tersedia tipe mulai 36-75 yang tentunya nyaman dan asri banget !!
- Lingkungan sudah tercipta keasriannya, keamanannya terjamin
- Berada di daerah yang merupakan area perumahan Areal Tanah Mas.

Sarana &Prasarana
Utama :
* 5 menit dari perumahan Citra Grand City
* 5 menit dari Amanzi waterpark
* 3 menit dari Danau Tanah Mas
* 15 menit menuju Bandara SMB 2."
15-08-2023,54,48,2,1,0,0,"Talang Kelapa, Banyuasin",SHM,450,,235000000,https://www.rumah123.com/properti/banyuasin/hos14495314/,"Rumah Dijual Banyuasin KOMPLEK RAMAI, AMAN DAN STRATEGIS .
\u2705 15 MENIT KE BANDARA
\u2705 10 MENIT KE INDOGROSIR
\u2705 10 MENIT KE POM BENSIN
\u2705 BEBAS BANJIR , DEKAT DENGAN RUMAH IBADAH,RUMAH MAKAN SEKOLAH,MINIMARKET

COCOK UNTUK KELUARGA KECIL
PDAM TINGGAL PASANG"
22-08-2023,589,88,3,2,0,1,"Talang Kelapa, Banyuasin",SHM,Lainnya Watt,,550000000,https://www.rumah123.com/properti/banyuasin/hos14520240/,"Di Jual Rumah di
Jl. Pangeran Ayin Kel. Kenten Kec. Talang Kelapa Kota Palembang
Luas Tanah 589 M2
Luas Bangunan 88 M2
Harga Jual Rp. 550.000.xxx"
11-09-2023,276,828,3,2,2,0,"Banyuasin I, Banyuasin",SHM,3500,Barat,2000000000,https://www.rumah123.com/properti/banyuasin/hos14713169/#,"Dijual Murah Rumah Kenten Laut Palembang Harga Nego

Dijual Rumah Lokasi Perum Graha Kavling Jaya
Jalan PU Kenten Laut Palembang, Sumatera Selatan

- Luas Tanah : 276 (20 x 13,5)
- Luas Bangunan : 828 (276 x 3 lantai)
- Kamar Tidur : 3
- Kamar Mandi : 2
- Ruang Keluarga : 2
- Garasi : 5 mobil
- 3500 Watt
- Hadap : Barat (bagian depan)
- Hadap : Timur (bagian belakang)
- SHM

Keunggulan :
- Dekat dengan Depati Bahrin, Kenten Laut
- Tersedia Indomaret, Alfamart (24 jam), dll.

Harga Jual 2M (Nego Sampai Deal)"
12-09-2023,84,84,2,2,0,1,"Talang Kelapa, Banyuasin",SHM,2200,,775000000,https://www.rumah123.com/properti/banyuasin/hos14751998/,"Rumah Dijual Banyuasin Hunian komersil di kota Palembang harga terjangkau? Golden Land solusi nya!

Promo cuma2 diskon 10% untuk segala jenis rumah & gratis biaya akad sampe 15 jt

Tunggu apa lagi ?? Buruan kepoin dan dapatkan unitnya sebelum kehabisan diskonnya!

Tersedia tipe mulai dr 36-75 dan tentunya nyaman banget !!
- Lingkungan sudah tercipta keasrianny, keamanannya sudah terjamin.
- Berada di daerah yg merupakan area perumahan! Areal Tanah Mas"
28-08-2023,100,130,3,1,0,1,"Metro Pusat, Metro",SHM,900,,430000000,https://www.rumah123.com/properti/metro/hos14601282/,RUMAH MURAH STRATEGIS 1½ LANTAI SIAP HUNI PRASHANTI GARDEN METRO LAMPUNG
08-09-2023,265,225,2,2,0,2,"Metro Barat, Metro",SHM,Lainnya Watt,,1500000000,https://www.rumah123.com/properti/metro/hos14723010/#,Rumah di 22 Metro
15-08-2023,230,150,3,2,1,1,"Yosodadi, Metro",SHM,2200,,680000000,https://www.rumah123.com/properti/metro/hos13164294/,"Rumah ready Metro Lampung di Jl. AH Nasution, ful furnish perabot"
28-08-2023,1200,540,5,4,0,3,"Banjar Margo, Tulang Bawang",SHM,Lainnya Watt,,2300000000,https://www.rumah123.com/properti/tulang-bawang/hos14610973/,Rumah di Tulang Bawang
03-07-2023,90,60,2,1,0,1,"Metro Pusat, Metro",SHM,3500,,900000000,https://www.rumah123.com/properti/metro/hos10390496/,Rumah minimalis di pusat kota metro
06-08-2023,228,280,6,5,1,0,"Metro Pusat, Metro",SHM,4400,,2900000000,https://www.rumah123.com/properti/metro/hos14423429/,"Rumah 2 Lantai Bagus Semi Furnished SHM di Cut Nyak Dien, Metro"
07-09-2023,1140,1400,11,6,1,3,"Metro Barat, Metro","Lainnya (PPJB,Girik,Adat,dll)",Lainnya Watt,,11000000000,https://www.rumah123.com/properti/metro/hos14364993/,"Rumah 2 Lantai Jl. Veteran Hadimulyo, Metro Barat, Kota Metro"
18-09-2023,850,455,3,3,4,6,"Metro Barat, Metro",SHM,1300,,1700000000,https://www.rumah123.com/properti/metro/hos13895342/,Rumah Dgn Halaman Luas Asri Di Metro Barat Lampung
18-7-2023,225,345,2,1,0,1,"Gedong Tataan, Pesawaran",SHM,Lainnya Watt,,250000000,https://www.rumah123.com/properti/pesawaran/hos14255348/,"Depan pasar bernung
lokasi pingir jalan utama
depan jalan aspal
LOKASI BEBAS BANJIR
stok terbatas"
18-7-2023,72,30,2,1,0,1,"Gedong Tataan, Pesawaran",SHM,Lainnya Watt,,150000000,https://www.rumah123.com/properti/pesawaran/hos14255347/,"rumah murah bernung
skema KPR ; BOOKING SATU JUTA
angsuran subsidi 900 ribuan
depan pasar bernung
jalan utama protokol
LOKASI BEBAS BANJIR
stok terbatas"
21-6-2023,96,47,2,1,0,1,"Gedong Tataan, Pesawaran",SHM,1300,,430000000,https://www.rumah123.com/properti/pesawaran/hos14058702/,"Rumah Great Home Vilage Dijual Cepat
Rumah Dijual Cepat
Rumah Gedong Tataan Dijual Cepat
Rumah Pesawaran Dijual Cepat
Listrik 1300 VA
Bor"
19-9-2023,72,36,2,1,1,0,"Gedong Tataan, Pesawaran",SHM,900,,150000000,https://www.rumah123.com/properti/pesawaran/hos9786032/,Dijual Perumahan subsidi dp 0% tanda jadi 1 jutaan. Ready stok perumahan bersubsidi dengan lokasi sangat strategis lingkungan aman dan nyaman
8-7-2023,72,36,2,1,0,1,"Gedong Tataan, Pesawaran",SHM,1300,,165000000,https://www.rumah123.com/properti/pesawaran/hos9439904/,"Rumah Subsidi dekat dengan rumah sakit jiwa kemiling. Jual rumah subsidi lokasi dekat rsj kemiling , unit tidak banyak, dekat ke kota bndr lampung"
6-6-2023,525,300,1,1,0,1,"Gedong Tataan, Pesawaran",SHM,1300,,2000000000,https://www.rumah123.com/properti/pesawaran/hos7743776/,"rumah walet di pinggir jalan pesawaran. dijual cepat rumah walet di pinggir jalan pesawaran
luas tanah 525 m2
luas bangunan 300 m2
ada rumah jaga 100 m2
listrik 1300 W
tembok keliling
pinggir jalan raya
air sumur bor
sertipikat hak milik

Harga Rp. 2 M
nego

hub Rama
Global property Lampung
0721 788544
0812 72 888 157
0823 7960 7xxx"
6-6-2023,375,300,5,4,1,0,"Gunung Terang, Tulang Bawang Barat",SHM,1300,Utara,750000000,https://www.rumah123.com/properti/tulang-bawang-barat/hos11973564/,"Rumah Murah Banget Jl. Purnawirawan, Gunung Terang. House for Sale :
Jl. Purnawirawan, Gunung Terang, Langkapura, Lampung
Lokasi berada di depan kantor Lurah dan puskesmas gunung terang
Terdapat 2 bangunan rumah
Lt/Lb: 375M2/300M2
Legalitas : SHM
Kt : 5 / Km: 4
Rumah pertama dibangun pada tahun 2000
Rumah kedua dibangun pada tahun 2018
Masing- masing rumah memiliki listrik 1.300 watt
Kios / toko 1 unit ukuran 4m X 3m
Rumah hadap utara
Garasi 1 mobil
Lahan parkir di halaman muat 4 mobil
Harga Rp.750.000.xxx,- Net
/ch.julMM/ow.purwnt/21222"
24-8-2023,800,120,2,1,0,1,"Tulang Bawang Udik, Tulang Bawang Barat",SHM,Lainnya Watt,,350000000,https://www.rumah123.com/properti/tulang-bawang-barat/hos11642130/,Rumah Murah Tulang Bawang
05-07-2023,495,200,7,3,1,3,"Lawang Kidul, Muara Enim",SHM,33000,,1600000000,https://www.rumah123.com/properti/muara-enim/hos14151974/ ,"DIJUAL RUMAH MEWAH DAN LUAS, 5 MENIT KE PUSAT KOTA MUARA ENIM

SHM LT 495 / LB 200

Spesifikasi bangunan:
7 kamar tidur
2 kamar mandi luar
1 kamar mandi dalam
Ruang tamu
Ruang keluarga
Dapur
Garasi (Muat 2 mobil dan motor)
Air PDAM dan sumur
Halaman depan dan samping luas (Muat 3 mobil)

Fasilitas umum:
Dekat dengan SPBU, Rumah Sakit, Terminal Regional, Hotel, Tempat Ibadah, Minimarket, Sekolah, Klinik Kesehatan, Pasar."
01-08-2023,168,128,3,2,0,1,"Lawang Kidul, Muara Enim",SHM,1300,,550000000,https://www.rumah123.com/properti/muara-enim/hos14377690/,"DIJUAL RUMAH LUAS DI DARUSSALAM
Status: SHM
Luas bangunan: 128 m2
Luas tanah: 168 m2
Spesifikasi bangunan:
3 kamar tidur
1 kamar mandi dalam kamar
1 kamar mandi luar kamar
Ruang tamu
Ruang makan
Ruang laundry
Dapur
Carport
Air PDAM dan Sumur
FULL FURNISHED (3 AC, 3 lemari pakaian, 3 kasur, meja makan, tv, instalasi gas alam, sofa, dll)
Fasilitas umum:
Minimarket, Sekolah, Masjid, Rumah Sakit."
01-08-2023,500,270,3,2,0,0,"Lawang Kidul, Muara Enim",SHM,1300,,1500000000,https://www.rumah123.com/properti/muara-enim/hos14377289/,"Rumah dekat dengan fasilitas umum, Dekat dengan terimal kota, Stasiun KAI, Minimarket, Sekolah, Masjid, Klinik Kesehatan"
31-07-2023,90,45,2,1,0,1,"Lawang Kidul, Muara Enim",SHM,13200,,467000000,https://www.rumah123.com/properti/muara-enim/hos14361593/,"Perumahan Cluster Minimalis Lokasi Strategis Tengah Kota Muara Enim

Dijamin superstrategis hanya 3 menit ke stasiun KAI dan terminal bus. Angsuran Mulai dari 3 Jutaan saja."
15-09-2023,135,45,2,1,0,1,"Muara Belida, Muara Enim",SHM,1300,,250000000,https://www.rumah123.com/properti/muara-enim/hos13558180/,"Rumah Baru komersil
SIAP HUNI
Lokasi Sangat Strategis"
20-04-2023,104,36,2,1,0,1,"Belida Darat, Muara Enim",SHM,1300,,198000000,https://www.rumah123.com/properti/muara-enim/hos9902021/,"Rumah komersil
Desain modern
Lokasi Sangat Strategis Tengah Kota"
04-09-2023,300,285,4,3,0,1,"Lawang Kidul, Muara Enim",SHM,2200,,950000000,https://www.rumah123.com/properti/muara-enim/hos14680003/,"DIJUAL RUMAH DI PUSAT KOTA MUARA ENIM
SHM LT 300 / LB 285

Spesifikasi bangunan:
4 kamar tidur
1 kamar mandi luar
2 kamar mandi dalam
Ruang tamu
Ruang keluarga
Dapur
Carport (Muat 1 mobil dan beberapa motor)
Air PDAM dan sumur

Fasilitas umum:
1 menit ke RSUD
1 menit ke POLRES
1 menit ke MAN 1 Muara Enim
1 menit ke Minimarket
1 menit ke Pasar
1 menit ke Masjid"
04-07-2023,72,36,2,1,0,0,"Pringsewu, Pringsewu",SHM,1300,,30000000,https://www.rumah123.com/properti/pringsewu/hos14072515/,"Rumah Dijual Pringsewu Rumah di jual dengan take over dari bank mandiri.

- Rumah sudah di bangun dapur
- Dekat Pasar Pringsewu dan terminal
- Jalan Perumahan sudah di beton
- Keamanan 24 jam ."
08-09-2023,453,250,5,3,1,0,"Pringsewu, Pringsewu",SHM,Lainnya Watt,,2750000000,https://www.rumah123.com/properti/pringsewu/hos12022773/,Rumah di Pringsewu
07-09-2023,423,200,5,3,0,0,"Pringsewu, Pringsewu","Lainnya (PPJB,Girik,Adat,dll)",Lainnya Watt,,750000000,https://www.rumah123.com/properti/pringsewu/hos13715104/,"Dijual Tanah dan Bangunan di daerah Pringsewu
• LT : 423 m2
• LB : 200 m2
• Listrik 900VA
• Air Sumur & PAM

Jika berminat atau ingin bertanya seputar bangunan ini,
Silahkan hubungi :
Philipus (Property Consultant) di Whatsapp 0853-6828-6xxx"